finding_id,page_id,website_id,rule_id,wcag_sc,wcag_level,impact_label,affected_node_count,selector,finding_signature,validation_status
F000001,P001,W01,color-contrast,1.4.3,AA,serious,16,"cms\:widgets[name=""widget_home_kiri_atas""] > cms\:render > .cms-berita-col.mb-3 > .cms-berita-element.cms-berita-list.news-list-arrow > ul > .widget-berita-terkini-li-big > .widget-berita-terkini-tanggal",53fb0c2c9ed6239a,auto-detected
F000002,P001,W01,color-contrast,1.4.3,AA,serious,16,"cms\:widgets[name=""widget_home_kiri_atas""] > cms\:render > .cms-berita-col.mb-3 > .cms-berita-element.cms-berita-list.news-list-arrow > ul > .widget-berita-terkini-li:nth-child(2) > .widget-berita-terkini-has-thumb > .widget-berita-terkini-tanggal",74547ca450c0b30c,auto-detected
F000003,P001,W01,color-contrast,1.4.3,AA,serious,16,"cms\:widgets[name=""widget_home_kiri_atas""] > cms\:render > .cms-berita-col.mb-3 > .cms-berita-element.cms-berita-list.news-list-arrow > ul > .widget-berita-terkini-li:nth-child(3) > .widget-berita-terkini-has-thumb > .widget-berita-terkini-tanggal",7c7963121775268c,auto-detected
F000004,P001,W01,color-contrast,1.4.3,AA,serious,16,"cms\:widgets[name=""widget_home_kiri_atas""] > cms\:render > .cms-berita-col.mb-3 > .cms-berita-element.cms-berita-list.news-list-arrow > ul > .widget-berita-terkini-li:nth-child(4) > .widget-berita-terkini-has-thumb > .widget-berita-terkini-tanggal",65fb7742bb30594a,auto-detected
F000005,P001,W01,color-contrast,1.4.3,AA,serious,16,"cms\:widgets[name=""widget_home_kanan_atas""] > cms\:render > .cms-berita-col.mb-3 > .cms-berita-element.cms-berita-list.news-list-arrow > ul > .widget-berita-terkini-li-big > .widget-berita-terkini-tanggal",89fa035770fe9688,auto-detected
F000006,P001,W01,color-contrast,1.4.3,AA,serious,16,"cms\:widgets[name=""widget_home_kanan_atas""] > cms\:render > .cms-berita-col.mb-3 > .cms-berita-element.cms-berita-list.news-list-arrow > ul > .widget-berita-terkini-li:nth-child(2) > .widget-berita-terkini-has-thumb > .widget-berita-terkini-tanggal",01beeec31353eace,auto-detected
F000007,P001,W01,color-contrast,1.4.3,AA,serious,16,"cms\:widgets[name=""widget_home_kanan_atas""] > cms\:render > .cms-berita-col.mb-3 > .cms-berita-element.cms-berita-list.news-list-arrow > ul > .widget-berita-terkini-li:nth-child(3) > .widget-berita-terkini-has-thumb > .widget-berita-terkini-tanggal",c185c05e917ae8e9,auto-detected
F000008,P001,W01,color-contrast,1.4.3,AA,serious,16,"cms\:widgets[name=""widget_home_kanan_atas""] > cms\:render > .cms-berita-col.mb-3 > .cms-berita-element.cms-berita-list.news-list-arrow > ul > .widget-berita-terkini-li:nth-child(4) > .widget-berita-terkini-has-thumb > .widget-berita-terkini-tanggal",714c97584c780a9d,auto-detected
F000009,P001,W01,color-contrast,1.4.3,AA,serious,16,"cms\:widgets[name=""widget_home_kiri_bawah""] > cms\:render > .cms-berita-col.mb-3 > .cms-berita-element.cms-berita-list.news-list-arrow > ul > .widget-berita-terkini-li-big > .widget-berita-terkini-tanggal",e73a7547e06c661a,auto-detected
F000010,P001,W01,color-contrast,1.4.3,AA,serious,16,"cms\:widgets[name=""widget_home_kiri_bawah""] > cms\:render > .cms-berita-col.mb-3 > .cms-berita-element.cms-berita-list.news-list-arrow > ul > .widget-berita-terkini-li:nth-child(2) > .widget-berita-terkini-has-thumb > .widget-berita-terkini-tanggal",d7250982f00ba257,auto-detected
F000011,P001,W01,color-contrast,1.4.3,AA,serious,16,"cms\:widgets[name=""widget_home_kiri_bawah""] > cms\:render > .cms-berita-col.mb-3 > .cms-berita-element.cms-berita-list.news-list-arrow > ul > .widget-berita-terkini-li:nth-child(3) > .widget-berita-terkini-has-thumb > .widget-berita-terkini-tanggal",4221099c99e2134d,auto-detected
F000012,P001,W01,color-contrast,1.4.3,AA,serious,16,"cms\:widgets[name=""widget_home_kiri_bawah""] > cms\:render > .cms-berita-col.mb-3 > .cms-berita-element.cms-berita-list.news-list-arrow > ul > .widget-berita-terkini-li:nth-child(4) > .widget-berita-terkini-has-thumb > .widget-berita-terkini-tanggal",fa90dc4d28835c8c,auto-detected
F000013,P001,W01,color-contrast,1.4.3,AA,serious,16,"cms\:widgets[name=""widget_home_kanan_bawah""] > cms\:render > .cms-berita-col.mb-3 > .cms-berita-element.cms-berita-list.news-list-arrow > ul > .widget-berita-terkini-li-big > .widget-berita-terkini-tanggal",7f1d8f8ff73147d1,auto-detected
F000014,P001,W01,color-contrast,1.4.3,AA,serious,16,"cms\:widgets[name=""widget_home_kanan_bawah""] > cms\:render > .cms-berita-col.mb-3 > .cms-berita-element.cms-berita-list.news-list-arrow > ul > .widget-berita-terkini-li:nth-child(2) > .widget-berita-terkini-has-thumb > .widget-berita-terkini-tanggal",b9c85a3bc6563eae,auto-detected
F000015,P001,W01,color-contrast,1.4.3,AA,serious,16,"cms\:widgets[name=""widget_home_kanan_bawah""] > cms\:render > .cms-berita-col.mb-3 > .cms-berita-element.cms-berita-list.news-list-arrow > ul > .widget-berita-terkini-li:nth-child(3) > .widget-berita-terkini-has-thumb > .widget-berita-terkini-tanggal",b1754aff8274ecf2,auto-detected
F000016,P001,W01,color-contrast,1.4.3,AA,serious,16,"cms\:widgets[name=""widget_home_kanan_bawah""] > cms\:render > .cms-berita-col.mb-3 > .cms-berita-element.cms-berita-list.news-list-arrow > ul > .widget-berita-terkini-li:nth-child(4) > .widget-berita-terkini-has-thumb > .widget-berita-terkini-tanggal",14b1fa5243ea9e81,auto-detected
F000017,P001,W01,frame-title,4.1.2,A,serious,4,"iframe[width=""340""][height=""220""]:nth-child(4)",83891192f6c82843,auto-detected
F000018,P001,W01,frame-title,4.1.2,A,serious,4,"iframe[width=""340""][height=""220""]:nth-child(7)",f55fb94eeb3348a0,auto-detected
F000019,P001,W01,frame-title,4.1.2,A,serious,4,"iframe[width=""340""][height=""220""]:nth-child(10)",9641c41491932263,auto-detected
F000020,P001,W01,frame-title,4.1.2,A,serious,4,"iframe[width=""400""]",5939abfe918ba51c,auto-detected
F000021,P001,W01,heading-order,,,moderate,2,".slick-slide[data-slick-index=""0""][aria-hidden=""true""] > div > .cbp-item.rf-cursor-pointer.berita-t > .cbp-item-wrapper > .cbp-caption > article > .w-100.justify-content-between > .media.align-items-center > .media-body > .h4",dac4a4b7c483de29,auto-detected
F000022,P001,W01,heading-order,,,moderate,2,.cms-media-card-header > h6,3f868b90a38a62f7,auto-detected
F000023,P001,W01,image-alt,1.1.1,A,critical,29,.logo-header-img,4331689815b0e43c,auto-detected
F000024,P001,W01,image-alt,1.1.1,A,critical,29,".slick-current.slick-active[data-slick-index=""0""] > div > .js-slide > a[href=""""] > .banner-cover.owl-lazy[loading=""lazy""]",bdea54cfac37ba63,auto-detected
F000025,P001,W01,image-alt,1.1.1,A,critical,29,"cms\:widgets[name=""widget_home_kiri_atas""] > cms\:render > .cms-berita-col.mb-3 > .cms-berita-element.cms-berita-list.news-list-arrow > ul > .widget-berita-terkini-li-big > .progressive.replace > .widget-berita-terkini-big-thumb.preview[loading=""lazy""]",7bc30e8924875677,auto-detected
F000026,P001,W01,image-alt,1.1.1,A,critical,29,"cms\:widgets[name=""widget_home_kiri_atas""] > cms\:render > .cms-berita-col.mb-3 > .cms-berita-element.cms-berita-list.news-list-arrow > ul > .widget-berita-terkini-li:nth-child(2) > div:nth-child(1) > .progressive.replace > .widget-berita-terkini-thumb.preview[loading=""lazy""]",08dec8f6e9d54f77,auto-detected
F000027,P001,W01,image-alt,1.1.1,A,critical,29,"cms\:widgets[name=""widget_home_kiri_atas""] > cms\:render > .cms-berita-col.mb-3 > .cms-berita-element.cms-berita-list.news-list-arrow > ul > .widget-berita-terkini-li:nth-child(3) > div:nth-child(1) > .progressive.replace > .widget-berita-terkini-thumb.preview[loading=""lazy""]",a5786e876df99ebe,auto-detected
F000028,P001,W01,image-alt,1.1.1,A,critical,29,"cms\:widgets[name=""widget_home_kiri_atas""] > cms\:render > .cms-berita-col.mb-3 > .cms-berita-element.cms-berita-list.news-list-arrow > ul > .widget-berita-terkini-li:nth-child(4) > div:nth-child(1) > .progressive.replace > .widget-berita-terkini-thumb.preview[loading=""lazy""]",9f4df3496c541a4e,auto-detected
F000029,P001,W01,image-alt,1.1.1,A,critical,29,"cms\:widgets[name=""widget_home_kanan_atas""] > cms\:render > .cms-berita-col.mb-3 > .cms-berita-element.cms-berita-list.news-list-arrow > ul > .widget-berita-terkini-li-big > .progressive.replace > .widget-berita-terkini-big-thumb.preview[loading=""lazy""]",d6696f456461c5aa,auto-detected
F000030,P001,W01,image-alt,1.1.1,A,critical,29,"cms\:widgets[name=""widget_home_kanan_atas""] > cms\:render > .cms-berita-col.mb-3 > .cms-berita-element.cms-berita-list.news-list-arrow > ul > .widget-berita-terkini-li:nth-child(2) > div:nth-child(1) > .progressive.replace > .widget-berita-terkini-thumb.preview[loading=""lazy""]",f8a6e88e64476fe9,auto-detected
F000031,P001,W01,image-alt,1.1.1,A,critical,29,"cms\:widgets[name=""widget_home_kanan_atas""] > cms\:render > .cms-berita-col.mb-3 > .cms-berita-element.cms-berita-list.news-list-arrow > ul > .widget-berita-terkini-li:nth-child(3) > div:nth-child(1) > .progressive.replace > .widget-berita-terkini-thumb.preview[loading=""lazy""]",3f69fa79328117f9,auto-detected
F000032,P001,W01,image-alt,1.1.1,A,critical,29,"cms\:widgets[name=""widget_home_kanan_atas""] > cms\:render > .cms-berita-col.mb-3 > .cms-berita-element.cms-berita-list.news-list-arrow > ul > .widget-berita-terkini-li:nth-child(4) > div:nth-child(1) > .progressive.replace > .widget-berita-terkini-thumb.preview[loading=""lazy""]",f54b89d34f429073,auto-detected
F000033,P001,W01,image-alt,1.1.1,A,critical,29,"cms\:widgets[name=""widget_home_kiri_bawah""] > cms\:render > .cms-berita-col.mb-3 > .cms-berita-element.cms-berita-list.news-list-arrow > ul > .widget-berita-terkini-li-big > .progressive.replace > .widget-berita-terkini-big-thumb.preview[loading=""lazy""]",5509009f7a3d872e,auto-detected
F000034,P001,W01,image-alt,1.1.1,A,critical,29,"cms\:widgets[name=""widget_home_kiri_bawah""] > cms\:render > .cms-berita-col.mb-3 > .cms-berita-element.cms-berita-list.news-list-arrow > ul > .widget-berita-terkini-li:nth-child(2) > div:nth-child(1) > .progressive.replace > .widget-berita-terkini-thumb.preview[loading=""lazy""]",4dff12333f3c32b0,auto-detected
F000035,P001,W01,image-alt,1.1.1,A,critical,29,"cms\:widgets[name=""widget_home_kiri_bawah""] > cms\:render > .cms-berita-col.mb-3 > .cms-berita-element.cms-berita-list.news-list-arrow > ul > .widget-berita-terkini-li:nth-child(3) > div:nth-child(1) > .progressive.replace > .widget-berita-terkini-thumb.preview[loading=""lazy""]",2198204577880474,auto-detected
F000036,P001,W01,image-alt,1.1.1,A,critical,29,"cms\:widgets[name=""widget_home_kiri_bawah""] > cms\:render > .cms-berita-col.mb-3 > .cms-berita-element.cms-berita-list.news-list-arrow > ul > .widget-berita-terkini-li:nth-child(4) > div:nth-child(1) > .progressive.replace > .widget-berita-terkini-thumb.preview[loading=""lazy""]",f55a6fec1f07d174,auto-detected
F000037,P001,W01,image-alt,1.1.1,A,critical,29,"cms\:widgets[name=""widget_home_kanan_bawah""] > cms\:render > .cms-berita-col.mb-3 > .cms-berita-element.cms-berita-list.news-list-arrow > ul > .widget-berita-terkini-li-big > .progressive.replace > .widget-berita-terkini-big-thumb.preview[loading=""lazy""]",30e14a0a8c692f23,auto-detected
F000038,P001,W01,image-alt,1.1.1,A,critical,29,"cms\:widgets[name=""widget_home_kanan_bawah""] > cms\:render > .cms-berita-col.mb-3 > .cms-berita-element.cms-berita-list.news-list-arrow > ul > .widget-berita-terkini-li:nth-child(2) > div:nth-child(1) > .progressive.replace > .widget-berita-terkini-thumb.preview[loading=""lazy""]",ac5a42c7cad69f21,auto-detected
F000039,P001,W01,image-alt,1.1.1,A,critical,29,"cms\:widgets[name=""widget_home_kanan_bawah""] > cms\:render > .cms-berita-col.mb-3 > .cms-berita-element.cms-berita-list.news-list-arrow > ul > .widget-berita-terkini-li:nth-child(3) > div:nth-child(1) > .progressive.replace > .widget-berita-terkini-thumb.preview[loading=""lazy""]",c3e58d2af809030a,auto-detected
F000040,P001,W01,image-alt,1.1.1,A,critical,29,"cms\:widgets[name=""widget_home_kanan_bawah""] > cms\:render > .cms-berita-col.mb-3 > .cms-berita-element.cms-berita-list.news-list-arrow > ul > .widget-berita-terkini-li:nth-child(4) > div:nth-child(1) > .progressive.replace > .widget-berita-terkini-thumb.preview[loading=""lazy""]",c618818b1576e5ae,auto-detected
F000041,P001,W01,image-alt,1.1.1,A,critical,29,.gpr_panel_head_img,8f53e9337aa0451b,auto-detected
F000042,P001,W01,image-alt,1.1.1,A,critical,29,.gpr_item:nth-child(1) > .gpr_panel_left > .gpr_panel_img,2152221f8b81ea1d,auto-detected
F000043,P001,W01,image-alt,1.1.1,A,critical,29,.gpr_item:nth-child(2) > .gpr_panel_left > .gpr_panel_img,8cde214994300102,auto-detected
F000044,P001,W01,image-alt,1.1.1,A,critical,29,.gpr_item:nth-child(3) > .gpr_panel_left > .gpr_panel_img,c30a59d470032a0a,auto-detected
F000045,P001,W01,image-alt,1.1.1,A,critical,29,.gpr_item:nth-child(4) > .gpr_panel_left > .gpr_panel_img,9c5cad2d2bb5c44c,auto-detected
F000046,P001,W01,image-alt,1.1.1,A,critical,29,.gpr_item:nth-child(5) > .gpr_panel_left > .gpr_panel_img,1b9a3f020a749477,auto-detected
F000047,P001,W01,image-alt,1.1.1,A,critical,29,.gpr_item:nth-child(6) > .gpr_panel_left > .gpr_panel_img,6ea765cc9b0cbd18,auto-detected
F000048,P001,W01,image-alt,1.1.1,A,critical,29,.gpr_item:nth-child(7) > .gpr_panel_left > .gpr_panel_img,009199844bcb548e,auto-detected
F000049,P001,W01,image-alt,1.1.1,A,critical,29,.gpr_item:nth-child(8) > .gpr_panel_left > .gpr_panel_img,ea078ef25387ded4,auto-detected
F000050,P001,W01,image-alt,1.1.1,A,critical,29,.gpr_item:nth-child(9) > .gpr_panel_left > .gpr_panel_img,add484a7d598eaa9,auto-detected
F000051,P001,W01,image-alt,1.1.1,A,critical,29,.gpr_item:nth-child(10) > .gpr_panel_left > .gpr_panel_img,caa97b87a4df0b83,auto-detected
F000052,P001,W01,landmark-unique,,,moderate,1,.nav-logo,541ff375e003b697,auto-detected
F000053,P001,W01,link-name,2.4.4;4.1.2,A,serious,18,"cms\:render > a[href=""/""]",dcf0e58d8ca6c35d,auto-detected
F000054,P001,W01,link-name,2.4.4;4.1.2,A,serious,18,".slick-current.slick-active[data-slick-index=""0""] > div > .js-slide > a[href=""""]",c6c25632dd67f2d2,auto-detected
F000055,P001,W01,link-name,2.4.4;4.1.2,A,serious,18,"cms\:widgets[name=""widget_home_kiri_atas""] > cms\:render > .cms-berita-col.mb-3 > .cms-berita-element.cms-berita-list.news-list-arrow > ul > .widget-berita-terkini-li-big > .progressive.replace",228b656e63a38db1,auto-detected
F000056,P001,W01,link-name,2.4.4;4.1.2,A,serious,18,"cms\:widgets[name=""widget_home_kiri_atas""] > cms\:render > .cms-berita-col.mb-3 > .cms-berita-element.cms-berita-list.news-list-arrow > ul > .widget-berita-terkini-li:nth-child(2) > div:nth-child(1) > .progressive.replace",850ce0b6ab2c3354,auto-detected
F000057,P001,W01,link-name,2.4.4;4.1.2,A,serious,18,"cms\:widgets[name=""widget_home_kiri_atas""] > cms\:render > .cms-berita-col.mb-3 > .cms-berita-element.cms-berita-list.news-list-arrow > ul > .widget-berita-terkini-li:nth-child(3) > div:nth-child(1) > .progressive.replace",b9bec3a7d16fbb96,auto-detected
F000058,P001,W01,link-name,2.4.4;4.1.2,A,serious,18,"cms\:widgets[name=""widget_home_kiri_atas""] > cms\:render > .cms-berita-col.mb-3 > .cms-berita-element.cms-berita-list.news-list-arrow > ul > .widget-berita-terkini-li:nth-child(4) > div:nth-child(1) > .progressive.replace",d2cada71fe03d836,auto-detected
F000059,P001,W01,link-name,2.4.4;4.1.2,A,serious,18,"cms\:widgets[name=""widget_home_kanan_atas""] > cms\:render > .cms-berita-col.mb-3 > .cms-berita-element.cms-berita-list.news-list-arrow > ul > .widget-berita-terkini-li-big > .progressive.replace",f297a2cc5bb5e54d,auto-detected
F000060,P001,W01,link-name,2.4.4;4.1.2,A,serious,18,"cms\:widgets[name=""widget_home_kanan_atas""] > cms\:render > .cms-berita-col.mb-3 > .cms-berita-element.cms-berita-list.news-list-arrow > ul > .widget-berita-terkini-li:nth-child(2) > div:nth-child(1) > .progressive.replace",d8480c7eb2af8708,auto-detected
F000061,P001,W01,link-name,2.4.4;4.1.2,A,serious,18,"cms\:widgets[name=""widget_home_kanan_atas""] > cms\:render > .cms-berita-col.mb-3 > .cms-berita-element.cms-berita-list.news-list-arrow > ul > .widget-berita-terkini-li:nth-child(3) > div:nth-child(1) > .progressive.replace",0b8029ceb9f6c7b2,auto-detected
F000062,P001,W01,link-name,2.4.4;4.1.2,A,serious,18,"cms\:widgets[name=""widget_home_kanan_atas""] > cms\:render > .cms-berita-col.mb-3 > .cms-berita-element.cms-berita-list.news-list-arrow > ul > .widget-berita-terkini-li:nth-child(4) > div:nth-child(1) > .progressive.replace",a64ddd051ecc6bd1,auto-detected
F000063,P001,W01,link-name,2.4.4;4.1.2,A,serious,18,"cms\:widgets[name=""widget_home_kiri_bawah""] > cms\:render > .cms-berita-col.mb-3 > .cms-berita-element.cms-berita-list.news-list-arrow > ul > .widget-berita-terkini-li-big > .progressive.replace",75690320e5d651ff,auto-detected
F000064,P001,W01,link-name,2.4.4;4.1.2,A,serious,18,"cms\:widgets[name=""widget_home_kiri_bawah""] > cms\:render > .cms-berita-col.mb-3 > .cms-berita-element.cms-berita-list.news-list-arrow > ul > .widget-berita-terkini-li:nth-child(2) > div:nth-child(1) > .progressive.replace",b95874ceaa815de8,auto-detected
F000065,P001,W01,link-name,2.4.4;4.1.2,A,serious,18,"cms\:widgets[name=""widget_home_kiri_bawah""] > cms\:render > .cms-berita-col.mb-3 > .cms-berita-element.cms-berita-list.news-list-arrow > ul > .widget-berita-terkini-li:nth-child(3) > div:nth-child(1) > .progressive.replace",a7d50637d945c911,auto-detected
F000066,P001,W01,link-name,2.4.4;4.1.2,A,serious,18,"cms\:widgets[name=""widget_home_kiri_bawah""] > cms\:render > .cms-berita-col.mb-3 > .cms-berita-element.cms-berita-list.news-list-arrow > ul > .widget-berita-terkini-li:nth-child(4) > div:nth-child(1) > .progressive.replace",d60e4c2ddb5fbaf5,auto-detected
F000067,P001,W01,link-name,2.4.4;4.1.2,A,serious,18,"cms\:widgets[name=""widget_home_kanan_bawah""] > cms\:render > .cms-berita-col.mb-3 > .cms-berita-element.cms-berita-list.news-list-arrow > ul > .widget-berita-terkini-li-big > .progressive.replace",bc3f957730708c47,auto-detected
F000068,P001,W01,link-name,2.4.4;4.1.2,A,serious,18,"cms\:widgets[name=""widget_home_kanan_bawah""] > cms\:render > .cms-berita-col.mb-3 > .cms-berita-element.cms-berita-list.news-list-arrow > ul > .widget-berita-terkini-li:nth-child(2) > div:nth-child(1) > .progressive.replace",480c91deb1b251a6,auto-detected
F000069,P001,W01,link-name,2.4.4;4.1.2,A,serious,18,"cms\:widgets[name=""widget_home_kanan_bawah""] > cms\:render > .cms-berita-col.mb-3 > .cms-berita-element.cms-berita-list.news-list-arrow > ul > .widget-berita-terkini-li:nth-child(3) > div:nth-child(1) > .progressive.replace",c4c9b5a6eea6502c,auto-detected
F000070,P001,W01,link-name,2.4.4;4.1.2,A,serious,18,"cms\:widgets[name=""widget_home_kanan_bawah""] > cms\:render > .cms-berita-col.mb-3 > .cms-berita-element.cms-berita-list.news-list-arrow > ul > .widget-berita-terkini-li:nth-child(4) > div:nth-child(1) > .progressive.replace",8237c2c5f22e3954,auto-detected
F000071,P001,W01,marquee,2.2.2,A,serious,1,marquee,e134cd6cd00341aa,auto-detected
F000072,P002,W01,button-name,4.1.2,A,critical,1,#btn-search,6fbddba1755993f3,auto-detected
F000073,P002,W01,color-contrast,1.4.3,AA,serious,34,.logo-text-single > cms\:render,ed330900b57fa079,auto-detected
F000074,P002,W01,color-contrast,1.4.3,AA,serious,34,".nav-link[href=""/""][target=""null""]",5d229087b3f2dcf9,auto-detected
F000075,P002,W01,color-contrast,1.4.3,AA,serious,34,"li:nth-child(2) > .nav-link[href=""#""][target=""null""]",4cc9b336a26f0363,auto-detected
F000076,P002,W01,color-contrast,1.4.3,AA,serious,34,"a[href$=""berita""]",2a562be61e913c0b,auto-detected
F000077,P002,W01,color-contrast,1.4.3,AA,serious,34,".navbar-nav > li:nth-child(4) > .nav-link[href=""#""][target=""null""]",6af5fde0162956d8,auto-detected
F000078,P002,W01,color-contrast,1.4.3,AA,serious,34,"a[href$=""widget-ppid""]",687606e7db87b81f,auto-detected
F000079,P002,W01,color-contrast,1.4.3,AA,serious,34,"li:nth-child(6) > .nav-link[href=""#""][target=""null""]",902ae835ee952517,auto-detected
F000080,P002,W01,color-contrast,1.4.3,AA,serious,34,"li:nth-child(7) > .nav-link[href=""#""][target=""null""]",879ab12931b9bc7f,auto-detected
F000081,P002,W01,color-contrast,1.4.3,AA,serious,34,"li:nth-child(8) > .nav-link[href=""#""][target=""null""]",bc8368ba46b8de43,auto-detected
F000082,P002,W01,color-contrast,1.4.3,AA,serious,34,"li:nth-child(9) > .nav-link[href=""#""][target=""null""]",08581a13b7f71388,auto-detected
F000083,P002,W01,color-contrast,1.4.3,AA,serious,34,"li:nth-child(10) > .nav-link[href=""#""][target=""null""]",e2be4773d2929dbb,auto-detected
F000084,P002,W01,color-contrast,1.4.3,AA,serious,34,"li:nth-child(11) > .nav-link[href=""#""][target=""null""]",3fa7e457bce59f81,auto-detected
F000085,P002,W01,color-contrast,1.4.3,AA,serious,34,"a[href$=""agenda""]",da251f7bbaab32ab,auto-detected
F000086,P002,W01,color-contrast,1.4.3,AA,serious,34,"a[href$=""pengemuman""]",c20199041d639752,auto-detected
F000087,P002,W01,color-contrast,1.4.3,AA,serious,34,"a[href$=""kontak""]",9415ba13d75b608d,auto-detected
F000088,P002,W01,color-contrast,1.4.3,AA,serious,34,".navbar-nav > li:nth-child(15) > .nav-link[target=""null""][data-toggle=""tooltip""]",3319c6899e677f35,auto-detected
F000089,P002,W01,color-contrast,1.4.3,AA,serious,34,".navbar-nav > li:nth-child(16) > .nav-link[target=""null""][data-toggle=""tooltip""]",0acb7359936c6d25,auto-detected
F000090,P002,W01,color-contrast,1.4.3,AA,serious,34,"li:nth-child(17) > .nav-link[href=""#""][target=""null""]",e9d848c2c5716f8d,auto-detected
F000091,P002,W01,color-contrast,1.4.3,AA,serious,34,"li:nth-child(18) > .nav-link[target=""_self""][data-toggle=""tooltip""]",3e9fec314ed6d0cc,auto-detected
F000092,P002,W01,color-contrast,1.4.3,AA,serious,34,#cms-comment-comments-count,264eec3e25162feb,auto-detected
F000093,P002,W01,color-contrast,1.4.3,AA,serious,34,.cms-comment-policy-tweet,df93022086525bb0,auto-detected
F000094,P002,W01,color-contrast,1.4.3,AA,serious,34,.cms-comment-sort-policy-info,6b09d8c8d4548d58,auto-detected
F000095,P002,W01,color-contrast,1.4.3,AA,serious,34,#cms-comment-sort-policy-creationdate-asc,42cd9bef90096647,auto-detected
F000096,P002,W01,color-contrast,1.4.3,AA,serious,34,#cms-comment-markdown-button-root,7ef699818ce71ca6,auto-detected
F000097,P002,W01,color-contrast,1.4.3,AA,serious,34,.widget-berita-terkini-li:nth-child(1) > .widget-berita-terkini-has-thumb > .widget-berita-terkini-tanggal,e5ac1ad414c80f99,auto-detected
F000098,P002,W01,color-contrast,1.4.3,AA,serious,34,.widget-berita-terkini-li:nth-child(2) > .widget-berita-terkini-has-thumb > .widget-berita-terkini-tanggal,8c55c7dbe2ee1994,auto-detected
F000099,P002,W01,color-contrast,1.4.3,AA,serious,34,.widget-berita-terkini-li:nth-child(3) > .widget-berita-terkini-has-thumb > .widget-berita-terkini-tanggal,164bf7a09fac19db,auto-detected
F000100,P002,W01,color-contrast,1.4.3,AA,serious,34,.widget-berita-terkini-li:nth-child(4) > .widget-berita-terkini-has-thumb > .widget-berita-terkini-tanggal,a4954abfc942541e,auto-detected
F000101,P002,W01,color-contrast,1.4.3,AA,serious,34,.widget-berita-terkini-li:nth-child(5) > .widget-berita-terkini-has-thumb > .widget-berita-terkini-tanggal,69c5e9903bd58c00,auto-detected
F000102,P002,W01,color-contrast,1.4.3,AA,serious,34,.widget-berita-terkini-li:nth-child(6) > .widget-berita-terkini-has-thumb > .widget-berita-terkini-tanggal,f2fb8101d3c3f86d,auto-detected
F000103,P002,W01,color-contrast,1.4.3,AA,serious,34,.widget-berita-terkini-li:nth-child(7) > .widget-berita-terkini-has-thumb > .widget-berita-terkini-tanggal,f1c554e8738a4c4b,auto-detected
F000104,P002,W01,color-contrast,1.4.3,AA,serious,34,.widget-berita-terkini-li:nth-child(8) > .widget-berita-terkini-has-thumb > .widget-berita-terkini-tanggal,e67f5a077160a77b,auto-detected
F000105,P002,W01,color-contrast,1.4.3,AA,serious,34,.widget-berita-terkini-li:nth-child(9) > .widget-berita-terkini-has-thumb > .widget-berita-terkini-tanggal,cb6b58ddc35e9086,auto-detected
F000106,P002,W01,color-contrast,1.4.3,AA,serious,34,.widget-berita-terkini-li:nth-child(10) > .widget-berita-terkini-has-thumb > .widget-berita-terkini-tanggal,7b3549b88c4679c9,auto-detected
F000107,P002,W01,heading-order,,,moderate,1,.card-body > h3,3d6f7f44fa0e03cd,auto-detected
F000108,P002,W01,image-alt,1.1.1,A,critical,12,.logo-header-img-single,7c18c3a4c6e2e707,auto-detected
F000109,P002,W01,image-alt,1.1.1,A,critical,12,.cms-comment-commenter-avatar,2b2d7766c63dc18d,auto-detected
F000110,P002,W01,image-alt,1.1.1,A,critical,12,".widget-berita-terkini-li:nth-child(1) > div:nth-child(1) > .progressive.replace > .widget-berita-terkini-thumb.preview[loading=""lazy""]",a4ef1cb9aeece670,auto-detected
F000111,P002,W01,image-alt,1.1.1,A,critical,12,".widget-berita-terkini-li:nth-child(2) > div:nth-child(1) > .progressive.replace > .widget-berita-terkini-thumb.preview[loading=""lazy""]",b2a17a17c78bd441,auto-detected
F000112,P002,W01,image-alt,1.1.1,A,critical,12,".widget-berita-terkini-li:nth-child(3) > div:nth-child(1) > .progressive.replace > .widget-berita-terkini-thumb.preview[loading=""lazy""]",3039f83901815552,auto-detected
F000113,P002,W01,image-alt,1.1.1,A,critical,12,".widget-berita-terkini-li:nth-child(4) > div:nth-child(1) > .progressive.replace > .widget-berita-terkini-thumb.preview[loading=""lazy""]",672ecf8bbd4b8095,auto-detected
F000114,P002,W01,image-alt,1.1.1,A,critical,12,".widget-berita-terkini-li:nth-child(5) > div:nth-child(1) > .progressive.replace > .widget-berita-terkini-thumb.preview[loading=""lazy""]",ea9987f6cb8c6888,auto-detected
F000115,P002,W01,image-alt,1.1.1,A,critical,12,".widget-berita-terkini-li:nth-child(6) > div:nth-child(1) > .progressive.replace > .widget-berita-terkini-thumb.preview[loading=""lazy""]",a947cd79a2524749,auto-detected
F000116,P002,W01,image-alt,1.1.1,A,critical,12,".widget-berita-terkini-li:nth-child(7) > div:nth-child(1) > .progressive.replace > .widget-berita-terkini-thumb.preview[loading=""lazy""]",48471c4d41ec0b9d,auto-detected
F000117,P002,W01,image-alt,1.1.1,A,critical,12,".widget-berita-terkini-li:nth-child(8) > div:nth-child(1) > .progressive.replace > .widget-berita-terkini-thumb.preview[loading=""lazy""]",b18f51a3e20eda26,auto-detected
F000118,P002,W01,image-alt,1.1.1,A,critical,12,".widget-berita-terkini-li:nth-child(9) > div:nth-child(1) > .progressive.replace > .widget-berita-terkini-thumb.preview[loading=""lazy""]",eae2c96a4c1ce312,auto-detected
F000119,P002,W01,image-alt,1.1.1,A,critical,12,".widget-berita-terkini-li:nth-child(10) > div:nth-child(1) > .progressive.replace > .widget-berita-terkini-thumb.preview[loading=""lazy""]",a31e3cf041bb906d,auto-detected
F000120,P002,W01,landmark-unique,,,moderate,1,.navbar-main,9741b530a6c52457,auto-detected
F000121,P002,W01,link-name,2.4.4;4.1.2,A,serious,13,".share-link > a[target=""_blank""]:nth-child(2)",47ea7b20f3d9f179,auto-detected
F000122,P002,W01,link-name,2.4.4;4.1.2,A,serious,13,"a[target=""_blank""]:nth-child(3)",6cad26c73cdef5dd,auto-detected
F000123,P002,W01,link-name,2.4.4;4.1.2,A,serious,13,"a[target=""_blank""]:nth-child(4)",bf05f048283c58f5,auto-detected
F000124,P002,W01,link-name,2.4.4;4.1.2,A,serious,13,.widget-berita-terkini-li:nth-child(1) > div:nth-child(1) > .progressive.replace,dce6778ce85c3232,auto-detected
F000125,P002,W01,link-name,2.4.4;4.1.2,A,serious,13,.widget-berita-terkini-li:nth-child(2) > div:nth-child(1) > .progressive.replace,51bbb90f062380d4,auto-detected
F000126,P002,W01,link-name,2.4.4;4.1.2,A,serious,13,.widget-berita-terkini-li:nth-child(3) > div:nth-child(1) > .progressive.replace,6f0d6d559db42ae6,auto-detected
F000127,P002,W01,link-name,2.4.4;4.1.2,A,serious,13,.widget-berita-terkini-li:nth-child(4) > div:nth-child(1) > .progressive.replace,4b4393fc9b9e324f,auto-detected
F000128,P002,W01,link-name,2.4.4;4.1.2,A,serious,13,.widget-berita-terkini-li:nth-child(5) > div:nth-child(1) > .progressive.replace,ad83fd5dfd293301,auto-detected
F000129,P002,W01,link-name,2.4.4;4.1.2,A,serious,13,.widget-berita-terkini-li:nth-child(6) > div:nth-child(1) > .progressive.replace,16992a5a289d2059,auto-detected
F000130,P002,W01,link-name,2.4.4;4.1.2,A,serious,13,.widget-berita-terkini-li:nth-child(7) > div:nth-child(1) > .progressive.replace,13cd5cb0b88b7b74,auto-detected
F000131,P002,W01,link-name,2.4.4;4.1.2,A,serious,13,.widget-berita-terkini-li:nth-child(8) > div:nth-child(1) > .progressive.replace,388c9073a552545c,auto-detected
F000132,P002,W01,link-name,2.4.4;4.1.2,A,serious,13,.widget-berita-terkini-li:nth-child(9) > div:nth-child(1) > .progressive.replace,8d329f81143d6d31,auto-detected
F000133,P002,W01,link-name,2.4.4;4.1.2,A,serious,13,.widget-berita-terkini-li:nth-child(10) > div:nth-child(1) > .progressive.replace,b42952e0f4b302b5,auto-detected
F000134,P003,W01,button-name,4.1.2,A,critical,1,#btn-search,bcbffff11484eb32,auto-detected
F000135,P003,W01,color-contrast,1.4.3,AA,serious,34,.logo-text-single > cms\:render,59637fe2943cc54d,auto-detected
F000136,P003,W01,color-contrast,1.4.3,AA,serious,34,".nav-link[href=""/""][target=""null""]",69ecb5dba676f594,auto-detected
F000137,P003,W01,color-contrast,1.4.3,AA,serious,34,"li:nth-child(2) > .nav-link[href=""#""][target=""null""]",c4e9a8324b41f736,auto-detected
F000138,P003,W01,color-contrast,1.4.3,AA,serious,34,"a[href$=""berita""]",0105ab8902500805,auto-detected
F000139,P003,W01,color-contrast,1.4.3,AA,serious,34,".navbar-nav > li:nth-child(4) > .nav-link[href=""#""][target=""null""]",2c203b7f7f36e630,auto-detected
F000140,P003,W01,color-contrast,1.4.3,AA,serious,34,"a[href$=""widget-ppid""]",7f92144e072bd287,auto-detected
F000141,P003,W01,color-contrast,1.4.3,AA,serious,34,"li:nth-child(6) > .nav-link[href=""#""][target=""null""]",27e5b25632a8dd2e,auto-detected
F000142,P003,W01,color-contrast,1.4.3,AA,serious,34,"li:nth-child(7) > .nav-link[href=""#""][target=""null""]",fda84353f1471c46,auto-detected
F000143,P003,W01,color-contrast,1.4.3,AA,serious,34,"li:nth-child(8) > .nav-link[href=""#""][target=""null""]",f2db3a5b8cadb835,auto-detected
F000144,P003,W01,color-contrast,1.4.3,AA,serious,34,"li:nth-child(9) > .nav-link[href=""#""][target=""null""]",71c28ef288fd9064,auto-detected
F000145,P003,W01,color-contrast,1.4.3,AA,serious,34,"li:nth-child(10) > .nav-link[href=""#""][target=""null""]",346c612c6e57ce6b,auto-detected
F000146,P003,W01,color-contrast,1.4.3,AA,serious,34,"li:nth-child(11) > .nav-link[href=""#""][target=""null""]",f39d4756a04a8e0b,auto-detected
F000147,P003,W01,color-contrast,1.4.3,AA,serious,34,"a[href$=""agenda""]",a9d2c9fdd8b2c2f4,auto-detected
F000148,P003,W01,color-contrast,1.4.3,AA,serious,34,"a[href$=""pengemuman""]",871412b261ed1c3e,auto-detected
F000149,P003,W01,color-contrast,1.4.3,AA,serious,34,"a[href$=""kontak""]",2151b30f35b321aa,auto-detected
F000150,P003,W01,color-contrast,1.4.3,AA,serious,34,".navbar-nav > li:nth-child(15) > .nav-link[target=""null""][data-toggle=""tooltip""]",1fa5ae0ee07f345a,auto-detected
F000151,P003,W01,color-contrast,1.4.3,AA,serious,34,".navbar-nav > li:nth-child(16) > .nav-link[target=""null""][data-toggle=""tooltip""]",bd4705eedf5f8115,auto-detected
F000152,P003,W01,color-contrast,1.4.3,AA,serious,34,"li:nth-child(17) > .nav-link[href=""#""][target=""null""]",ec462c5a402184e5,auto-detected
F000153,P003,W01,color-contrast,1.4.3,AA,serious,34,"li:nth-child(18) > .nav-link[target=""_self""][data-toggle=""tooltip""]",3d086dd18469029e,auto-detected
F000154,P003,W01,color-contrast,1.4.3,AA,serious,34,#cms-comment-comments-count,da104d274f5ab020,auto-detected
F000155,P003,W01,color-contrast,1.4.3,AA,serious,34,.cms-comment-policy-tweet,4dbc9bc3d1b2878f,auto-detected
F000156,P003,W01,color-contrast,1.4.3,AA,serious,34,.cms-comment-sort-policy-info,48222926c44ed718,auto-detected
F000157,P003,W01,color-contrast,1.4.3,AA,serious,34,#cms-comment-sort-policy-creationdate-asc,80758024a59989e7,auto-detected
F000158,P003,W01,color-contrast,1.4.3,AA,serious,34,#cms-comment-markdown-button-root,00077e049ae288a9,auto-detected
F000159,P003,W01,color-contrast,1.4.3,AA,serious,34,.widget-berita-terkini-li:nth-child(1) > .widget-berita-terkini-has-thumb > .widget-berita-terkini-tanggal,f892f1c1bd98b002,auto-detected
F000160,P003,W01,color-contrast,1.4.3,AA,serious,34,.widget-berita-terkini-li:nth-child(2) > .widget-berita-terkini-has-thumb > .widget-berita-terkini-tanggal,1bc9ece7e87e87aa,auto-detected
F000161,P003,W01,color-contrast,1.4.3,AA,serious,34,.widget-berita-terkini-li:nth-child(3) > .widget-berita-terkini-has-thumb > .widget-berita-terkini-tanggal,eb4d24de68bc8135,auto-detected
F000162,P003,W01,color-contrast,1.4.3,AA,serious,34,.widget-berita-terkini-li:nth-child(4) > .widget-berita-terkini-has-thumb > .widget-berita-terkini-tanggal,fb0ead31b19288e6,auto-detected
F000163,P003,W01,color-contrast,1.4.3,AA,serious,34,.widget-berita-terkini-li:nth-child(5) > .widget-berita-terkini-has-thumb > .widget-berita-terkini-tanggal,3f5abe18529cd7aa,auto-detected
F000164,P003,W01,color-contrast,1.4.3,AA,serious,34,.widget-berita-terkini-li:nth-child(6) > .widget-berita-terkini-has-thumb > .widget-berita-terkini-tanggal,c60351176447e6a4,auto-detected
F000165,P003,W01,color-contrast,1.4.3,AA,serious,34,.widget-berita-terkini-li:nth-child(7) > .widget-berita-terkini-has-thumb > .widget-berita-terkini-tanggal,a074456bbb55a57c,auto-detected
F000166,P003,W01,color-contrast,1.4.3,AA,serious,34,.widget-berita-terkini-li:nth-child(8) > .widget-berita-terkini-has-thumb > .widget-berita-terkini-tanggal,9012541ae624f8e1,auto-detected
F000167,P003,W01,color-contrast,1.4.3,AA,serious,34,.widget-berita-terkini-li:nth-child(9) > .widget-berita-terkini-has-thumb > .widget-berita-terkini-tanggal,0054024d2f68d919,auto-detected
F000168,P003,W01,color-contrast,1.4.3,AA,serious,34,.widget-berita-terkini-li:nth-child(10) > .widget-berita-terkini-has-thumb > .widget-berita-terkini-tanggal,3abc51ca29321e51,auto-detected
F000169,P003,W01,heading-order,,,moderate,1,.cms-berita-judul,3622ff4b918e8198,auto-detected
F000170,P003,W01,image-alt,1.1.1,A,critical,12,.logo-header-img-single,69f5f2a81c028ace,auto-detected
F000171,P003,W01,image-alt,1.1.1,A,critical,12,.cms-comment-commenter-avatar,3492427be8e1aba8,auto-detected
F000172,P003,W01,image-alt,1.1.1,A,critical,12,".widget-berita-terkini-li:nth-child(1) > div:nth-child(1) > .progressive.replace > .widget-berita-terkini-thumb.preview[loading=""lazy""]",6237b320593103bf,auto-detected
F000173,P003,W01,image-alt,1.1.1,A,critical,12,".widget-berita-terkini-li:nth-child(2) > div:nth-child(1) > .progressive.replace > .widget-berita-terkini-thumb.preview[loading=""lazy""]",f48c36f3cda2f67f,auto-detected
F000174,P003,W01,image-alt,1.1.1,A,critical,12,".widget-berita-terkini-li:nth-child(3) > div:nth-child(1) > .progressive.replace > .widget-berita-terkini-thumb.preview[loading=""lazy""]",b35fbdf9a106de14,auto-detected
F000175,P003,W01,image-alt,1.1.1,A,critical,12,".widget-berita-terkini-li:nth-child(4) > div:nth-child(1) > .progressive.replace > .widget-berita-terkini-thumb.preview[loading=""lazy""]",3f0b828ad7e5f103,auto-detected
F000176,P003,W01,image-alt,1.1.1,A,critical,12,".widget-berita-terkini-li:nth-child(5) > div:nth-child(1) > .progressive.replace > .widget-berita-terkini-thumb.preview[loading=""lazy""]",5c670e17657651ec,auto-detected
F000177,P003,W01,image-alt,1.1.1,A,critical,12,".widget-berita-terkini-li:nth-child(6) > div:nth-child(1) > .progressive.replace > .widget-berita-terkini-thumb.preview[loading=""lazy""]",e7b41ed4a901f03f,auto-detected
F000178,P003,W01,image-alt,1.1.1,A,critical,12,".widget-berita-terkini-li:nth-child(7) > div:nth-child(1) > .progressive.replace > .widget-berita-terkini-thumb.preview[loading=""lazy""]",19dd72b7c8894e34,auto-detected
F000179,P003,W01,image-alt,1.1.1,A,critical,12,".widget-berita-terkini-li:nth-child(8) > div:nth-child(1) > .progressive.replace > .widget-berita-terkini-thumb.preview[loading=""lazy""]",bd7b5c113291f060,auto-detected
F000180,P003,W01,image-alt,1.1.1,A,critical,12,".widget-berita-terkini-li:nth-child(9) > div:nth-child(1) > .progressive.replace > .widget-berita-terkini-thumb.preview[loading=""lazy""]",29c312e398730540,auto-detected
F000181,P003,W01,image-alt,1.1.1,A,critical,12,".widget-berita-terkini-li:nth-child(10) > div:nth-child(1) > .progressive.replace > .widget-berita-terkini-thumb.preview[loading=""lazy""]",482c68f6523bbd7a,auto-detected
F000182,P003,W01,landmark-unique,,,moderate,1,.navbar-main,88d8996bf6ac295d,auto-detected
F000183,P003,W01,link-name,2.4.4;4.1.2,A,serious,13,".share-link > a[target=""_blank""]:nth-child(2)",e13e1bc45f392187,auto-detected
F000184,P003,W01,link-name,2.4.4;4.1.2,A,serious,13,"a[target=""_blank""]:nth-child(3)",b8afbcda18a2349b,auto-detected
F000185,P003,W01,link-name,2.4.4;4.1.2,A,serious,13,"a[target=""_blank""]:nth-child(4)",f27160fd97462add,auto-detected
F000186,P003,W01,link-name,2.4.4;4.1.2,A,serious,13,.widget-berita-terkini-li:nth-child(1) > div:nth-child(1) > .progressive.replace,d383349f33d30243,auto-detected
F000187,P003,W01,link-name,2.4.4;4.1.2,A,serious,13,.widget-berita-terkini-li:nth-child(2) > div:nth-child(1) > .progressive.replace,e7b7f71cce680939,auto-detected
F000188,P003,W01,link-name,2.4.4;4.1.2,A,serious,13,.widget-berita-terkini-li:nth-child(3) > div:nth-child(1) > .progressive.replace,57563992e4616369,auto-detected
F000189,P003,W01,link-name,2.4.4;4.1.2,A,serious,13,.widget-berita-terkini-li:nth-child(4) > div:nth-child(1) > .progressive.replace,7e215913c3a05c6c,auto-detected
F000190,P003,W01,link-name,2.4.4;4.1.2,A,serious,13,.widget-berita-terkini-li:nth-child(5) > div:nth-child(1) > .progressive.replace,cf879cfd7e52c7be,auto-detected
F000191,P003,W01,link-name,2.4.4;4.1.2,A,serious,13,.widget-berita-terkini-li:nth-child(6) > div:nth-child(1) > .progressive.replace,5878b3969fc11d69,auto-detected
F000192,P003,W01,link-name,2.4.4;4.1.2,A,serious,13,.widget-berita-terkini-li:nth-child(7) > div:nth-child(1) > .progressive.replace,b0302eedc05d1a50,auto-detected
F000193,P003,W01,link-name,2.4.4;4.1.2,A,serious,13,.widget-berita-terkini-li:nth-child(8) > div:nth-child(1) > .progressive.replace,425046a9b7dd4522,auto-detected
F000194,P003,W01,link-name,2.4.4;4.1.2,A,serious,13,.widget-berita-terkini-li:nth-child(9) > div:nth-child(1) > .progressive.replace,a53edcd3f1c9a414,auto-detected
F000195,P003,W01,link-name,2.4.4;4.1.2,A,serious,13,.widget-berita-terkini-li:nth-child(10) > div:nth-child(1) > .progressive.replace,9efdf28779aa44b0,auto-detected
F000196,P004,W01,button-name,4.1.2,A,critical,1,#btn-search,c1e5f5548400d8e8,auto-detected
F000197,P004,W01,color-contrast,1.4.3,AA,serious,29,.logo-text-single > cms\:render,0b043085d0ed684b,auto-detected
F000198,P004,W01,color-contrast,1.4.3,AA,serious,29,".nav-link[href=""/""][target=""null""]",2cb13c12a90e87a7,auto-detected
F000199,P004,W01,color-contrast,1.4.3,AA,serious,29,"li:nth-child(2) > .nav-link[href=""#""][target=""null""]",bdfbe02334a4cf51,auto-detected
F000200,P004,W01,color-contrast,1.4.3,AA,serious,29,"a[href$=""berita""]",0aa76e2748fce175,auto-detected
F000201,P004,W01,color-contrast,1.4.3,AA,serious,29,".navbar-nav > li:nth-child(4) > .nav-link[href=""#""][target=""null""]",90a9dafe37d12960,auto-detected
F000202,P004,W01,color-contrast,1.4.3,AA,serious,29,"a[href$=""widget-ppid""]",e24057abda073c51,auto-detected
F000203,P004,W01,color-contrast,1.4.3,AA,serious,29,"li:nth-child(6) > .nav-link[href=""#""][target=""null""]",77369fbb42e4206b,auto-detected
F000204,P004,W01,color-contrast,1.4.3,AA,serious,29,"li:nth-child(7) > .nav-link[href=""#""][target=""null""]",77cb8b86b1fd8569,auto-detected
F000205,P004,W01,color-contrast,1.4.3,AA,serious,29,"li:nth-child(8) > .nav-link[href=""#""][target=""null""]",3cbfaf99c10180de,auto-detected
F000206,P004,W01,color-contrast,1.4.3,AA,serious,29,"li:nth-child(9) > .nav-link[href=""#""][target=""null""]",4cfc4c6b8900146a,auto-detected
F000207,P004,W01,color-contrast,1.4.3,AA,serious,29,"li:nth-child(10) > .nav-link[href=""#""][target=""null""]",f7842a6d09011d3e,auto-detected
F000208,P004,W01,color-contrast,1.4.3,AA,serious,29,"li:nth-child(11) > .nav-link[href=""#""][target=""null""]",eae2c3009bbb4f5a,auto-detected
F000209,P004,W01,color-contrast,1.4.3,AA,serious,29,"a[href$=""agenda""]",a16cbca54a4c6701,auto-detected
F000210,P004,W01,color-contrast,1.4.3,AA,serious,29,"a[href$=""pengemuman""]",e3f606fc2087ac9d,auto-detected
F000211,P004,W01,color-contrast,1.4.3,AA,serious,29,"a[href$=""kontak""]",9bf595735b0e6b47,auto-detected
F000212,P004,W01,color-contrast,1.4.3,AA,serious,29,".navbar-nav > li:nth-child(15) > .nav-link[target=""null""][data-toggle=""tooltip""]",96b3427b612ddfa0,auto-detected
F000213,P004,W01,color-contrast,1.4.3,AA,serious,29,".navbar-nav > li:nth-child(16) > .nav-link[target=""null""][data-toggle=""tooltip""]",6cee69a6301f72f1,auto-detected
F000214,P004,W01,color-contrast,1.4.3,AA,serious,29,"li:nth-child(17) > .nav-link[href=""#""][target=""null""]",fe88f2ba004c9078,auto-detected
F000215,P004,W01,color-contrast,1.4.3,AA,serious,29,"li:nth-child(18) > .nav-link[target=""_self""][data-toggle=""tooltip""]",10b4197d72fcfb01,auto-detected
F000216,P004,W01,color-contrast,1.4.3,AA,serious,29,.widget-berita-terkini-li:nth-child(1) > .widget-berita-terkini-has-thumb > p,9378a5272320c159,auto-detected
F000217,P004,W01,color-contrast,1.4.3,AA,serious,29,.widget-berita-terkini-li:nth-child(2) > .widget-berita-terkini-has-thumb > p,89f30186e37a3905,auto-detected
F000218,P004,W01,color-contrast,1.4.3,AA,serious,29,.widget-berita-terkini-li:nth-child(3) > .widget-berita-terkini-has-thumb > p,eaf41503e1dbaf80,auto-detected
F000219,P004,W01,color-contrast,1.4.3,AA,serious,29,.widget-berita-terkini-li:nth-child(4) > .widget-berita-terkini-has-thumb > p,e00e55f1c4ead131,auto-detected
F000220,P004,W01,color-contrast,1.4.3,AA,serious,29,.widget-berita-terkini-li:nth-child(5) > .widget-berita-terkini-has-thumb > p,fc2a82f577044007,auto-detected
F000221,P004,W01,color-contrast,1.4.3,AA,serious,29,.widget-berita-terkini-li:nth-child(6) > .widget-berita-terkini-has-thumb > p,7129c804ff97c098,auto-detected
F000222,P004,W01,color-contrast,1.4.3,AA,serious,29,.widget-berita-terkini-li:nth-child(7) > .widget-berita-terkini-has-thumb > p,2465d7dde27f6bdb,auto-detected
F000223,P004,W01,color-contrast,1.4.3,AA,serious,29,.widget-berita-terkini-li:nth-child(8) > .widget-berita-terkini-has-thumb > p,3cf7d7384446c54c,auto-detected
F000224,P004,W01,color-contrast,1.4.3,AA,serious,29,.widget-berita-terkini-li:nth-child(9) > .widget-berita-terkini-has-thumb > p,0a7b8d69ab776580,auto-detected
F000225,P004,W01,color-contrast,1.4.3,AA,serious,29,.widget-berita-terkini-li:nth-child(10) > .widget-berita-terkini-has-thumb > p,2c568962bc64e414,auto-detected
F000226,P004,W01,heading-order,,,moderate,1,.cms-berita-judul,2a868f898b2d610e,auto-detected
F000227,P004,W01,image-alt,1.1.1,A,critical,9,.logo-header-img-single,116b39a22811464a,auto-detected
F000228,P004,W01,image-alt,1.1.1,A,critical,9,".widget-berita-terkini-li:nth-child(3) > div:nth-child(1) > .replace.progressive > .preview.widget-berita-terkini-thumb[loading=""lazy""]",abff8faee55eabfe,auto-detected
F000229,P004,W01,image-alt,1.1.1,A,critical,9,".widget-berita-terkini-li:nth-child(4) > div:nth-child(1) > .replace.progressive > .preview.widget-berita-terkini-thumb[loading=""lazy""]",83871e87cbe5e006,auto-detected
F000230,P004,W01,image-alt,1.1.1,A,critical,9,".widget-berita-terkini-li:nth-child(5) > div:nth-child(1) > .replace.progressive > .preview.widget-berita-terkini-thumb[loading=""lazy""]",e5a3c74278a558b4,auto-detected
F000231,P004,W01,image-alt,1.1.1,A,critical,9,".widget-berita-terkini-li:nth-child(6) > div:nth-child(1) > .replace.progressive > .preview.widget-berita-terkini-thumb[loading=""lazy""]",d328715a090cf50e,auto-detected
F000232,P004,W01,image-alt,1.1.1,A,critical,9,".widget-berita-terkini-li:nth-child(7) > div:nth-child(1) > .replace.progressive > .preview.widget-berita-terkini-thumb[loading=""lazy""]",a91d95b400e28feb,auto-detected
F000233,P004,W01,image-alt,1.1.1,A,critical,9,".widget-berita-terkini-li:nth-child(8) > div:nth-child(1) > .replace.progressive > .preview.widget-berita-terkini-thumb[loading=""lazy""]",e3928d01660c82ff,auto-detected
F000234,P004,W01,image-alt,1.1.1,A,critical,9,".widget-berita-terkini-li:nth-child(9) > div:nth-child(1) > .replace.progressive > .preview.widget-berita-terkini-thumb[loading=""lazy""]",cbb69ca11e670d9b,auto-detected
F000235,P004,W01,image-alt,1.1.1,A,critical,9,".widget-berita-terkini-li:nth-child(10) > div:nth-child(1) > .replace.progressive > .preview.widget-berita-terkini-thumb[loading=""lazy""]",f83791fa0edbfb75,auto-detected
F000236,P004,W01,landmark-unique,,,moderate,1,.navbar-main,9ca4b82fc7f01dbb,auto-detected
F000237,P004,W01,link-name,2.4.4;4.1.2,A,serious,10,.widget-berita-terkini-li:nth-child(1) > div:nth-child(1) > .progressive,95cd98f02287d846,auto-detected
F000238,P004,W01,link-name,2.4.4;4.1.2,A,serious,10,.widget-berita-terkini-li:nth-child(2) > div:nth-child(1) > .progressive,fcb2e4e46b158297,auto-detected
F000239,P004,W01,link-name,2.4.4;4.1.2,A,serious,10,.widget-berita-terkini-li:nth-child(3) > div:nth-child(1) > .replace.progressive,354acea9188fe91c,auto-detected
F000240,P004,W01,link-name,2.4.4;4.1.2,A,serious,10,.widget-berita-terkini-li:nth-child(4) > div:nth-child(1) > .replace.progressive,0cedbe633cd7147a,auto-detected
F000241,P004,W01,link-name,2.4.4;4.1.2,A,serious,10,.widget-berita-terkini-li:nth-child(5) > div:nth-child(1) > .replace.progressive,80505c5d3022df48,auto-detected
F000242,P004,W01,link-name,2.4.4;4.1.2,A,serious,10,.widget-berita-terkini-li:nth-child(6) > div:nth-child(1) > .replace.progressive,4a91cd9e4fa830ae,auto-detected
F000243,P004,W01,link-name,2.4.4;4.1.2,A,serious,10,.widget-berita-terkini-li:nth-child(7) > div:nth-child(1) > .replace.progressive,357bdb752b324b38,auto-detected
F000244,P004,W01,link-name,2.4.4;4.1.2,A,serious,10,.widget-berita-terkini-li:nth-child(8) > div:nth-child(1) > .replace.progressive,76327d7708044d03,auto-detected
F000245,P004,W01,link-name,2.4.4;4.1.2,A,serious,10,.widget-berita-terkini-li:nth-child(9) > div:nth-child(1) > .replace.progressive,47022fb9466e8ce6,auto-detected
F000246,P004,W01,link-name,2.4.4;4.1.2,A,serious,10,.widget-berita-terkini-li:nth-child(10) > div:nth-child(1) > .replace.progressive,c8b265e7961f4aa7,auto-detected
F000247,P005,W01,button-name,4.1.2,A,critical,1,#btn-search,9034cc74c8dba979,auto-detected
F000248,P005,W01,color-contrast,1.4.3,AA,serious,30,.logo-text-single > cms\:render,2cd31a9f615d1c1f,auto-detected
F000249,P005,W01,color-contrast,1.4.3,AA,serious,30,".nav-link[href=""/""][target=""null""]",94574d2df1a63e85,auto-detected
F000250,P005,W01,color-contrast,1.4.3,AA,serious,30,"li:nth-child(2) > .nav-link[href=""#""][target=""null""]",6f31eb97ab0e7e33,auto-detected
F000251,P005,W01,color-contrast,1.4.3,AA,serious,30,"a[href$=""berita""]",4d0326f3cd02bc3a,auto-detected
F000252,P005,W01,color-contrast,1.4.3,AA,serious,30,".navbar-nav > li:nth-child(4) > .nav-link[href=""#""][target=""null""]",8e35fad035c8f1b7,auto-detected
F000253,P005,W01,color-contrast,1.4.3,AA,serious,30,"a[href$=""widget-ppid""]",1918ce5ae9da25d8,auto-detected
F000254,P005,W01,color-contrast,1.4.3,AA,serious,30,"li:nth-child(6) > .nav-link[href=""#""][target=""null""]",d23ee4632ffd4f7a,auto-detected
F000255,P005,W01,color-contrast,1.4.3,AA,serious,30,"li:nth-child(7) > .nav-link[href=""#""][target=""null""]",b5ab731861b62393,auto-detected
F000256,P005,W01,color-contrast,1.4.3,AA,serious,30,"li:nth-child(8) > .nav-link[href=""#""][target=""null""]",08add73bfce106fb,auto-detected
F000257,P005,W01,color-contrast,1.4.3,AA,serious,30,"li:nth-child(9) > .nav-link[href=""#""][target=""null""]",bb27b6260c59796b,auto-detected
F000258,P005,W01,color-contrast,1.4.3,AA,serious,30,"li:nth-child(10) > .nav-link[href=""#""][target=""null""]",c98e2fd253be90dc,auto-detected
F000259,P005,W01,color-contrast,1.4.3,AA,serious,30,"li:nth-child(11) > .nav-link[href=""#""][target=""null""]",086cb44a82fae6a4,auto-detected
F000260,P005,W01,color-contrast,1.4.3,AA,serious,30,"a[href$=""agenda""]",a2abfa2816663954,auto-detected
F000261,P005,W01,color-contrast,1.4.3,AA,serious,30,"a[href$=""pengemuman""]",af86e5b908450c75,auto-detected
F000262,P005,W01,color-contrast,1.4.3,AA,serious,30,"a[href$=""kontak""]",c169aed96f647635,auto-detected
F000263,P005,W01,color-contrast,1.4.3,AA,serious,30,".navbar-nav > li:nth-child(15) > .nav-link[target=""null""][data-toggle=""tooltip""]",9fce841cc14bb16b,auto-detected
F000264,P005,W01,color-contrast,1.4.3,AA,serious,30,".navbar-nav > li:nth-child(16) > .nav-link[target=""null""][data-toggle=""tooltip""]",cc718009c24e44b2,auto-detected
F000265,P005,W01,color-contrast,1.4.3,AA,serious,30,"li:nth-child(17) > .nav-link[href=""#""][target=""null""]",aa52f6fcb1dec058,auto-detected
F000266,P005,W01,color-contrast,1.4.3,AA,serious,30,"li:nth-child(18) > .nav-link[target=""_self""][data-toggle=""tooltip""]",409a39049d47efe3,auto-detected
F000267,P005,W01,color-contrast,1.4.3,AA,serious,30,h1,b8688d34c2faa868,auto-detected
F000268,P005,W01,color-contrast,1.4.3,AA,serious,30,.share-link > span,5ebb817676fda8ec,auto-detected
F000269,P005,W01,color-contrast,1.4.3,AA,serious,30,tr:nth-child(1) > td:nth-child(1),21ea9906143ff8df,auto-detected
F000270,P005,W01,color-contrast,1.4.3,AA,serious,30,tr:nth-child(1) > td:nth-child(2),4a933065310c0390,auto-detected
F000271,P005,W01,color-contrast,1.4.3,AA,serious,30,tr:nth-child(1) > td:nth-child(3),67179a124fe4f561,auto-detected
F000272,P005,W01,color-contrast,1.4.3,AA,serious,30,tr:nth-child(2) > td:nth-child(1),824bea5cb2062f6e,auto-detected
F000273,P005,W01,color-contrast,1.4.3,AA,serious,30,tr:nth-child(2) > td:nth-child(2),84fe15509f586cba,auto-detected
F000274,P005,W01,color-contrast,1.4.3,AA,serious,30,tr:nth-child(2) > td:nth-child(3) > a,9099afd31fcef240,auto-detected
F000275,P005,W01,color-contrast,1.4.3,AA,serious,30,tr:nth-child(3) > td:nth-child(1),3214fea4cec423f2,auto-detected
F000276,P005,W01,color-contrast,1.4.3,AA,serious,30,tr:nth-child(3) > td:nth-child(2),2975ebfc50e0af2b,auto-detected
F000277,P005,W01,color-contrast,1.4.3,AA,serious,30,tr:nth-child(3) > td:nth-child(3) > a,fee053b0f428fffe,auto-detected
F000278,P005,W01,heading-order,,,moderate,1,.cms-berita-judul,f4696e99fa9ea0e3,auto-detected
F000279,P005,W01,image-alt,1.1.1,A,critical,12,#background-popup > div > img,34da643b0b3e1df4,auto-detected
F000280,P005,W01,image-alt,1.1.1,A,critical,12,.logo-header-img-single,e865a34b52402bc1,auto-detected
F000281,P005,W01,image-alt,1.1.1,A,critical,12,".widget-berita-terkini-li:nth-child(1) > div:nth-child(1) > .progressive.replace > .widget-berita-terkini-thumb.preview[loading=""lazy""]",7c317305ef1d89de,auto-detected
F000282,P005,W01,image-alt,1.1.1,A,critical,12,".widget-berita-terkini-li:nth-child(2) > div:nth-child(1) > .progressive.replace > .widget-berita-terkini-thumb.preview[loading=""lazy""]",0e2304b69494dfdd,auto-detected
F000283,P005,W01,image-alt,1.1.1,A,critical,12,".widget-berita-terkini-li:nth-child(3) > div:nth-child(1) > .progressive.replace > .widget-berita-terkini-thumb.preview[loading=""lazy""]",71e8dab4595a6a90,auto-detected
F000284,P005,W01,image-alt,1.1.1,A,critical,12,".widget-berita-terkini-li:nth-child(4) > div:nth-child(1) > .progressive.replace > .widget-berita-terkini-thumb.preview[loading=""lazy""]",a43f98fde92075e8,auto-detected
F000285,P005,W01,image-alt,1.1.1,A,critical,12,".widget-berita-terkini-li:nth-child(5) > div:nth-child(1) > .progressive.replace > .widget-berita-terkini-thumb.preview[loading=""lazy""]",bb4767c955a5f811,auto-detected
F000286,P005,W01,image-alt,1.1.1,A,critical,12,".widget-berita-terkini-li:nth-child(6) > div:nth-child(1) > .progressive.replace > .widget-berita-terkini-thumb.preview[loading=""lazy""]",d9eae90308b1d814,auto-detected
F000287,P005,W01,image-alt,1.1.1,A,critical,12,".widget-berita-terkini-li:nth-child(7) > div:nth-child(1) > .progressive.replace > .widget-berita-terkini-thumb.preview[loading=""lazy""]",1f38de0adbd2b2bd,auto-detected
F000288,P005,W01,image-alt,1.1.1,A,critical,12,".widget-berita-terkini-li:nth-child(8) > div:nth-child(1) > .progressive.replace > .widget-berita-terkini-thumb.preview[loading=""lazy""]",f2a75db9716e2825,auto-detected
F000289,P005,W01,image-alt,1.1.1,A,critical,12,".widget-berita-terkini-li:nth-child(9) > div:nth-child(1) > .progressive.replace > .widget-berita-terkini-thumb.preview[loading=""lazy""]",5ccf4c4cf61b7024,auto-detected
F000290,P005,W01,image-alt,1.1.1,A,critical,12,".widget-berita-terkini-li:nth-child(10) > div:nth-child(1) > .progressive.replace > .widget-berita-terkini-thumb.preview[loading=""lazy""]",9bfb6da070afe189,auto-detected
F000291,P005,W01,landmark-unique,,,moderate,1,.navbar-main,3ca9bae36d161e86,auto-detected
F000292,P005,W01,link-name,2.4.4;4.1.2,A,serious,13,".share-link > a[target=""_blank""]:nth-child(2)",40a23d56573439c6,auto-detected
F000293,P005,W01,link-name,2.4.4;4.1.2,A,serious,13,"a[target=""_blank""]:nth-child(3)",8eb0b9fda5c211cc,auto-detected
F000294,P005,W01,link-name,2.4.4;4.1.2,A,serious,13,"a[target=""_blank""]:nth-child(4)",ada1ffa81402a54e,auto-detected
F000295,P005,W01,link-name,2.4.4;4.1.2,A,serious,13,.widget-berita-terkini-li:nth-child(1) > div:nth-child(1) > .progressive.replace,e4a8723a2e924367,auto-detected
F000296,P005,W01,link-name,2.4.4;4.1.2,A,serious,13,.widget-berita-terkini-li:nth-child(2) > div:nth-child(1) > .progressive.replace,7205e1cf4456a082,auto-detected
F000297,P005,W01,link-name,2.4.4;4.1.2,A,serious,13,.widget-berita-terkini-li:nth-child(3) > div:nth-child(1) > .progressive.replace,8988cd9f987d1ead,auto-detected
F000298,P005,W01,link-name,2.4.4;4.1.2,A,serious,13,.widget-berita-terkini-li:nth-child(4) > div:nth-child(1) > .progressive.replace,758dccedfd52f9d2,auto-detected
F000299,P005,W01,link-name,2.4.4;4.1.2,A,serious,13,.widget-berita-terkini-li:nth-child(5) > div:nth-child(1) > .progressive.replace,9a9a6924e2c2f238,auto-detected
F000300,P005,W01,link-name,2.4.4;4.1.2,A,serious,13,.widget-berita-terkini-li:nth-child(6) > div:nth-child(1) > .progressive.replace,db4f7e4cff9596a2,auto-detected
F000301,P005,W01,link-name,2.4.4;4.1.2,A,serious,13,.widget-berita-terkini-li:nth-child(7) > div:nth-child(1) > .progressive.replace,8a7934328c1d2b4e,auto-detected
F000302,P005,W01,link-name,2.4.4;4.1.2,A,serious,13,.widget-berita-terkini-li:nth-child(8) > div:nth-child(1) > .progressive.replace,a96e23e300c66922,auto-detected
F000303,P005,W01,link-name,2.4.4;4.1.2,A,serious,13,.widget-berita-terkini-li:nth-child(9) > div:nth-child(1) > .progressive.replace,f4fa87baeee23e38,auto-detected
F000304,P005,W01,link-name,2.4.4;4.1.2,A,serious,13,.widget-berita-terkini-li:nth-child(10) > div:nth-child(1) > .progressive.replace,da53d29e8e4a8c70,auto-detected
F000305,P006,W02,button-name,4.1.2,A,critical,4,.right-2,a7dd7a442d54a94b,auto-detected
F000306,P006,W02,button-name,4.1.2,A,critical,4,.disabled\:opacity-50,c667cb74c37de1bf,auto-detected
F000307,P006,W02,button-name,4.1.2,A,critical,4,"button[onclick=""scrollgallery('left')""]",5ff71b37714fcbb0,auto-detected
F000308,P006,W02,button-name,4.1.2,A,critical,4,"button[onclick=""scrollgallery('right')""]",90873f0f25d39b71,auto-detected
F000309,P006,W02,color-contrast,1.4.3,AA,serious,18,.py-20:nth-child(2) > .max-w-7xl.sm\:px-6.lg\:px-8 > .md\:grid-cols-3.grid.grid-cols-1 > .rounded-xl.hover\:shadow-lg.shadow-sm:nth-child(1) > .p-6 > .font-semibold.text-secondary.mb-2,abc1b57ec5def117,auto-detected
F000310,P006,W02,color-contrast,1.4.3,AA,serious,18,.py-20:nth-child(2) > .max-w-7xl.sm\:px-6.lg\:px-8 > .md\:grid-cols-3.grid.grid-cols-1 > .rounded-xl.hover\:shadow-lg.shadow-sm:nth-child(1) > .p-6 > .text-gray-400.justify-between.items-center > span,a033c7cb99848199,auto-detected
F000311,P006,W02,color-contrast,1.4.3,AA,serious,18,.py-20:nth-child(2) > .max-w-7xl.sm\:px-6.lg\:px-8 > .md\:grid-cols-3.grid.grid-cols-1 > .rounded-xl.hover\:shadow-lg.shadow-sm:nth-child(2) > .p-6 > .font-semibold.text-secondary.mb-2,f3601c25e4c7e664,auto-detected
F000312,P006,W02,color-contrast,1.4.3,AA,serious,18,.py-20:nth-child(2) > .max-w-7xl.sm\:px-6.lg\:px-8 > .md\:grid-cols-3.grid.grid-cols-1 > .rounded-xl.hover\:shadow-lg.shadow-sm:nth-child(2) > .p-6 > .text-gray-400.justify-between.items-center > span,fa5d6fddc254cf7b,auto-detected
F000313,P006,W02,color-contrast,1.4.3,AA,serious,18,.py-20:nth-child(2) > .max-w-7xl.sm\:px-6.lg\:px-8 > .md\:grid-cols-3.grid.grid-cols-1 > .rounded-xl.hover\:shadow-lg.shadow-sm:nth-child(3) > .p-6 > .font-semibold.text-secondary.mb-2,37c577e024ea4313,auto-detected
F000314,P006,W02,color-contrast,1.4.3,AA,serious,18,.py-20:nth-child(2) > .max-w-7xl.sm\:px-6.lg\:px-8 > .md\:grid-cols-3.grid.grid-cols-1 > .rounded-xl.hover\:shadow-lg.shadow-sm:nth-child(3) > .p-6 > .text-gray-400.justify-between.items-center > span,7f4f7cc61e65065e,auto-detected
F000315,P006,W02,color-contrast,1.4.3,AA,serious,18,.py-20:nth-child(3) > .max-w-7xl.sm\:px-6.lg\:px-8 > .md\:grid-cols-3.grid.grid-cols-1 > .rounded-xl.hover\:shadow-lg.shadow-sm:nth-child(1) > .p-6 > .font-semibold.text-secondary.mb-2,4302d44ca3e28f73,auto-detected
F000316,P006,W02,color-contrast,1.4.3,AA,serious,18,.py-20:nth-child(3) > .max-w-7xl.sm\:px-6.lg\:px-8 > .md\:grid-cols-3.grid.grid-cols-1 > .rounded-xl.hover\:shadow-lg.shadow-sm:nth-child(1) > .p-6 > .text-gray-400.justify-between.items-center > span,a1f67442e51976cb,auto-detected
F000317,P006,W02,color-contrast,1.4.3,AA,serious,18,.py-20:nth-child(3) > .max-w-7xl.sm\:px-6.lg\:px-8 > .md\:grid-cols-3.grid.grid-cols-1 > .rounded-xl.hover\:shadow-lg.shadow-sm:nth-child(2) > .p-6 > .font-semibold.text-secondary.mb-2,ac38dcc028865be0,auto-detected
F000318,P006,W02,color-contrast,1.4.3,AA,serious,18,.py-20:nth-child(3) > .max-w-7xl.sm\:px-6.lg\:px-8 > .md\:grid-cols-3.grid.grid-cols-1 > .rounded-xl.hover\:shadow-lg.shadow-sm:nth-child(2) > .p-6 > .text-gray-400.justify-between.items-center > span,5b3680dcb0d157f6,auto-detected
F000319,P006,W02,color-contrast,1.4.3,AA,serious,18,.py-20:nth-child(3) > .max-w-7xl.sm\:px-6.lg\:px-8 > .md\:grid-cols-3.grid.grid-cols-1 > .rounded-xl.hover\:shadow-lg.shadow-sm:nth-child(3) > .p-6 > .font-semibold.text-secondary.mb-2,7dded2f41d91b988,auto-detected
F000320,P006,W02,color-contrast,1.4.3,AA,serious,18,.py-20:nth-child(3) > .max-w-7xl.sm\:px-6.lg\:px-8 > .md\:grid-cols-3.grid.grid-cols-1 > .rounded-xl.hover\:shadow-lg.shadow-sm:nth-child(3) > .p-6 > .text-gray-400.justify-between.items-center > span,ddd9377ca2e17ee4,auto-detected
F000321,P006,W02,color-contrast,1.4.3,AA,serious,18,.rounded-xl.hover\:shadow-lg.shadow-sm:nth-child(4) > .p-6 > .font-semibold.text-secondary.mb-2,93609880237a08f9,auto-detected
F000322,P006,W02,color-contrast,1.4.3,AA,serious,18,.rounded-xl.hover\:shadow-lg.shadow-sm:nth-child(4) > .p-6 > .text-gray-400.justify-between.items-center > span,51bd05f04dc72c40,auto-detected
F000323,P006,W02,color-contrast,1.4.3,AA,serious,18,.rounded-xl.hover\:shadow-lg.shadow-sm:nth-child(5) > .p-6 > .font-semibold.text-secondary.mb-2,f03a53bfb8a2c7b7,auto-detected
F000324,P006,W02,color-contrast,1.4.3,AA,serious,18,.rounded-xl.hover\:shadow-lg.shadow-sm:nth-child(5) > .p-6 > .text-gray-400.justify-between.items-center > span,7cbb86521ad17796,auto-detected
F000325,P006,W02,color-contrast,1.4.3,AA,serious,18,.rounded-xl.hover\:shadow-lg.shadow-sm:nth-child(6) > .p-6 > .font-semibold.text-secondary.mb-2,23e98ca5d24c4ed8,auto-detected
F000326,P006,W02,color-contrast,1.4.3,AA,serious,18,.rounded-xl.hover\:shadow-lg.shadow-sm:nth-child(6) > .p-6 > .text-gray-400.justify-between.items-center > span,64e90738736cf3f6,auto-detected
F000327,P006,W02,frame-title,4.1.2,A,serious,1,iframe,c82c0c8539462064,auto-detected
F000328,P006,W02,landmark-unique,,,moderate,1,.shadow-md,c54143e77a1e5886,auto-detected
F000329,P006,W02,link-name,2.4.4;4.1.2,A,serious,5,.hover\:border-primary,0b22b21d3d1c9791,auto-detected
F000330,P006,W02,link-name,2.4.4;4.1.2,A,serious,5,"a[target=""_blank""][data-asw-org-font-size=""14""]:nth-child(1)",dd92fea4429daae5,auto-detected
F000331,P006,W02,link-name,2.4.4;4.1.2,A,serious,5,"a[target=""_blank""][data-asw-org-font-size=""14""]:nth-child(2)",9a4fd1a32b393cf7,auto-detected
F000332,P006,W02,link-name,2.4.4;4.1.2,A,serious,5,"a[target=""_blank""][href=""#""][data-asw-org-font-size=""14""]:nth-child(3)",7f74762ca997939b,auto-detected
F000333,P006,W02,link-name,2.4.4;4.1.2,A,serious,5,"a[target=""_blank""][href=""#""][data-asw-org-font-size=""14""]:nth-child(4)",4b39d91da6ac8af3,auto-detected
F000334,P007,W02,frame-title,4.1.2,A,serious,1,iframe,7488a1d40899e1a8,auto-detected
F000335,P007,W02,landmark-main-is-top-level,,,moderate,1,.py-12,73eabb260a454b02,auto-detected
F000336,P007,W02,landmark-no-duplicate-main,,,moderate,1,body > main,f542bd7b0e7dbb09,auto-detected
F000337,P007,W02,landmark-unique,,,moderate,1,body > main,b50222c94a3b48fd,auto-detected
F000338,P007,W02,link-name,2.4.4;4.1.2,A,serious,4,"a[target=""_blank""][data-asw-org-font-size=""14""]:nth-child(1)",04d1f7a7b93af749,auto-detected
F000339,P007,W02,link-name,2.4.4;4.1.2,A,serious,4,"a[target=""_blank""][data-asw-org-font-size=""14""]:nth-child(2)",c3a7c6d02ddb42dd,auto-detected
F000340,P007,W02,link-name,2.4.4;4.1.2,A,serious,4,"a[href=""#""][target=""_blank""][data-asw-org-font-size=""14""]:nth-child(3)",856a9d1dc441962f,auto-detected
F000341,P007,W02,link-name,2.4.4;4.1.2,A,serious,4,"a[href=""#""][target=""_blank""][data-asw-org-font-size=""14""]:nth-child(4)",030f398382c06353,auto-detected
F000342,P008,W02,frame-title,4.1.2,A,serious,1,iframe,6c1fc4e1069f5519,auto-detected
F000343,P008,W02,heading-order,,,moderate,1,h4,1986bf6140a8c947,auto-detected
F000344,P008,W02,image-alt,1.1.1,A,critical,1,p > img,6f16a0570c339037,auto-detected
F000345,P008,W02,landmark-main-is-top-level,,,moderate,1,.py-12,35f2d260418eea65,auto-detected
F000346,P008,W02,landmark-no-duplicate-main,,,moderate,1,body > main,fb630d61e5eaa112,auto-detected
F000347,P008,W02,landmark-unique,,,moderate,1,body > main,1cc6abfe0789ab00,auto-detected
F000348,P008,W02,link-name,2.4.4;4.1.2,A,serious,4,"a[target=""_blank""][data-asw-org-font-size=""14""]:nth-child(1)",d80910f1e3180883,auto-detected
F000349,P008,W02,link-name,2.4.4;4.1.2,A,serious,4,"a[target=""_blank""][data-asw-org-font-size=""14""]:nth-child(2)",5d0dd3a7746595f8,auto-detected
F000350,P008,W02,link-name,2.4.4;4.1.2,A,serious,4,"a[href=""#""][target=""_blank""][data-asw-org-font-size=""14""]:nth-child(3)",7927c4ce71bda02c,auto-detected
F000351,P008,W02,link-name,2.4.4;4.1.2,A,serious,4,"a[href=""#""][target=""_blank""][data-asw-org-font-size=""14""]:nth-child(4)",78c2eb68b9c6235a,auto-detected
F000352,P009,W02,button-name,4.1.2,A,critical,2,.right-3,d69ccdb50800536c,auto-detected
F000353,P009,W02,button-name,4.1.2,A,critical,2,.disabled\:opacity-50,6f4ae0f177126ed8,auto-detected
F000354,P009,W02,color-contrast,1.4.3,AA,serious,3,".hover\:shadow-lg.rounded-xl.overflow-hidden:nth-child(1) > .p-6.flex-grow.flex-col > .text-xs.text-gray-400.mb-3 > .gap-1[data-asw-org-font-size=""12""]",f8b30572702892e3,auto-detected
F000355,P009,W02,color-contrast,1.4.3,AA,serious,3,".hover\:shadow-lg.rounded-xl.overflow-hidden:nth-child(2) > .p-6.flex-grow.flex-col > .text-xs.text-gray-400.mb-3 > .gap-1[data-asw-org-font-size=""12""]",5a0c0dff945c367d,auto-detected
F000356,P009,W02,color-contrast,1.4.3,AA,serious,3,".hover\:shadow-lg.rounded-xl.overflow-hidden:nth-child(3) > .p-6.flex-grow.flex-col > .text-xs.text-gray-400.mb-3 > .gap-1[data-asw-org-font-size=""12""]",df018f18bd8baa9d,auto-detected
F000357,P009,W02,frame-title,4.1.2,A,serious,1,iframe,10348501d3dd04aa,auto-detected
F000358,P009,W02,heading-order,,,moderate,1,h4,807129efb3280364,auto-detected
F000359,P009,W02,landmark-unique,,,moderate,1,.shadow-md,041f7113c1891efd,auto-detected
F000360,P009,W02,link-name,2.4.4;4.1.2,A,serious,5,.hover\:border-primary,01b7cd6e5d67f5ad,auto-detected
F000361,P009,W02,link-name,2.4.4;4.1.2,A,serious,5,"a[target=""_blank""][data-asw-org-font-size=""14""]:nth-child(1)",dffed29f80b1e0a1,auto-detected
F000362,P009,W02,link-name,2.4.4;4.1.2,A,serious,5,"a[target=""_blank""][data-asw-org-font-size=""14""]:nth-child(2)",9bead8aab4d9f49c,auto-detected
F000363,P009,W02,link-name,2.4.4;4.1.2,A,serious,5,"a[href=""#""][target=""_blank""][data-asw-org-font-size=""14""]:nth-child(3)",93682ad5f15a5e07,auto-detected
F000364,P009,W02,link-name,2.4.4;4.1.2,A,serious,5,"a[href=""#""][target=""_blank""][data-asw-org-font-size=""14""]:nth-child(4)",b9ba4c8a781079be,auto-detected
F000365,P010,W02,frame-title,4.1.2,A,serious,1,iframe,584b8cafb766d900,auto-detected
F000366,P010,W02,heading-order,,,moderate,1,h4,dc6424127ccd96f9,auto-detected
F000367,P010,W02,landmark-main-is-top-level,,,moderate,1,.py-12,ce4a2520d795aea6,auto-detected
F000368,P010,W02,landmark-no-duplicate-main,,,moderate,1,body > main,1cc3c234a7f64a7b,auto-detected
F000369,P010,W02,landmark-unique,,,moderate,1,body > main,0bea305dd36c2754,auto-detected
F000370,P010,W02,link-name,2.4.4;4.1.2,A,serious,4,"a[target=""_blank""][data-asw-org-font-size=""14""]:nth-child(1)",b340eceebabf25c9,auto-detected
F000371,P010,W02,link-name,2.4.4;4.1.2,A,serious,4,"a[target=""_blank""][data-asw-org-font-size=""14""]:nth-child(2)",c53842712a46952d,auto-detected
F000372,P010,W02,link-name,2.4.4;4.1.2,A,serious,4,"a[href=""#""][target=""_blank""][data-asw-org-font-size=""14""]:nth-child(3)",1006a6897734eca5,auto-detected
F000373,P010,W02,link-name,2.4.4;4.1.2,A,serious,4,"a[href=""#""][target=""_blank""][data-asw-org-font-size=""14""]:nth-child(4)",aeebe613a88f7ed3,auto-detected
F000374,P011,W03,button-name,4.1.2,A,critical,6,.sm\:left-4,42accc874ecfce38,auto-detected
F000375,P011,W03,button-name,4.1.2,A,critical,6,.sm\:right-4,93ea19847bb2925a,auto-detected
F000376,P011,W03,button-name,4.1.2,A,critical,6,"button[onclick=""showslide(0)""]",f18845304646a2fe,auto-detected
F000377,P011,W03,button-name,4.1.2,A,critical,6,"button[onclick=""showslide(1)""]",07a4ca1fc72a8e08,auto-detected
F000378,P011,W03,button-name,4.1.2,A,critical,6,"button[onclick=""showslide(2)""]",e15048dc4beb2313,auto-detected
F000379,P011,W03,button-name,4.1.2,A,critical,6,"button[onclick=""showslide(3)""]",f9250fe14a6330b5,auto-detected
F000380,P011,W03,color-contrast,1.4.3,AA,serious,5,.mt-6,e2a2c45c533b12bb,auto-detected
F000381,P011,W03,color-contrast,1.4.3,AA,serious,5,.h-full:nth-child(1) > .shadow-md.hover\:shadow-xl.rounded-2xl > .flex-grow.p-6.flex-col > .mt-auto.inline-flex.text-\[\#ff8000\],d498fe2a2b8cc70b,auto-detected
F000382,P011,W03,color-contrast,1.4.3,AA,serious,5,.h-full:nth-child(2) > .shadow-md.hover\:shadow-xl.rounded-2xl > .flex-grow.p-6.flex-col > .mt-auto.inline-flex.text-\[\#ff8000\],993642856c416d45,auto-detected
F000383,P011,W03,color-contrast,1.4.3,AA,serious,5,.h-full:nth-child(3) > .shadow-md.hover\:shadow-xl.rounded-2xl > .flex-grow.p-6.flex-col > .mt-auto.inline-flex.text-\[\#ff8000\],52128bf5b2cf1dd8,auto-detected
F000384,P011,W03,color-contrast,1.4.3,AA,serious,5,.col-span-3 > .text-gray-500,fc7ec2f4e411676d,auto-detected
F000385,P011,W03,frame-title,4.1.2,A,serious,1,iframe,87d3d2fb7bc653dd,auto-detected
F000386,P011,W03,region,,,moderate,29,.carousel-slide.duration-700.transition-opacity:nth-child(2),ca02f647838ef43e,auto-detected
F000387,P011,W03,region,,,moderate,29,.py-10,26d79963d5ff2bb1,auto-detected
F000388,P011,W03,region,,,moderate,29,.py-20:nth-child(4),44c5c37bb362cf4b,auto-detected
F000389,P011,W03,region,,,moderate,29,.bg-gray-50,7cf28ca7eae28490,auto-detected
F000390,P011,W03,region,,,moderate,29,.py-20:nth-child(6) > .max-w-6xl.px-6.container > .sm\:flex-row.sm\:justify-between.sm\:items-center,d582e98c9f45722a,auto-detected
F000391,P011,W03,region,,,moderate,29,.h-full:nth-child(1) > .shadow-md.hover\:shadow-xl.rounded-2xl > .h-56.overflow-hidden.block > .group-hover\:scale-105.duration-500.object-cover,00a727289484d5b4,auto-detected
F000392,P011,W03,region,,,moderate,29,.h-full:nth-child(1) > .shadow-md.hover\:shadow-xl.rounded-2xl > .p-5.flex-grow.flex-col > .mb-4.line-clamp-2,572f4cb5e5e6cd7a,auto-detected
F000393,P011,W03,region,,,moderate,29,.h-full:nth-child(1) > .shadow-md.hover\:shadow-xl.rounded-2xl > .p-5.flex-grow.flex-col > .mt-auto.text-gray-500.justify-between > .items-center.flex:nth-child(1) > .line-clamp-1,3e73e7be2578ec3e,auto-detected
F000394,P011,W03,region,,,moderate,29,.h-full:nth-child(1) > .shadow-md.hover\:shadow-xl.rounded-2xl > .p-5.flex-grow.flex-col > .mt-auto.text-gray-500.justify-between > .items-center.flex:nth-child(2),5a3f9755fc764bbd,auto-detected
F000395,P011,W03,region,,,moderate,29,.h-full:nth-child(2) > .shadow-md.hover\:shadow-xl.rounded-2xl > .h-56.overflow-hidden.block > .group-hover\:scale-105.duration-500.object-cover,d0aa1d1e89bdb0fb,auto-detected
F000396,P011,W03,region,,,moderate,29,.h-full:nth-child(2) > .shadow-md.hover\:shadow-xl.rounded-2xl > .p-5.flex-grow.flex-col > .mb-4.line-clamp-2,76545b00894acbdf,auto-detected
F000397,P011,W03,region,,,moderate,29,.h-full:nth-child(2) > .shadow-md.hover\:shadow-xl.rounded-2xl > .p-5.flex-grow.flex-col > .mt-auto.text-gray-500.justify-between > .items-center.flex:nth-child(1) > .line-clamp-1,da3780390bbd73b5,auto-detected
F000398,P011,W03,region,,,moderate,29,.h-full:nth-child(2) > .shadow-md.hover\:shadow-xl.rounded-2xl > .p-5.flex-grow.flex-col > .mt-auto.text-gray-500.justify-between > .items-center.flex:nth-child(2),79c56c9e49fcc205,auto-detected
F000399,P011,W03,region,,,moderate,29,.h-full:nth-child(3) > .shadow-md.hover\:shadow-xl.rounded-2xl > .h-56.overflow-hidden.block > .group-hover\:scale-105.duration-500.object-cover,8fce1053825d6360,auto-detected
F000400,P011,W03,region,,,moderate,29,.h-full:nth-child(3) > .shadow-md.hover\:shadow-xl.rounded-2xl > .p-5.flex-grow.flex-col > .mb-4.line-clamp-2,9182abac03047b30,auto-detected
F000401,P011,W03,region,,,moderate,29,.h-full:nth-child(3) > .shadow-md.hover\:shadow-xl.rounded-2xl > .p-5.flex-grow.flex-col > .mt-auto.text-gray-500.justify-between > .items-center.flex:nth-child(1) > .line-clamp-1,d3299e3ee3e3ace0,auto-detected
F000402,P011,W03,region,,,moderate,29,.h-full:nth-child(3) > .shadow-md.hover\:shadow-xl.rounded-2xl > .p-5.flex-grow.flex-col > .mt-auto.text-gray-500.justify-between > .items-center.flex:nth-child(2),c38239238f8356bf,auto-detected
F000403,P011,W03,region,,,moderate,29,.py-18,1d4fc6d7bc81a77b,auto-detected
F000404,P011,W03,region,,,moderate,29,.z-0,4bdde2bce3064022,auto-detected
F000405,P011,W03,region,,,moderate,29,.mb-12,c1a425ead2e2e5b1,auto-detected
F000406,P011,W03,region,,,moderate,29,"div[x-data=""{ open: false }""]:nth-child(1) > .bg-white\/10.hover\:bg-white\/20[\@click\.prevent=""open = true""] > .gap-4.items-center.flex > div:nth-child(2)",3f995fe86d3be3f0,auto-detected
F000407,P011,W03,region,,,moderate,29,"div[x-data=""{ open: false }""]:nth-child(2) > .bg-white\/10.hover\:bg-white\/20[\@click\.prevent=""open = true""] > .gap-4.items-center.flex > div:nth-child(2)",e5e76cad77b61e5d,auto-detected
F000408,P011,W03,region,,,moderate,29,"div[x-data=""{ open: false }""]:nth-child(3) > .bg-white\/10.hover\:bg-white\/20[\@click\.prevent=""open = true""] > .gap-4.items-center.flex > div:nth-child(2)",1e440c1a0e37de68,auto-detected
F000409,P011,W03,region,,,moderate,29,"div[x-data=""{ open: false }""]:nth-child(4) > .bg-white\/10.hover\:bg-white\/20[\@click\.prevent=""open = true""] > .gap-4.items-center.flex > div:nth-child(2)",4ceeba6840721fe5,auto-detected
F000410,P011,W03,region,,,moderate,29,"div[x-data=""{ open: false }""]:nth-child(5) > .bg-white\/10.hover\:bg-white\/20[\@click\.prevent=""open = true""] > .gap-4.items-center.flex > div:nth-child(2)",db31baac445bc1f2,auto-detected
F000411,P011,W03,region,,,moderate,29,"div[x-data=""{ open: false }""]:nth-child(6) > .bg-white\/10.hover\:bg-white\/20[\@click\.prevent=""open = true""] > .gap-4.items-center.flex > div:nth-child(2)",44ef938bff8f3533,auto-detected
F000412,P011,W03,region,,,moderate,29,"div[x-data=""{ open: false }""]:nth-child(7) > .bg-white\/10.hover\:bg-white\/20[\@click\.prevent=""open = true""] > .gap-4.items-center.flex > div:nth-child(2)",505cfb3d87789c3d,auto-detected
F000413,P011,W03,region,,,moderate,29,"div[x-data=""{ open: false }""]:nth-child(8) > .bg-white\/10.hover\:bg-white\/20[\@click\.prevent=""open = true""] > .gap-4.items-center.flex > div:nth-child(2)",0b33ffe823b108fe,auto-detected
F000414,P011,W03,region,,,moderate,29,.after\:bg-\[\#ff6b00\],b90bb935778ab552,auto-detected
F000415,P012,W03,landmark-one-main,,,moderate,1,html,adb87c5a10e01b15,auto-detected
F000416,P012,W03,region,,,moderate,7,.heading,e92504c982484817,auto-detected
F000417,P012,W03,region,,,moderate,7,section:nth-child(4),52fc0423a73519dc,auto-detected
F000418,P012,W03,region,,,moderate,7,.bg-gray-50\/50 > .max-w-6xl.container.mx-auto > h2,1bc251adb66b4855,auto-detected
F000419,P012,W03,region,,,moderate,7,section:nth-child(6) > .max-w-6xl.container.mx-auto > h2,3b49758eb52b99c1,auto-detected
F000420,P012,W03,region,,,moderate,7,.flex-1.w-full,b50f03da581b5ba5,auto-detected
F000421,P012,W03,region,,,moderate,7,.hover\:bg-blue-50\/30 > .sm\:flex-row.gap-4.items-start > .flex-1,7c70c30df88f48f1,auto-detected
F000422,P012,W03,region,,,moderate,7,.hover\:bg-green-50\/30 > .sm\:flex-row.gap-4.items-start > .flex-1,8dcb42db4869e405,auto-detected
F000423,P013,W03,landmark-one-main,,,moderate,1,html,194436d293136b77,auto-detected
F000424,P013,W03,region,,,moderate,2,.heading,98e5b84578e63217,auto-detected
F000425,P013,W03,region,,,moderate,2,.p-6,3c28f2f71cfd2fc0,auto-detected
F000426,P014,W03,color-contrast,1.4.3,AA,serious,9,.h-full.group:nth-child(1) > .shadow-md.hover\:shadow-xl.hover\:-translate-y-2 > .p-6.flex-1.flex-col > .mt-auto > .inline-flex.font-medium.transition,3ed1b3657c9b4964,auto-detected
F000427,P014,W03,color-contrast,1.4.3,AA,serious,9,.h-full.group:nth-child(2) > .shadow-md.hover\:shadow-xl.hover\:-translate-y-2 > .p-6.flex-1.flex-col > .mt-auto > .inline-flex.font-medium.transition,1c11efda6e907ee6,auto-detected
F000428,P014,W03,color-contrast,1.4.3,AA,serious,9,.h-full.group:nth-child(3) > .shadow-md.hover\:shadow-xl.hover\:-translate-y-2 > .p-6.flex-1.flex-col > .mt-auto > .inline-flex.font-medium.transition,de6568a11939d819,auto-detected
F000429,P014,W03,color-contrast,1.4.3,AA,serious,9,.h-full.group:nth-child(4) > .shadow-md.hover\:shadow-xl.hover\:-translate-y-2 > .p-6.flex-1.flex-col > .mt-auto > .inline-flex.font-medium.transition,4c4c26ad40247961,auto-detected
F000430,P014,W03,color-contrast,1.4.3,AA,serious,9,.h-full.group:nth-child(5) > .shadow-md.hover\:shadow-xl.hover\:-translate-y-2 > .p-6.flex-1.flex-col > .mt-auto > .inline-flex.font-medium.transition,0b45397a322bdfd1,auto-detected
F000431,P014,W03,color-contrast,1.4.3,AA,serious,9,.h-full.group:nth-child(6) > .shadow-md.hover\:shadow-xl.hover\:-translate-y-2 > .p-6.flex-1.flex-col > .mt-auto > .inline-flex.font-medium.transition,1c29efea17451551,auto-detected
F000432,P014,W03,color-contrast,1.4.3,AA,serious,9,.h-full.group:nth-child(7) > .shadow-md.hover\:shadow-xl.hover\:-translate-y-2 > .p-6.flex-1.flex-col > .mt-auto > .inline-flex.font-medium.transition,61f20772536c755f,auto-detected
F000433,P014,W03,color-contrast,1.4.3,AA,serious,9,.h-full.group:nth-child(8) > .shadow-md.hover\:shadow-xl.hover\:-translate-y-2 > .p-6.flex-1.flex-col > .mt-auto > .inline-flex.font-medium.transition,79f2fdb949fa1218,auto-detected
F000434,P014,W03,color-contrast,1.4.3,AA,serious,9,.h-full.group:nth-child(9) > .shadow-md.hover\:shadow-xl.hover\:-translate-y-2 > .p-6.flex-1.flex-col > .mt-auto > .inline-flex.font-medium.transition,625002cabb5e6e67,auto-detected
F000435,P014,W03,heading-order,,,moderate,1,.h-full.group:nth-child(1) > .shadow-md.hover\:shadow-xl.hover\:-translate-y-2 > .p-6.flex-1.flex-col > .text-xl.line-clamp-2,f6dd3ad570431fdb,auto-detected
F000436,P014,W03,landmark-one-main,,,moderate,1,html,5de13e9b642d98e2,auto-detected
F000437,P014,W03,region,,,moderate,4,.heading,76377cd168c703f8,auto-detected
F000438,P014,W03,region,,,moderate,4,.md\:grid-cols-2,f0819f13c5dfc88e,auto-detected
F000439,P014,W03,region,,,moderate,4,.md\:flex.space-x-2.hidden,c7ef5e9534cd9767,auto-detected
F000440,P014,W03,region,,,moderate,4,.hover\:bg-gray-50.border.border-gray-200 > span,68ad6fb2833aa5b3,auto-detected
F000441,P015,W03,color-contrast,1.4.3,AA,serious,1,.md\:text-\[16px\],51a2071cd70f6341,auto-detected
F000442,P015,W03,landmark-one-main,,,moderate,1,html,792bb815069a0b56,auto-detected
F000443,P015,W03,link-name,2.4.4;4.1.2,A,serious,1,.w-10,c50649fb3f848902,auto-detected
F000444,P015,W03,region,,,moderate,1,.lg\:grid-cols-3,54bac94209e002d7,auto-detected
F000445,P016,W04,aria-dialog-name,,,serious,1,#surveymodal,80657d08b705e103,auto-detected
F000446,P016,W04,color-contrast,1.4.3,AA,serious,2,".active.nav-link[href$=""dinsos.riau.go.id""]",45e8a7c8319b74e5,auto-detected
F000447,P016,W04,color-contrast,1.4.3,AA,serious,2,.footer-copyright,32bf4632e7866b1e,auto-detected
F000448,P016,W04,frame-title,4.1.2,A,serious,1,.map-placeholder,da4153a2786b916b,auto-detected
F000449,P016,W04,heading-order,,,moderate,3,.carousel-item.active > .carousel-caption.d-none.d-md-block > h5,eea88d289a8abbb9,auto-detected
F000450,P016,W04,heading-order,,,moderate,3,.mb-1,cc45ce994db63afd,auto-detected
F000451,P016,W04,heading-order,,,moderate,3,"div[data-aos-delay=""300""] > .card-news.h-100.card > .p-3.card-body > h6",ecf016ced61c6066,auto-detected
F000452,P016,W04,link-name,2.4.4;4.1.2,A,serious,10,".social-icons > a[href=""#""]:nth-child(1)",130ced3ee7835ff2,auto-detected
F000453,P016,W04,link-name,2.4.4;4.1.2,A,serious,10,".social-icons > a[href=""#""]:nth-child(2)",da649eef7e0bfc64,auto-detected
F000454,P016,W04,link-name,2.4.4;4.1.2,A,serious,10,".social-icons > a[href=""#""]:nth-child(3)",7257f5a00d666344,auto-detected
F000455,P016,W04,link-name,2.4.4;4.1.2,A,serious,10,".social-icons > a[href=""#""]:nth-child(4)",69feb55c03357efd,auto-detected
F000456,P016,W04,link-name,2.4.4;4.1.2,A,serious,10,.btn-outline-secondary.btn-sm.rounded-pill:nth-child(2),ebf549b7c7cce2a6,auto-detected
F000457,P016,W04,link-name,2.4.4;4.1.2,A,serious,10,.mx-2,c03d07fa7249b0ac,auto-detected
F000458,P016,W04,link-name,2.4.4;4.1.2,A,serious,10,.btn-outline-secondary.btn-sm.rounded-pill:nth-child(4),670ff534f8282fe1,auto-detected
F000459,P016,W04,link-name,2.4.4;4.1.2,A,serious,10,".social-icons-footer > a[href=""#""]:nth-child(1)",9a94b06509f26b3a,auto-detected
F000460,P016,W04,link-name,2.4.4;4.1.2,A,serious,10,".social-icons-footer > a[href=""#""]:nth-child(2)",9574fc53991ad068,auto-detected
F000461,P016,W04,link-name,2.4.4;4.1.2,A,serious,10,".social-icons-footer > a[href=""#""]:nth-child(3)",d54b85e383628222,auto-detected
F000462,P017,W04,color-contrast,1.4.3,AA,serious,2,.active.nav-link,1eb1e94aa1b081a9,auto-detected
F000463,P017,W04,color-contrast,1.4.3,AA,serious,2,.footer-copyright,a105dc4c55d140ff,auto-detected
F000464,P017,W04,frame-title,4.1.2,A,serious,1,iframe,cfdd136ef7db6525,auto-detected
F000465,P017,W04,heading-order,,,moderate,2,".col-md-5[data-aos=""fade-right""][data-aos-delay=""100""] > .card.h-100.border-0 > .card-body.p-4.text-center > h4",c053a154987322f1,auto-detected
F000466,P017,W04,heading-order,,,moderate,2,.col-md-6.mb-lg-0.col-lg-4:nth-child(1) > h5,ed0a39f0b3dc4d4f,auto-detected
F000467,P017,W04,link-name,2.4.4;4.1.2,A,serious,7,".social-icons > a[href=""#""]:nth-child(1)",5c6272326015d71c,auto-detected
F000468,P017,W04,link-name,2.4.4;4.1.2,A,serious,7,".social-icons > a[href=""#""]:nth-child(2)",26944fb3a03358dd,auto-detected
F000469,P017,W04,link-name,2.4.4;4.1.2,A,serious,7,".social-icons > a[href=""#""]:nth-child(3)",5e48ac6d7846fdb2,auto-detected
F000470,P017,W04,link-name,2.4.4;4.1.2,A,serious,7,"a[href=""#""]:nth-child(4)",2739f564fcfebe3a,auto-detected
F000471,P017,W04,link-name,2.4.4;4.1.2,A,serious,7,".social-icons-footer > a[href=""#""]:nth-child(1)",2f8ed3e63e3bdb6f,auto-detected
F000472,P017,W04,link-name,2.4.4;4.1.2,A,serious,7,".social-icons-footer > a[href=""#""]:nth-child(2)",e7f55af9651d7b4c,auto-detected
F000473,P017,W04,link-name,2.4.4;4.1.2,A,serious,7,".social-icons-footer > a[href=""#""]:nth-child(3)",5da93afe36755a2a,auto-detected
F000474,P018,W04,color-contrast,1.4.3,AA,serious,3,.article-category,381b8610c3cb81ae,auto-detected
F000475,P018,W04,color-contrast,1.4.3,AA,serious,3,.article-meta,7fe1729178952b82,auto-detected
F000476,P018,W04,color-contrast,1.4.3,AA,serious,3,.footer-copyright,0ef664c69d39581a,auto-detected
F000477,P018,W04,frame-title,4.1.2,A,serious,1,iframe,92a724784899c7ef,auto-detected
F000478,P018,W04,heading-order,,,moderate,1,.card-body > .fw-bold,499d4e60f1ac2d69,auto-detected
F000479,P018,W04,link-name,2.4.4;4.1.2,A,serious,7,".social-icons > a[href=""#""]:nth-child(1)",021ef9b4380c0b0c,auto-detected
F000480,P018,W04,link-name,2.4.4;4.1.2,A,serious,7,".social-icons > a[href=""#""]:nth-child(2)",b414801ed02f29e1,auto-detected
F000481,P018,W04,link-name,2.4.4;4.1.2,A,serious,7,".social-icons > a[href=""#""]:nth-child(3)",3ab32194fc626e40,auto-detected
F000482,P018,W04,link-name,2.4.4;4.1.2,A,serious,7,"a[href=""#""]:nth-child(4)",d4d936c4399701ba,auto-detected
F000483,P018,W04,link-name,2.4.4;4.1.2,A,serious,7,".social-icons-footer > a[href=""#""]:nth-child(1)",fa64f78248d8335d,auto-detected
F000484,P018,W04,link-name,2.4.4;4.1.2,A,serious,7,".social-icons-footer > a[href=""#""]:nth-child(2)",020ff0e2fc3acdbe,auto-detected
F000485,P018,W04,link-name,2.4.4;4.1.2,A,serious,7,".social-icons-footer > a[href=""#""]:nth-child(3)",f9f70b91da94675f,auto-detected
F000486,P019,W04,color-contrast,1.4.3,AA,serious,5,.active.nav-link,44f2e5bef530bd12,auto-detected
F000487,P019,W04,color-contrast,1.4.3,AA,serious,5,.col-md-4.hot-news-small-bottom.mb-3:nth-child(1) > .card-placeholder > span,abfbe09884afa53f,auto-detected
F000488,P019,W04,color-contrast,1.4.3,AA,serious,5,.col-md-4.hot-news-small-bottom.mb-3:nth-child(2) > .card-placeholder > span,82f4252993dc44eb,auto-detected
F000489,P019,W04,color-contrast,1.4.3,AA,serious,5,.col-md-4.hot-news-small-bottom.mb-3:nth-child(3) > .card-placeholder > span,1b343db9834fffeb,auto-detected
F000490,P019,W04,color-contrast,1.4.3,AA,serious,5,.footer-copyright,ee0a1067073644de,auto-detected
F000491,P019,W04,frame-title,4.1.2,A,serious,1,iframe,a54297e87dd63ba9,auto-detected
F000492,P019,W04,heading-order,,,moderate,2,.hot-news-large > .card-news-hover.h-100.card > .card-hover-caption > h6,70b2da95c519a6ba,auto-detected
F000493,P019,W04,heading-order,,,moderate,2,.card-body > .fw-bold,3c6d4142be3699ca,auto-detected
F000494,P019,W04,link-name,2.4.4;4.1.2,A,serious,10,".social-icons > a[href=""#""]:nth-child(1)",1ce5b0b8059a5377,auto-detected
F000495,P019,W04,link-name,2.4.4;4.1.2,A,serious,10,".social-icons > a[href=""#""]:nth-child(2)",78dffcf30866f1bf,auto-detected
F000496,P019,W04,link-name,2.4.4;4.1.2,A,serious,10,".social-icons > a[href=""#""]:nth-child(3)",95db0cf50c6eca9d,auto-detected
F000497,P019,W04,link-name,2.4.4;4.1.2,A,serious,10,"a[href=""#""]:nth-child(4)",1bd57772dc1605cc,auto-detected
F000498,P019,W04,link-name,2.4.4;4.1.2,A,serious,10,.hot-news-large > .card-news-hover.h-100.card > .stretched-link,b4d9547a754f252d,auto-detected
F000499,P019,W04,link-name,2.4.4;4.1.2,A,serious,10,.hot-news-small-top.col-md-6.mb-3:nth-child(1) > .card-news-hover.h-100.card > .stretched-link,12b65a29adc75ab4,auto-detected
F000500,P019,W04,link-name,2.4.4;4.1.2,A,serious,10,.hot-news-small-top.col-md-6.mb-3:nth-child(2) > .card-news-hover.h-100.card > .stretched-link,c542f43f6d3cc0ef,auto-detected
F000501,P019,W04,link-name,2.4.4;4.1.2,A,serious,10,".social-icons-footer > a[href=""#""]:nth-child(1)",c53b5e7bf07697eb,auto-detected
F000502,P019,W04,link-name,2.4.4;4.1.2,A,serious,10,".social-icons-footer > a[href=""#""]:nth-child(2)",5c880055a974c5ac,auto-detected
F000503,P019,W04,link-name,2.4.4;4.1.2,A,serious,10,".social-icons-footer > a[href=""#""]:nth-child(3)",d54a35f748f62cdf,auto-detected
F000504,P019,W04,page-has-heading-one,,,moderate,1,html,b702b37b20654dd0,auto-detected
F000505,P020,W04,color-contrast,1.4.3,AA,serious,3,#ppiddropdown,5da35cd1f18d5c09,auto-detected
F000506,P020,W04,color-contrast,1.4.3,AA,serious,3,#layanandropdown,dc7ff5feeb6b6cfc,auto-detected
F000507,P020,W04,color-contrast,1.4.3,AA,serious,3,.footer-copyright,7be17d7f53500f6e,auto-detected
F000508,P020,W04,frame-title,4.1.2,A,serious,2,"iframe[frameborder=""0""]",57c5ada036e20726,auto-detected
F000509,P020,W04,frame-title,4.1.2,A,serious,2,.map-placeholder,8e69fca8ab4fb0e2,auto-detected
F000510,P020,W04,heading-order,,,moderate,1,.col-md-6.mb-lg-0.col-lg-4:nth-child(1) > h5,96484680d8503d86,auto-detected
F000511,P020,W04,link-name,2.4.4;4.1.2,A,serious,7,".social-icons > a[href=""#""]:nth-child(1)",cca27c674a5c1c07,auto-detected
F000512,P020,W04,link-name,2.4.4;4.1.2,A,serious,7,".social-icons > a[href=""#""]:nth-child(2)",4b8e420c98771e44,auto-detected
F000513,P020,W04,link-name,2.4.4;4.1.2,A,serious,7,".social-icons > a[href=""#""]:nth-child(3)",6addacabb17ab960,auto-detected
F000514,P020,W04,link-name,2.4.4;4.1.2,A,serious,7,"a[href=""#""]:nth-child(4)",d8ae434171304cfa,auto-detected
F000515,P020,W04,link-name,2.4.4;4.1.2,A,serious,7,".social-icons-footer > a[href=""#""]:nth-child(1)",f76ec31b7e9c28b5,auto-detected
F000516,P020,W04,link-name,2.4.4;4.1.2,A,serious,7,".social-icons-footer > a[href=""#""]:nth-child(2)",d419e9f1bca1dc4e,auto-detected
F000517,P020,W04,link-name,2.4.4;4.1.2,A,serious,7,".social-icons-footer > a[href=""#""]:nth-child(3)",052eb592d8e9074d,auto-detected
F000518,P020,W04,page-has-heading-one,,,moderate,1,html,62284ae9b9eb1d16,auto-detected
F000519,P021,W05,button-name,4.1.2,A,critical,7,".owl-themex > .owl-dots > .owl-dot.active[role=""button""]",1ce7dd79f35aaeaf,auto-detected
F000520,P021,W05,button-name,4.1.2,A,critical,7,".owl-themex > .owl-dots > .owl-dot[role=""button""]:nth-child(2)",d49f901ae750bf73,auto-detected
F000521,P021,W05,button-name,4.1.2,A,critical,7,".owl-dot[role=""button""]:nth-child(3)",624900289f71e08f,auto-detected
F000522,P021,W05,button-name,4.1.2,A,critical,7,".section-service-link > .owl-section-service-link.owl-carousel.owl-loaded > .owl-dots > .owl-dot.active[role=""button""]",09a559bf9ce6da27,auto-detected
F000523,P021,W05,button-name,4.1.2,A,critical,7,".section-service-link > .owl-section-service-link.owl-carousel.owl-loaded > .owl-dots > .owl-dot[role=""button""]:nth-child(2)",4a6ac174ac492c2e,auto-detected
F000524,P021,W05,button-name,4.1.2,A,critical,7,".section-heyzine > .owl-section-service-link.owl-carousel.owl-loaded > .owl-dots > .owl-dot.active[role=""button""]",d6bb4f905be5008a,auto-detected
F000525,P021,W05,button-name,4.1.2,A,critical,7,".section-heyzine > .owl-section-service-link.owl-carousel.owl-loaded > .owl-dots > .owl-dot[role=""button""]:nth-child(2)",13bf0b6418a1f54d,auto-detected
F000526,P021,W05,color-contrast,1.4.3,AA,serious,2,".btn.btn-light[href$=""video-informasi/""]",9ecc2e21e668395e,auto-detected
F000527,P021,W05,color-contrast,1.4.3,AA,serious,2,"a[href$=""ebook-weekly/""]",c48322f882e26a97,auto-detected
F000528,P021,W05,heading-order,,,moderate,2,".cloned.owl-item:nth-child(1) > .news-card.to-animate[data-animation=""animate__fadeinright""] > a > .content > h4",e254fc2d8875fe9a,auto-detected
F000529,P021,W05,heading-order,,,moderate,2,".program-card[data-animation=""animate__fadeinleft""][data-delay=""0.1s""] > div > h6[data-asw-org-font-size=""20""]",b219e17d7d8171d6,auto-detected
F000530,P021,W05,image-alt,1.1.1,A,critical,16,".cloned.owl-item:nth-child(1) > .heyzine-card.item[data-delay=""0.3s""] > a > .rounded.w-100[src$=""0bbbb1dc59.jpg""]",7ac5bf128f43fac7,auto-detected
F000531,P021,W05,image-alt,1.1.1,A,critical,16,".cloned.owl-item:nth-child(2) > .heyzine-card.item[data-delay=""0.3s""] > a > .rounded.w-100[src=""img/798d5fa986.jpg""]",c1fcb84dbbfa579c,auto-detected
F000532,P021,W05,image-alt,1.1.1,A,critical,16,".cloned.owl-item:nth-child(3) > .heyzine-card.item[data-delay=""0.3s""] > a > .rounded.w-100[src$=""2ec3440acf.jpg""]",ee84555e1888e72a,auto-detected
F000533,P021,W05,image-alt,1.1.1,A,critical,16,".cloned.owl-item:nth-child(4) > .heyzine-card.item[data-delay=""0.3s""] > a > .rounded.w-100[src$=""5a578c68ab.jpg""]",668f70b46be78d79,auto-detected
F000534,P021,W05,image-alt,1.1.1,A,critical,16,".active.owl-item:nth-child(5) > .heyzine-card.item[data-delay=""0.3s""] > a > .rounded.w-100[src$=""95760c8eab.jpg""]",4ecdf94bdedd2bf3,auto-detected
F000535,P021,W05,image-alt,1.1.1,A,critical,16,".active.owl-item:nth-child(6) > .heyzine-card.item[data-delay=""0.3s""] > a > .rounded.w-100[src$=""2c42f2a2cd.jpg""]",8d26f390d871d88c,auto-detected
F000536,P021,W05,image-alt,1.1.1,A,critical,16,".active.owl-item:nth-child(7) > .heyzine-card.item[data-delay=""0.3s""] > .rounded.w-100[src=""img/43730ef498.jpg""]",5790bb6ce07b9a5b,auto-detected
F000537,P021,W05,image-alt,1.1.1,A,critical,16,".active.owl-item:nth-child(8) > .heyzine-card.item[data-delay=""0.3s""] > a > .rounded.w-100[src=""img/5e30279c12.jpg""]",c45172e125ebab97,auto-detected
F000538,P021,W05,image-alt,1.1.1,A,critical,16,".owl-item:nth-child(9) > .heyzine-card.item[data-delay=""0.3s""] > a > .rounded.w-100[src$=""0bbbb1dc59.jpg""]",48976fdfb6ce336d,auto-detected
F000539,P021,W05,image-alt,1.1.1,A,critical,16,".owl-item:nth-child(10) > .heyzine-card.item[data-delay=""0.3s""] > a > .rounded.w-100[src=""img/798d5fa986.jpg""]",9d1bd29110f915f3,auto-detected
F000540,P021,W05,image-alt,1.1.1,A,critical,16,".owl-item:nth-child(11) > .heyzine-card.item[data-delay=""0.3s""] > a > .rounded.w-100[src$=""2ec3440acf.jpg""]",1ab0645719c8f794,auto-detected
F000541,P021,W05,image-alt,1.1.1,A,critical,16,".owl-item:nth-child(12) > .heyzine-card.item[data-delay=""0.3s""] > a > .rounded.w-100[src$=""5a578c68ab.jpg""]",1f56608f08623e47,auto-detected
F000542,P021,W05,image-alt,1.1.1,A,critical,16,".cloned.owl-item:nth-child(13) > .heyzine-card.item[data-delay=""0.3s""] > a > .rounded.w-100[src$=""95760c8eab.jpg""]",71250e726e97fc4d,auto-detected
F000543,P021,W05,image-alt,1.1.1,A,critical,16,".cloned.owl-item:nth-child(14) > .heyzine-card.item[data-delay=""0.3s""] > a > .rounded.w-100[src$=""2c42f2a2cd.jpg""]",ba47613f358b24a7,auto-detected
F000544,P021,W05,image-alt,1.1.1,A,critical,16,".cloned.owl-item:nth-child(15) > .heyzine-card.item[data-delay=""0.3s""] > .rounded.w-100[src=""img/43730ef498.jpg""]",9959df1cd758b698,auto-detected
F000545,P021,W05,image-alt,1.1.1,A,critical,16,".cloned.owl-item:nth-child(16) > .heyzine-card.item[data-delay=""0.3s""] > a > .rounded.w-100[src=""img/5e30279c12.jpg""]",d893fa154b121262,auto-detected
F000546,P021,W05,landmark-one-main,,,moderate,1,html,3dce135638259f8c,auto-detected
F000547,P021,W05,link-name,2.4.4;4.1.2,A,serious,11,".subitem-alamat > a[href=""/""][data-asw-org-font-size=""12""][target=""_blank""]",e3eceaaa8fd449d0,auto-detected
F000548,P021,W05,link-name,2.4.4;4.1.2,A,serious,11,".item-alamat > a[href=""/""][data-asw-org-font-size=""12""][target=""_blank""]",b9c05f8c7c9ce3b9,auto-detected
F000549,P021,W05,link-name,2.4.4;4.1.2,A,serious,11,".col-sm-9 > a[href=""/""][target=""_blank""]",fc841a0968b2f2d7,auto-detected
F000550,P021,W05,link-name,2.4.4;4.1.2,A,serious,11,".box-info-footer > .row > a[href=""/""][target=""_blank""]",1ab925bbb9f516eb,auto-detected
F000551,P021,W05,link-name,2.4.4;4.1.2,A,serious,11,".box-info-footer > a[href=""/""][target=""_blank""]",2fbbd7ad4d53ad84,auto-detected
F000552,P021,W05,link-name,2.4.4;4.1.2,A,serious,11,".col-md-4 > a[href=""/""][target=""_blank""]",8c5a72ae6be04710,auto-detected
F000553,P021,W05,link-name,2.4.4;4.1.2,A,serious,11,".container > .row:nth-child(2) > a[href=""/""][target=""_blank""]",b45f251f41bf1c5b,auto-detected
F000554,P021,W05,link-name,2.4.4;4.1.2,A,serious,11,".col-md-8 > a[href=""/""][target=""_blank""]",7ed901b5dcd05bf9,auto-detected
F000555,P021,W05,link-name,2.4.4;4.1.2,A,serious,11,"a[data-asw-org-font-size=""0""]",80f5d277ca17ec84,auto-detected
F000556,P021,W05,link-name,2.4.4;4.1.2,A,serious,11,".ul.menu-footer > a[href=""/""][target=""_blank""][data-asw-org-font-size=""14""]",a4ebac8a1a75c8fe,auto-detected
F000557,P021,W05,link-name,2.4.4;4.1.2,A,serious,11,"a[href=""/""][data-asw-org-font-size=""13""][target=""_blank""]",49beea92f920ebae,auto-detected
F000558,P021,W05,list,1.3.1,A,serious,1,.item-menu-footer:nth-child(2) > .ul.menu-footer,48bc44f2010c22ac,auto-detected
F000559,P021,W05,page-has-heading-one,,,moderate,1,html,3175cbe46d61d649,auto-detected
F000560,P021,W05,region,,,moderate,14,.section-banner-beranda,60efe4203b8b8126,auto-detected
F000561,P021,W05,region,,,moderate,14,#j-vscreen-news-sm,2378b374314773e8,auto-detected
F000562,P021,W05,region,,,moderate,14,#j-vscreen-news-lg,191a46c69c2f827a,auto-detected
F000563,P021,W05,region,,,moderate,14,.owl-themex > .owl-stage-outer,eb0f0e70b144c8f2,auto-detected
F000564,P021,W05,region,,,moderate,14,.owl-banner-carousel > .owl-stage-outer,f40276c507b52d60,auto-detected
F000565,P021,W05,region,,,moderate,14,#pills-tab,d2f0ce7f3315e133,auto-detected
F000566,P021,W05,region,,,moderate,14,#bansos,65d6793ae76b0124,auto-detected
F000567,P021,W05,region,,,moderate,14,.tag-konten:nth-child(2),58f184248b4da10c,auto-detected
F000568,P021,W05,region,,,moderate,14,.owl-youtube > .owl-stage-outer,e0ae5b3a87011416,auto-detected
F000569,P021,W05,region,,,moderate,14,.tag-konten:nth-child(4),04e608a7e3e03987,auto-detected
F000570,P021,W05,region,,,moderate,14,.section-service-link > .owl-section-service-link.owl-carousel.owl-loaded > .owl-stage-outer,e87ec8c930e6ff74,auto-detected
F000571,P021,W05,region,,,moderate,14,.tag-konten:nth-child(6),4ef6881e260626ac,auto-detected
F000572,P021,W05,region,,,moderate,14,.section-heyzine > .owl-section-service-link.owl-carousel.owl-loaded > .owl-stage-outer,e7eebffdb569b2de,auto-detected
F000573,P021,W05,region,,,moderate,14,.section-footer,6ee40d30c7f058dc,auto-detected
F000574,P022,W05,landmark-one-main,,,moderate,1,html,5481c4f758d8c3db,auto-detected
F000575,P022,W05,link-name,2.4.4;4.1.2,A,serious,11,".subitem-alamat > a[data-asw-org-font-size=""12""][href=""/""][target=""_blank""]",beada9c1b81985b0,auto-detected
F000576,P022,W05,link-name,2.4.4;4.1.2,A,serious,11,".item-alamat > a[data-asw-org-font-size=""12""][href=""/""][target=""_blank""]",3d0d20e7c0648b2b,auto-detected
F000577,P022,W05,link-name,2.4.4;4.1.2,A,serious,11,".col-sm-9 > a[href=""/""][target=""_blank""][data-asw-org-font-size=""16""]",48c496670c60bd26,auto-detected
F000578,P022,W05,link-name,2.4.4;4.1.2,A,serious,11,".box-info-footer > .row > a[href=""/""][target=""_blank""][data-asw-org-font-size=""16""]",5171703f160d8092,auto-detected
F000579,P022,W05,link-name,2.4.4;4.1.2,A,serious,11,".box-info-footer > a[href=""/""][target=""_blank""][data-asw-org-font-size=""16""]",258e09191ab09c0c,auto-detected
F000580,P022,W05,link-name,2.4.4;4.1.2,A,serious,11,".col-md-4 > a[href=""/""][target=""_blank""][data-asw-org-font-size=""16""]",e86db8e7be4bc155,auto-detected
F000581,P022,W05,link-name,2.4.4;4.1.2,A,serious,11,".wrap-footer > .row:nth-child(2) > a[href=""/""][target=""_blank""][data-asw-org-font-size=""16""]",69a708ee3593d2f4,auto-detected
F000582,P022,W05,link-name,2.4.4;4.1.2,A,serious,11,".col-md-8 > a[href=""/""][target=""_blank""][data-asw-org-font-size=""16""]",c9751dc061eafcda,auto-detected
F000583,P022,W05,link-name,2.4.4;4.1.2,A,serious,11,"a[data-asw-org-font-size=""0""]",34cab668a185185e,auto-detected
F000584,P022,W05,link-name,2.4.4;4.1.2,A,serious,11,".ul.menu-footer > a[href=""/""][target=""_blank""][data-asw-org-font-size=""14""]",78199734d4f30f2f,auto-detected
F000585,P022,W05,link-name,2.4.4;4.1.2,A,serious,11,"a[href=""/""][target=""_blank""][data-asw-org-font-size=""13""]",5adb8b9f62e54f9d,auto-detected
F000586,P022,W05,list,1.3.1,A,serious,1,.item-menu-footer:nth-child(2) > .ul.menu-footer,ef88468eea1746e6,auto-detected
F000587,P022,W05,page-has-heading-one,,,moderate,1,html,225aa9678ea06959,auto-detected
F000588,P022,W05,region,,,moderate,5,.tag-konten,d5067a7758c4964e,auto-detected
F000589,P022,W05,region,,,moderate,5,.mb-5,0fc4f096a68496a8,auto-detected
F000590,P022,W05,region,,,moderate,5,#nav-tab,a4a04ec11b965e5b,auto-detected
F000591,P022,W05,region,,,moderate,5,#pills-1,63871f5268e97f65,auto-detected
F000592,P022,W05,region,,,moderate,5,.section-footer,12070febfbb0f53d,auto-detected
F000593,P023,W05,landmark-one-main,,,moderate,1,html,d885185781c78867,auto-detected
F000594,P023,W05,link-name,2.4.4;4.1.2,A,serious,11,".subitem-alamat > a[data-asw-org-font-size=""12""][href=""/""][target=""_blank""]",9072210e7f8d97c9,auto-detected
F000595,P023,W05,link-name,2.4.4;4.1.2,A,serious,11,".item-alamat > a[data-asw-org-font-size=""12""][href=""/""][target=""_blank""]",9c6906ce3738e048,auto-detected
F000596,P023,W05,link-name,2.4.4;4.1.2,A,serious,11,".col-sm-9 > a[href=""/""][target=""_blank""][data-asw-org-font-size=""16""]",927d37813f37e069,auto-detected
F000597,P023,W05,link-name,2.4.4;4.1.2,A,serious,11,".box-info-footer > .row > a[href=""/""][target=""_blank""][data-asw-org-font-size=""16""]",56624b7947173e14,auto-detected
F000598,P023,W05,link-name,2.4.4;4.1.2,A,serious,11,".box-info-footer > a[href=""/""][target=""_blank""][data-asw-org-font-size=""16""]",43dc73a077c42fb9,auto-detected
F000599,P023,W05,link-name,2.4.4;4.1.2,A,serious,11,".col-md-4 > a[href=""/""][target=""_blank""][data-asw-org-font-size=""16""]",21e350c865bd99c6,auto-detected
F000600,P023,W05,link-name,2.4.4;4.1.2,A,serious,11,".wrap-footer > .row:nth-child(2) > a[href=""/""][target=""_blank""][data-asw-org-font-size=""16""]",5ad887b5cebd7451,auto-detected
F000601,P023,W05,link-name,2.4.4;4.1.2,A,serious,11,".col-md-8 > a[href=""/""][target=""_blank""][data-asw-org-font-size=""16""]",cf03f3ff52b08295,auto-detected
F000602,P023,W05,link-name,2.4.4;4.1.2,A,serious,11,"a[data-asw-org-font-size=""0""]",286fb5f976f35827,auto-detected
F000603,P023,W05,link-name,2.4.4;4.1.2,A,serious,11,".ul.menu-footer > a[href=""/""][target=""_blank""][data-asw-org-font-size=""14""]",e0e92c590020dbf2,auto-detected
F000604,P023,W05,link-name,2.4.4;4.1.2,A,serious,11,"a[href=""/""][target=""_blank""][data-asw-org-font-size=""13""]",52ec3f811bc9af29,auto-detected
F000605,P023,W05,list,1.3.1,A,serious,1,.item-menu-footer:nth-child(2) > .ul.menu-footer,0e974b2de3dfcfc0,auto-detected
F000606,P023,W05,region,,,moderate,2,.container-fluid,d562c9433bad1dc9,auto-detected
F000607,P023,W05,region,,,moderate,2,.section-footer,30d523cdb064c6f8,auto-detected
F000608,P024,W05,color-contrast,1.4.3,AA,serious,6,".box-latest-news:nth-child(2) > a[data-asw-org-font-size=""16""] > .date",e32df7ee6dad11f5,auto-detected
F000609,P024,W05,color-contrast,1.4.3,AA,serious,6,".box-latest-news:nth-child(3) > a[data-asw-org-font-size=""16""] > .date",8b0edd064d9187bf,auto-detected
F000610,P024,W05,color-contrast,1.4.3,AA,serious,6,".box-latest-news:nth-child(4) > a[data-asw-org-font-size=""16""] > .date",0cd90150c6c295bd,auto-detected
F000611,P024,W05,color-contrast,1.4.3,AA,serious,6,".box-latest-news:nth-child(5) > a[data-asw-org-font-size=""16""] > .date",3e7523e0a901e7f0,auto-detected
F000612,P024,W05,color-contrast,1.4.3,AA,serious,6,".box-latest-news:nth-child(6) > a[data-asw-org-font-size=""16""] > .date",eea6d7cb7ba0d7bc,auto-detected
F000613,P024,W05,color-contrast,1.4.3,AA,serious,6,".box-latest-news:nth-child(7) > a[data-asw-org-font-size=""16""] > .date",660be9700ff46cf1,auto-detected
F000614,P024,W05,landmark-one-main,,,moderate,1,html,d8b6eb27b861be89,auto-detected
F000615,P024,W05,link-name,2.4.4;4.1.2,A,serious,11,".subitem-alamat > a[data-asw-org-font-size=""12""][target=""_blank""][href=""/""]",ce9313601284f388,auto-detected
F000616,P024,W05,link-name,2.4.4;4.1.2,A,serious,11,".item-alamat > a[data-asw-org-font-size=""12""][target=""_blank""][href=""/""]",dda64d18e4b9494e,auto-detected
F000617,P024,W05,link-name,2.4.4;4.1.2,A,serious,11,".col-sm-9 > a[target=""_blank""][href=""/""][data-asw-org-font-size=""16""]",95280760e3e644bf,auto-detected
F000618,P024,W05,link-name,2.4.4;4.1.2,A,serious,11,".box-info-footer > .row > a[target=""_blank""][href=""/""][data-asw-org-font-size=""16""]",a26d926d9681f826,auto-detected
F000619,P024,W05,link-name,2.4.4;4.1.2,A,serious,11,".box-info-footer > a[target=""_blank""][href=""/""][data-asw-org-font-size=""16""]",a7886d09f9d0ac3c,auto-detected
F000620,P024,W05,link-name,2.4.4;4.1.2,A,serious,11,".col-md-4 > a[target=""_blank""][href=""/""][data-asw-org-font-size=""16""]",0c8dcf17d29a6a1c,auto-detected
F000621,P024,W05,link-name,2.4.4;4.1.2,A,serious,11,".wrap-footer > .row:nth-child(2) > a[target=""_blank""][href=""/""][data-asw-org-font-size=""16""]",71454c674ba04bf0,auto-detected
F000622,P024,W05,link-name,2.4.4;4.1.2,A,serious,11,".col-md-8 > a[target=""_blank""][href=""/""][data-asw-org-font-size=""16""]",d9053eb608a9c0a3,auto-detected
F000623,P024,W05,link-name,2.4.4;4.1.2,A,serious,11,"a[data-asw-org-font-size=""0""]",f10b27bb62342f06,auto-detected
F000624,P024,W05,link-name,2.4.4;4.1.2,A,serious,11,".ul.menu-footer > a[target=""_blank""][href=""/""][data-asw-org-font-size=""14""]",2bb367a7dd98876f,auto-detected
F000625,P024,W05,link-name,2.4.4;4.1.2,A,serious,11,"a[target=""_blank""][href=""/""][data-asw-org-font-size=""13""]",900b05531b77cb74,auto-detected
F000626,P024,W05,list,1.3.1,A,serious,1,.item-menu-footer:nth-child(2) > .ul.menu-footer,90f1293655ef45b6,auto-detected
F000627,P024,W05,page-has-heading-one,,,moderate,1,html,a30c6490e74e5e20,auto-detected
F000628,P024,W05,region,,,moderate,2,.container-fluid,e5a0b7338dbcd8b6,auto-detected
F000629,P024,W05,region,,,moderate,2,.section-footer,b369cd2a0ae5281b,auto-detected
F000630,P025,W05,color-contrast,1.4.3,AA,serious,6,".box-latest-news:nth-child(2) > a[data-asw-org-font-size=""16""] > .date",dd11de6169dfb3f4,auto-detected
F000631,P025,W05,color-contrast,1.4.3,AA,serious,6,".box-latest-news:nth-child(3) > a[data-asw-org-font-size=""16""] > .date",a7e9cb6db009fc86,auto-detected
F000632,P025,W05,color-contrast,1.4.3,AA,serious,6,".box-latest-news:nth-child(4) > a[data-asw-org-font-size=""16""] > .date",5fe5548dba725bd4,auto-detected
F000633,P025,W05,color-contrast,1.4.3,AA,serious,6,".box-latest-news:nth-child(5) > a[data-asw-org-font-size=""16""] > .date",6c126b26b2dc93ca,auto-detected
F000634,P025,W05,color-contrast,1.4.3,AA,serious,6,".box-latest-news:nth-child(6) > a[data-asw-org-font-size=""16""] > .date",4c1a4f16458f01dd,auto-detected
F000635,P025,W05,color-contrast,1.4.3,AA,serious,6,".box-latest-news:nth-child(7) > a[data-asw-org-font-size=""16""] > .date",b99a4823d727c4da,auto-detected
F000636,P025,W05,landmark-one-main,,,moderate,1,html,5bee700ef0193da8,auto-detected
F000637,P025,W05,link-name,2.4.4;4.1.2,A,serious,11,".subitem-alamat > a[data-asw-org-font-size=""12""][target=""_blank""][href=""/""]",9691f6707c4d094c,auto-detected
F000638,P025,W05,link-name,2.4.4;4.1.2,A,serious,11,".item-alamat > a[data-asw-org-font-size=""12""][target=""_blank""][href=""/""]",eeb577ca435ddf2f,auto-detected
F000639,P025,W05,link-name,2.4.4;4.1.2,A,serious,11,".col-sm-9 > a[target=""_blank""][href=""/""][data-asw-org-font-size=""16""]",6e2100fa5b6a54a2,auto-detected
F000640,P025,W05,link-name,2.4.4;4.1.2,A,serious,11,".box-info-footer > .row > a[target=""_blank""][href=""/""][data-asw-org-font-size=""16""]",3b2b4af661ed16f5,auto-detected
F000641,P025,W05,link-name,2.4.4;4.1.2,A,serious,11,".box-info-footer > a[target=""_blank""][href=""/""][data-asw-org-font-size=""16""]",7facc08fcc14faf0,auto-detected
F000642,P025,W05,link-name,2.4.4;4.1.2,A,serious,11,".col-md-4 > a[target=""_blank""][href=""/""][data-asw-org-font-size=""16""]",5e37fc5cd1ba6983,auto-detected
F000643,P025,W05,link-name,2.4.4;4.1.2,A,serious,11,".wrap-footer > .row:nth-child(2) > a[target=""_blank""][href=""/""][data-asw-org-font-size=""16""]",1fa67e775850dd4a,auto-detected
F000644,P025,W05,link-name,2.4.4;4.1.2,A,serious,11,".col-md-8 > a[target=""_blank""][href=""/""][data-asw-org-font-size=""16""]",49fd8350c8effcb0,auto-detected
F000645,P025,W05,link-name,2.4.4;4.1.2,A,serious,11,"a[data-asw-org-font-size=""0""]",bf7d83b15c2ce430,auto-detected
F000646,P025,W05,link-name,2.4.4;4.1.2,A,serious,11,".ul.menu-footer > a[target=""_blank""][href=""/""][data-asw-org-font-size=""14""]",8a35b1db90002c91,auto-detected
F000647,P025,W05,link-name,2.4.4;4.1.2,A,serious,11,"a[target=""_blank""][href=""/""][data-asw-org-font-size=""13""]",de8426c4c6b02d4f,auto-detected
F000648,P025,W05,list,1.3.1,A,serious,1,.item-menu-footer:nth-child(2) > .ul.menu-footer,d60bda5e07666924,auto-detected
F000649,P025,W05,page-has-heading-one,,,moderate,1,html,f591b485a676e94e,auto-detected
F000650,P025,W05,region,,,moderate,2,.container-fluid,e86e33d01213994a,auto-detected
F000651,P025,W05,region,,,moderate,2,.section-footer,0208e09dd549d102,auto-detected
F000652,P027,W06,button-name,4.1.2,A,critical,1,#offcanvas__close-btn,4f6d24fd5258395c,auto-detected
F000653,P027,W06,color-contrast,1.4.3,AA,serious,3,".offcanvas__contact-text > a[target=""_blank""]",7a37ef4730165665,auto-detected
F000654,P027,W06,color-contrast,1.4.3,AA,serious,3,"a[href$=""mailto:support@gmail.com""]",67324823d5d68fce,auto-detected
F000655,P027,W06,color-contrast,1.4.3,AA,serious,3,"a[href=""tel:+012-345-6789""]",920cf7707eff833a,auto-detected
F000656,P027,W06,frame-title,4.1.2,A,serious,1,iframe,e845762d9c523b40,auto-detected
F000657,P027,W06,page-has-heading-one,,,moderate,1,html,e1ed9eab08b9646a,auto-detected
F000658,P027,W06,region,,,moderate,1,.offcanvas__content,5aad81742118faee,auto-detected
F000659,P028,W06,button-name,4.1.2,A,critical,1,#offcanvas__close-btn,ff215a261f1b3263,auto-detected
F000660,P028,W06,color-contrast,1.4.3,AA,serious,3,".offcanvas__contact-text > a[target=""_blank""]",41d41f35c7fd9118,auto-detected
F000661,P028,W06,color-contrast,1.4.3,AA,serious,3,"a[href$=""mailto:support@gmail.com""]",1cc6f211fbe9e33e,auto-detected
F000662,P028,W06,color-contrast,1.4.3,AA,serious,3,"a[href=""tel:+012-345-6789""]",5684811407753bfc,auto-detected
F000663,P028,W06,frame-title,4.1.2,A,serious,1,iframe,24db11a5cc4aabd0,auto-detected
F000664,P028,W06,page-has-heading-one,,,moderate,1,html,890dc83b3cae1347,auto-detected
F000665,P028,W06,region,,,moderate,1,.offcanvas__content,5ada9198fa9f47a0,auto-detected
F000666,P029,W06,button-name,4.1.2,A,critical,35,"a[href$=""#settings""] > .sm\:px-5.hover\:text-red-500.px-3",3ec8dadf4ba31de1,auto-detected
F000667,P029,W06,button-name,4.1.2,A,critical,35,.hover\:\~bg-red-500\/10.leading-loose.group:nth-child(1) > .left-10.h-full.z-30 > .-ml-3.block > .text-indigo-500.hover\:\~text-indigo-600.active\:shadow-sm,b6905d4230a1df96,auto-detected
F000668,P029,W06,button-name,4.1.2,A,critical,35,.hover\:\~bg-red-500\/10.leading-loose.group:nth-child(2) > .left-10.h-full.z-30 > .-ml-3.block > .text-indigo-500.hover\:\~text-indigo-600.active\:shadow-sm,81198c47eed0de39,auto-detected
F000669,P029,W06,button-name,4.1.2,A,critical,35,.hover\:\~bg-red-500\/10.leading-loose.group:nth-child(3) > .left-10.h-full.z-30 > .-ml-3.block > .text-indigo-500.hover\:\~text-indigo-600.active\:shadow-sm,6f4737fc83abfed4,auto-detected
F000670,P029,W06,button-name,4.1.2,A,critical,35,.hover\:\~bg-red-500\/10.leading-loose.group:nth-child(4) > .left-10.h-full.z-30 > .-ml-3.block > .text-indigo-500.hover\:\~text-indigo-600.active\:shadow-sm,3b44fc9c72af8afa,auto-detected
F000671,P029,W06,button-name,4.1.2,A,critical,35,.hover\:\~bg-red-500\/10.leading-loose.group:nth-child(5) > .left-10.h-full.z-30 > .-ml-3.block > .text-indigo-500.hover\:\~text-indigo-600.active\:shadow-sm,30cc70bbb3d0e560,auto-detected
F000672,P029,W06,button-name,4.1.2,A,critical,35,.hover\:\~bg-red-500\/10.leading-loose.group:nth-child(6) > .left-10.h-full.z-30 > .-ml-3.block > .text-indigo-500.hover\:\~text-indigo-600.active\:shadow-sm,197cc1820e971157,auto-detected
F000673,P029,W06,button-name,4.1.2,A,critical,35,.hover\:\~bg-red-500\/10.leading-loose.group:nth-child(7) > .left-10.h-full.z-30 > .-ml-3.block > .text-indigo-500.hover\:\~text-indigo-600.active\:shadow-sm,b7491420a92a27ea,auto-detected
F000674,P029,W06,button-name,4.1.2,A,critical,35,.hover\:\~bg-red-500\/10.leading-loose.group:nth-child(8) > .left-10.h-full.z-30 > .-ml-3.block > .text-indigo-500.hover\:\~text-indigo-600.active\:shadow-sm,7f17041b831bd837,auto-detected
F000675,P029,W06,button-name,4.1.2,A,critical,35,.hover\:\~bg-red-500\/10.leading-loose.group:nth-child(9) > .left-10.h-full.z-30 > .-ml-3.block > .text-indigo-500.hover\:\~text-indigo-600.active\:shadow-sm,7ec51264a9e5b433,auto-detected
F000676,P029,W06,button-name,4.1.2,A,critical,35,.hover\:\~bg-red-500\/10.leading-loose.group:nth-child(10) > .left-10.h-full.z-30 > .-ml-3.block > .text-indigo-500.hover\:\~text-indigo-600.active\:shadow-sm,3ec1a654db0dbe0d,auto-detected
F000677,P029,W06,button-name,4.1.2,A,critical,35,.hover\:\~bg-red-500\/10.leading-loose.group:nth-child(11) > .left-10.h-full.z-30 > .-ml-3.block > .text-indigo-500.hover\:\~text-indigo-600.active\:shadow-sm,7d488537a56e6664,auto-detected
F000678,P029,W06,button-name,4.1.2,A,critical,35,.hover\:\~bg-red-500\/10.leading-loose.group:nth-child(12) > .left-10.h-full.z-30 > .-ml-3.block > .text-indigo-500.hover\:\~text-indigo-600.active\:shadow-sm,b6e9e08be31f9dbc,auto-detected
F000679,P029,W06,button-name,4.1.2,A,critical,35,.hover\:\~bg-red-500\/10.leading-loose.group:nth-child(13) > .left-10.h-full.z-30 > .-ml-3.block > .text-indigo-500.hover\:\~text-indigo-600.active\:shadow-sm,da75038becc2ffdd,auto-detected
F000680,P029,W06,button-name,4.1.2,A,critical,35,.hover\:\~bg-red-500\/10.leading-loose.group:nth-child(14) > .left-10.h-full.z-30 > .-ml-3.block > .text-indigo-500.hover\:\~text-indigo-600.active\:shadow-sm,2117aa48620b4d7d,auto-detected
F000681,P029,W06,button-name,4.1.2,A,critical,35,.hover\:\~bg-red-500\/10.leading-loose.group:nth-child(15) > .left-10.h-full.z-30 > .-ml-3.block > .text-indigo-500.hover\:\~text-indigo-600.active\:shadow-sm,d48c3dbde06ef612,auto-detected
F000682,P029,W06,button-name,4.1.2,A,critical,35,.\~bg-red-500\/20 > .left-10.h-full.z-30 > .-ml-3.block > .text-indigo-500.hover\:\~text-indigo-600.active\:shadow-sm,157e3283142865ce,auto-detected
F000683,P029,W06,button-name,4.1.2,A,critical,35,.hover\:\~bg-red-500\/10.leading-loose.group:nth-child(17) > .left-10.h-full.z-30 > .-ml-3.block > .text-indigo-500.hover\:\~text-indigo-600.active\:shadow-sm,12b2f37e2062adc0,auto-detected
F000684,P029,W06,button-name,4.1.2,A,critical,35,.hover\:\~bg-red-500\/10.leading-loose.group:nth-child(18) > .left-10.h-full.z-30 > .-ml-3.block > .text-indigo-500.hover\:\~text-indigo-600.active\:shadow-sm,cca8192b246709be,auto-detected
F000685,P029,W06,button-name,4.1.2,A,critical,35,.hover\:\~bg-red-500\/10.leading-loose.group:nth-child(19) > .left-10.h-full.z-30 > .-ml-3.block > .text-indigo-500.hover\:\~text-indigo-600.active\:shadow-sm,d3d4231fb88c1367,auto-detected
F000686,P029,W06,button-name,4.1.2,A,critical,35,.hover\:\~bg-red-500\/10.leading-loose.group:nth-child(20) > .left-10.h-full.z-30 > .-ml-3.block > .text-indigo-500.hover\:\~text-indigo-600.active\:shadow-sm,6e0c25a326f64077,auto-detected
F000687,P029,W06,button-name,4.1.2,A,critical,35,.hover\:\~bg-red-500\/10.leading-loose.group:nth-child(21) > .left-10.h-full.z-30 > .-ml-3.block > .text-indigo-500.hover\:\~text-indigo-600.active\:shadow-sm,34982edcacd914b7,auto-detected
F000688,P029,W06,button-name,4.1.2,A,critical,35,.hover\:\~bg-red-500\/10.leading-loose.group:nth-child(22) > .left-10.h-full.z-30 > .-ml-3.block > .text-indigo-500.hover\:\~text-indigo-600.active\:shadow-sm,7963bea09002ded7,auto-detected
F000689,P029,W06,button-name,4.1.2,A,critical,35,.hover\:\~bg-red-500\/10.leading-loose.group:nth-child(23) > .left-10.h-full.z-30 > .-ml-3.block > .text-indigo-500.hover\:\~text-indigo-600.active\:shadow-sm,b745725c5ff5883d,auto-detected
F000690,P029,W06,button-name,4.1.2,A,critical,35,.hover\:\~bg-red-500\/10.leading-loose.group:nth-child(24) > .left-10.h-full.z-30 > .-ml-3.block > .text-indigo-500.hover\:\~text-indigo-600.active\:shadow-sm,ec5238368a098d22,auto-detected
F000691,P029,W06,button-name,4.1.2,A,critical,35,.hover\:\~bg-red-500\/10.leading-loose.group:nth-child(25) > .left-10.h-full.z-30 > .-ml-3.block > .text-indigo-500.hover\:\~text-indigo-600.active\:shadow-sm,53a5c91c539c7e9f,auto-detected
F000692,P029,W06,button-name,4.1.2,A,critical,35,.hover\:\~bg-red-500\/10.leading-loose.group:nth-child(26) > .left-10.h-full.z-30 > .-ml-3.block > .text-indigo-500.hover\:\~text-indigo-600.active\:shadow-sm,c25bcc8cf9660a4c,auto-detected
F000693,P029,W06,button-name,4.1.2,A,critical,35,.hover\:\~bg-red-500\/10.leading-loose.group:nth-child(27) > .left-10.h-full.z-30 > .-ml-3.block > .text-indigo-500.hover\:\~text-indigo-600.active\:shadow-sm,782afac873bfb44d,auto-detected
F000694,P029,W06,button-name,4.1.2,A,critical,35,.hover\:\~bg-red-500\/10.leading-loose.group:nth-child(28) > .left-10.h-full.z-30 > .-ml-3.block > .text-indigo-500.hover\:\~text-indigo-600.active\:shadow-sm,fac20927a391b322,auto-detected
F000695,P029,W06,button-name,4.1.2,A,critical,35,.hover\:\~bg-red-500\/10.leading-loose.group:nth-child(29) > .left-10.h-full.z-30 > .-ml-3.block > .text-indigo-500.hover\:\~text-indigo-600.active\:shadow-sm,c79ad4d0bad1e160,auto-detected
F000696,P029,W06,button-name,4.1.2,A,critical,35,.hover\:\~bg-red-500\/10.leading-loose.group:nth-child(30) > .left-10.h-full.z-30 > .-ml-3.block > .text-indigo-500.hover\:\~text-indigo-600.active\:shadow-sm,e95eaedb269f34b9,auto-detected
F000697,P029,W06,button-name,4.1.2,A,critical,35,.mt-2 > .cursor-pointer.relative.py-2 > .-bottom-3.-translate-x-1\/2.left-1\/2,a2752bf5fe3001fe,auto-detected
F000698,P029,W06,button-name,4.1.2,A,critical,35,dd > .cursor-pointer.relative.py-2 > .-bottom-3.-translate-x-1\/2.left-1\/2,21478ee844b71fc4,auto-detected
F000699,P029,W06,button-name,4.1.2,A,critical,35,.grid-cols-1.grid.gap-2:nth-child(1) > div:nth-child(2) > .cursor-pointer.relative.py-2 > .-bottom-3.-translate-x-1\/2.left-1\/2,4386ee4a4caeceb9,auto-detected
F000700,P029,W06,button-name,4.1.2,A,critical,35,.grid-cols-1.grid.gap-2:nth-child(2) > div:nth-child(2) > .cursor-pointer.relative.py-2 > .-bottom-3.-translate-x-1\/2.left-1\/2,d50b50813d52c134,auto-detected
F000701,P029,W06,color-contrast,1.4.3,AA,serious,41,.text-red-500.sm\:px-5.hover\:text-red-500 > span:nth-child(2),dcd42fb0c153ce92,auto-detected
F000702,P029,W06,color-contrast,1.4.3,AA,serious,41,.bg-red-500.py-4.text-white > .items-baseline.flex > .flex-wrap.inline-flex.items-baseline > span:nth-child(1),d968db133e0c739c,auto-detected
F000703,P029,W06,color-contrast,1.4.3,AA,serious,41,.bg-red-500.py-4.text-white > .items-baseline.flex > .flex-wrap.inline-flex.items-baseline > span:nth-child(3),7aa7e9c895078978,auto-detected
F000704,P029,W06,color-contrast,1.4.3,AA,serious,41,.bg-red-500.py-4.text-white > .items-baseline.flex > .flex-wrap.inline-flex.items-baseline > span:nth-child(5),31ed4b411ac6b8b4,auto-detected
F000705,P029,W06,color-contrast,1.4.3,AA,serious,41,.bg-red-500.py-4.text-white > .items-baseline.flex > .flex-wrap.inline-flex.items-baseline > span:nth-child(7),c428695a01a5243a,auto-detected
F000706,P029,W06,color-contrast,1.4.3,AA,serious,41,.bg-red-500.py-4.text-white > .items-baseline.flex > .flex-wrap.inline-flex.items-baseline > .whitespace-nowrap > .font-mono.text-xs,5f571a74313270bf,auto-detected
F000707,P029,W06,color-contrast,1.4.3,AA,serious,41,.bg-red-500.py-4.text-white > .font-semibold,39e348a1723af982,auto-detected
F000708,P029,W06,color-contrast,1.4.3,AA,serious,41,.text-opacity-75 > .\~text-gray-500,59ea1389b9f93f5e,auto-detected
F000709,P029,W06,color-contrast,1.4.3,AA,serious,41,.hover\:\~bg-red-500\/10.leading-loose.group:nth-child(2) > .pl-6 > span > .hljs-template-tag,38401ff6ad233da7,auto-detected
F000710,P029,W06,color-contrast,1.4.3,AA,serious,41,.hover\:\~bg-red-500\/10.leading-loose.group:nth-child(6) > .pl-6 > span > .hljs-attr.hljs-tag.php-template,ee9d32d7e035eadd,auto-detected
F000711,P029,W06,color-contrast,1.4.3,AA,serious,41,.hover\:\~bg-red-500\/10.leading-loose.group:nth-child(7) > .pl-6 > span > .hljs-attr.hljs-tag.php-template,d6e5783a075300c3,auto-detected
F000712,P029,W06,color-contrast,1.4.3,AA,serious,41,.hover\:\~bg-red-500\/10.leading-loose.group:nth-child(8) > .pl-6 > span > .hljs-attr.hljs-tag.php-template,74b8a9e8e4a9ea04,auto-detected
F000713,P029,W06,color-contrast,1.4.3,AA,serious,41,.hover\:\~bg-red-500\/10.leading-loose.group:nth-child(9) > .pl-6 > span > .hljs-attr.hljs-tag.php-template,2ee6474d86288c72,auto-detected
F000714,P029,W06,color-contrast,1.4.3,AA,serious,41,.hover\:\~bg-red-500\/10.leading-loose.group:nth-child(10) > .pl-6 > span > .hljs-attr.hljs-tag.php-template,b297b368f8666c1d,auto-detected
F000715,P029,W06,color-contrast,1.4.3,AA,serious,41,.hover\:\~bg-red-500\/10.leading-loose.group:nth-child(11) > .pl-6 > span > .hljs-attr.hljs-tag.php-template,8973e09123844417,auto-detected
F000716,P029,W06,color-contrast,1.4.3,AA,serious,41,.hover\:\~bg-red-500\/10.leading-loose.group:nth-child(15) > .pl-6 > span > .hljs-attr.hljs-tag.php-template,e3fd9f092e39c99c,auto-detected
F000717,P029,W06,color-contrast,1.4.3,AA,serious,41,.\~bg-red-500\/20 > .pl-6 > span > .hljs-template-tag,4a4ee10ac9c233f7,auto-detected
F000718,P029,W06,color-contrast,1.4.3,AA,serious,41,.hover\:\~bg-red-500\/10.leading-loose.group:nth-child(17) > .pl-6 > span > .hljs-attr.hljs-tag.php-template,bae2ccd7e1f1a0e8,auto-detected
F000719,P029,W06,color-contrast,1.4.3,AA,serious,41,.hover\:\~bg-red-500\/10.leading-loose.group:nth-child(18) > .pl-6 > span > .hljs-attr.hljs-tag.php-template,34ab97dd600bb4ba,auto-detected
F000720,P029,W06,color-contrast,1.4.3,AA,serious,41,.hover\:\~bg-red-500\/10.leading-loose.group:nth-child(19) > .pl-6 > span > .hljs-attr.hljs-tag.php-template,e7b1db5fc85ab0b8,auto-detected
F000721,P029,W06,color-contrast,1.4.3,AA,serious,41,.hover\:\~bg-red-500\/10.leading-loose.group:nth-child(20) > .pl-6 > span > .hljs-attr.hljs-tag.php-template,33ae6378eb869119,auto-detected
F000722,P029,W06,color-contrast,1.4.3,AA,serious,41,.hover\:\~bg-red-500\/10.leading-loose.group:nth-child(21) > .pl-6 > span > .hljs-attr.hljs-tag.php-template,8ea33526da0722c3,auto-detected
F000723,P029,W06,color-contrast,1.4.3,AA,serious,41,.hover\:\~bg-red-500\/10.leading-loose.group:nth-child(24) > .pl-6 > span > .hljs-attr.hljs-tag.php-template,9d42a2bf17dfef96,auto-detected
F000724,P029,W06,color-contrast,1.4.3,AA,serious,41,.hover\:\~bg-red-500\/10.leading-loose.group:nth-child(25) > .pl-6 > span > .hljs-attr.hljs-tag.php-template,2fa3d1e6595b989e,auto-detected
F000725,P029,W06,color-contrast,1.4.3,AA,serious,41,.hover\:\~bg-red-500\/10.leading-loose.group:nth-child(26) > .pl-6 > span > .hljs-attr.hljs-tag.php-template,d2f5e7be01fc6b44,auto-detected
F000726,P029,W06,color-contrast,1.4.3,AA,serious,41,.hover\:\~bg-red-500\/10.leading-loose.group:nth-child(28) > .pl-6 > span > .hljs-attr.hljs-tag.php-template,989622c81949c71c,auto-detected
F000727,P029,W06,color-contrast,1.4.3,AA,serious,41,.hover\:\~bg-red-500\/10.leading-loose.group:nth-child(29) > .pl-6 > span > .hljs-attr.hljs-tag.php-template:nth-child(5),846a2cf599374893,auto-detected
F000728,P029,W06,color-contrast,1.4.3,AA,serious,41,.hljs-attr.hljs-tag.php-template:nth-child(12),32282e00aa6a0e24,auto-detected
F000729,P029,W06,color-contrast,1.4.3,AA,serious,41,.hover\:\~bg-red-500\/10.leading-loose.group:nth-child(30) > .pl-6 > span > .hljs-attr.hljs-tag.php-template,396bbf285413271a,auto-detected
F000730,P029,W06,color-contrast,1.4.3,AA,serious,41,.hljs-literal:nth-child(6),2d50948a2ca7dea0,auto-detected
F000731,P029,W06,color-contrast,1.4.3,AA,serious,41,.hljs-literal:nth-child(10),ce1175f745fc6ed5,auto-detected
F000732,P029,W06,color-contrast,1.4.3,AA,serious,41,.hljs-literal:nth-child(15),95314da11be0e3da,auto-detected
F000733,P029,W06,color-contrast,1.4.3,AA,serious,41,.hljs-literal:nth-child(20),0e450a65fa3a002b,auto-detected
F000734,P029,W06,color-contrast,1.4.3,AA,serious,41,#sf-dump-918473778 > .sf-dump-const,70331851ff6d107f,auto-detected
F000735,P029,W06,color-contrast,1.4.3,AA,serious,41,".sf-dump-expanded[data-depth=""1""] > .sf-dump-const",05691067a028b58d,auto-detected
F000736,P029,W06,color-contrast,1.4.3,AA,serious,41,.bg-red-800\/5 > .font-mono,f77c269267d8f543,auto-detected
F000737,P029,W06,color-contrast,1.4.3,AA,serious,41,.text-emerald-500 > .font-mono,a8b0228b82fa68a8,auto-detected
F000738,P029,W06,color-contrast,1.4.3,AA,serious,41,.hljs-attr:nth-child(3),365033752129a90b,auto-detected
F000739,P029,W06,color-contrast,1.4.3,AA,serious,41,.hljs-attr:nth-child(8),df58ca024b806b21,auto-detected
F000740,P029,W06,color-contrast,1.4.3,AA,serious,41,.hljs-attr:nth-child(11),48d03e5f06554296,auto-detected
F000741,P029,W06,color-contrast,1.4.3,AA,serious,41,.hljs-attr:nth-child(16),2046217e2a0e4904,auto-detected
F000742,P029,W06,landmark-main-is-top-level,,,moderate,2,#exception,3d6f292bcda92593,auto-detected
F000743,P029,W06,landmark-main-is-top-level,,,moderate,2,.mask-fade-r,2f23304129bcfb2e,auto-detected
F000744,P029,W06,landmark-no-duplicate-main,,,moderate,1,.my-20,71fdb15a10c4349f,auto-detected
F000745,P029,W06,landmark-unique,,,moderate,2,.z-50,4c2bbc81711ebda6,auto-detected
F000746,P029,W06,landmark-unique,,,moderate,2,.my-20,6019fccbcc011e12,auto-detected
F000747,P029,W06,link-name,2.4.4;4.1.2,A,serious,31,"a[href$=""#settings""]",9f4bcea3eabd97bd,auto-detected
F000748,P029,W06,link-name,2.4.4;4.1.2,A,serious,31,.hover\:\~bg-red-500\/10.leading-loose.group:nth-child(1) > .left-10.h-full.z-30 > .-ml-3.block,87206c462b8a4602,auto-detected
F000749,P029,W06,link-name,2.4.4;4.1.2,A,serious,31,.hover\:\~bg-red-500\/10.leading-loose.group:nth-child(2) > .left-10.h-full.z-30 > .-ml-3.block,70b0bbd8c990b371,auto-detected
F000750,P029,W06,link-name,2.4.4;4.1.2,A,serious,31,.hover\:\~bg-red-500\/10.leading-loose.group:nth-child(3) > .left-10.h-full.z-30 > .-ml-3.block,2d9503e1ceb8fd16,auto-detected
F000751,P029,W06,link-name,2.4.4;4.1.2,A,serious,31,.hover\:\~bg-red-500\/10.leading-loose.group:nth-child(4) > .left-10.h-full.z-30 > .-ml-3.block,cb488f80723115f2,auto-detected
F000752,P029,W06,link-name,2.4.4;4.1.2,A,serious,31,.hover\:\~bg-red-500\/10.leading-loose.group:nth-child(5) > .left-10.h-full.z-30 > .-ml-3.block,4edd79fe25aa49d7,auto-detected
F000753,P029,W06,link-name,2.4.4;4.1.2,A,serious,31,.hover\:\~bg-red-500\/10.leading-loose.group:nth-child(6) > .left-10.h-full.z-30 > .-ml-3.block,49583391cee91fd2,auto-detected
F000754,P029,W06,link-name,2.4.4;4.1.2,A,serious,31,.hover\:\~bg-red-500\/10.leading-loose.group:nth-child(7) > .left-10.h-full.z-30 > .-ml-3.block,185d3df92644e635,auto-detected
F000755,P029,W06,link-name,2.4.4;4.1.2,A,serious,31,.hover\:\~bg-red-500\/10.leading-loose.group:nth-child(8) > .left-10.h-full.z-30 > .-ml-3.block,88ffc25abd97defd,auto-detected
F000756,P029,W06,link-name,2.4.4;4.1.2,A,serious,31,.hover\:\~bg-red-500\/10.leading-loose.group:nth-child(9) > .left-10.h-full.z-30 > .-ml-3.block,945aed0e9a2fdf2a,auto-detected
F000757,P029,W06,link-name,2.4.4;4.1.2,A,serious,31,.hover\:\~bg-red-500\/10.leading-loose.group:nth-child(10) > .left-10.h-full.z-30 > .-ml-3.block,7a385680d40dd529,auto-detected
F000758,P029,W06,link-name,2.4.4;4.1.2,A,serious,31,.hover\:\~bg-red-500\/10.leading-loose.group:nth-child(11) > .left-10.h-full.z-30 > .-ml-3.block,c82c1c5a3266071a,auto-detected
F000759,P029,W06,link-name,2.4.4;4.1.2,A,serious,31,.hover\:\~bg-red-500\/10.leading-loose.group:nth-child(12) > .left-10.h-full.z-30 > .-ml-3.block,a9e5e6b1a4621b04,auto-detected
F000760,P029,W06,link-name,2.4.4;4.1.2,A,serious,31,.hover\:\~bg-red-500\/10.leading-loose.group:nth-child(13) > .left-10.h-full.z-30 > .-ml-3.block,bacdd8cd326da6aa,auto-detected
F000761,P029,W06,link-name,2.4.4;4.1.2,A,serious,31,.hover\:\~bg-red-500\/10.leading-loose.group:nth-child(14) > .left-10.h-full.z-30 > .-ml-3.block,b1dedea059467512,auto-detected
F000762,P029,W06,link-name,2.4.4;4.1.2,A,serious,31,.hover\:\~bg-red-500\/10.leading-loose.group:nth-child(15) > .left-10.h-full.z-30 > .-ml-3.block,f871b2b13321dc6c,auto-detected
F000763,P029,W06,link-name,2.4.4;4.1.2,A,serious,31,.\~bg-red-500\/20 > .left-10.h-full.z-30 > .-ml-3.block,3acf860e72cbacb7,auto-detected
F000764,P029,W06,link-name,2.4.4;4.1.2,A,serious,31,.hover\:\~bg-red-500\/10.leading-loose.group:nth-child(17) > .left-10.h-full.z-30 > .-ml-3.block,e8713dc731fc3954,auto-detected
F000765,P029,W06,link-name,2.4.4;4.1.2,A,serious,31,.hover\:\~bg-red-500\/10.leading-loose.group:nth-child(18) > .left-10.h-full.z-30 > .-ml-3.block,e457969b0a88fa7f,auto-detected
F000766,P029,W06,link-name,2.4.4;4.1.2,A,serious,31,.hover\:\~bg-red-500\/10.leading-loose.group:nth-child(19) > .left-10.h-full.z-30 > .-ml-3.block,e5bbd31af4a6204d,auto-detected
F000767,P029,W06,link-name,2.4.4;4.1.2,A,serious,31,.hover\:\~bg-red-500\/10.leading-loose.group:nth-child(20) > .left-10.h-full.z-30 > .-ml-3.block,f7ccc0f382ab67a7,auto-detected
F000768,P029,W06,link-name,2.4.4;4.1.2,A,serious,31,.hover\:\~bg-red-500\/10.leading-loose.group:nth-child(21) > .left-10.h-full.z-30 > .-ml-3.block,ec1065f6dc975074,auto-detected
F000769,P029,W06,link-name,2.4.4;4.1.2,A,serious,31,.hover\:\~bg-red-500\/10.leading-loose.group:nth-child(22) > .left-10.h-full.z-30 > .-ml-3.block,0789e0ebd16044c8,auto-detected
F000770,P029,W06,link-name,2.4.4;4.1.2,A,serious,31,.hover\:\~bg-red-500\/10.leading-loose.group:nth-child(23) > .left-10.h-full.z-30 > .-ml-3.block,8b1a55dff8f6dc93,auto-detected
F000771,P029,W06,link-name,2.4.4;4.1.2,A,serious,31,.hover\:\~bg-red-500\/10.leading-loose.group:nth-child(24) > .left-10.h-full.z-30 > .-ml-3.block,0a63460085a930c4,auto-detected
F000772,P029,W06,link-name,2.4.4;4.1.2,A,serious,31,.hover\:\~bg-red-500\/10.leading-loose.group:nth-child(25) > .left-10.h-full.z-30 > .-ml-3.block,4d24a44329856b6b,auto-detected
F000773,P029,W06,link-name,2.4.4;4.1.2,A,serious,31,.hover\:\~bg-red-500\/10.leading-loose.group:nth-child(26) > .left-10.h-full.z-30 > .-ml-3.block,eeba6abdca62e315,auto-detected
F000774,P029,W06,link-name,2.4.4;4.1.2,A,serious,31,.hover\:\~bg-red-500\/10.leading-loose.group:nth-child(27) > .left-10.h-full.z-30 > .-ml-3.block,6f4fcc094eefabb1,auto-detected
F000775,P029,W06,link-name,2.4.4;4.1.2,A,serious,31,.hover\:\~bg-red-500\/10.leading-loose.group:nth-child(28) > .left-10.h-full.z-30 > .-ml-3.block,85bebf9f4613f95e,auto-detected
F000776,P029,W06,link-name,2.4.4;4.1.2,A,serious,31,.hover\:\~bg-red-500\/10.leading-loose.group:nth-child(29) > .left-10.h-full.z-30 > .-ml-3.block,b70716a85ca6cc7a,auto-detected
F000777,P029,W06,link-name,2.4.4;4.1.2,A,serious,31,.hover\:\~bg-red-500\/10.leading-loose.group:nth-child(30) > .left-10.h-full.z-30 > .-ml-3.block,66843a1a681500d4,auto-detected
F000778,P029,W06,scrollable-region-focusable,2.1.1;2.1.3,A,serious,5,.mt-2 > .cursor-pointer.relative.py-2 > .mask-fade-x > .mask-fade-y.-mb-2.max-h-32,cc65aac7e7911488,auto-detected
F000779,P029,W06,scrollable-region-focusable,2.1.1;2.1.3,A,serious,5,.gap-10.items-baseline.flex:nth-child(11) > dd > .relative.py-2.\~bg-gray-500\/5 > .mask-fade-x > .max-h-32.overflow-y-hidden.pl-4,9a7a49892ce31b20,auto-detected
F000780,P029,W06,scrollable-region-focusable,2.1.1;2.1.3,A,serious,5,.gap-10.items-baseline.flex:nth-child(12) > dd > .relative.py-2.\~bg-gray-500\/5 > .mask-fade-x > .max-h-32.overflow-y-hidden.pl-4,8eca3b9e4afef11c,auto-detected
F000781,P029,W06,scrollable-region-focusable,2.1.1;2.1.3,A,serious,5,.gap-10.items-baseline.flex:nth-child(18) > dd > .relative.py-2.\~bg-gray-500\/5 > .mask-fade-x > .max-h-32.overflow-y-hidden.pl-4,3e993a39d5b77211,auto-detected
F000782,P029,W06,scrollable-region-focusable,2.1.1;2.1.3,A,serious,5,dd > .cursor-pointer.relative.py-2 > .mask-fade-x > .mask-fade-y.-mb-2.max-h-32,21d4508f98b710e6,auto-detected
F000783,P030,W06,button-name,4.1.2,A,critical,1,#offcanvas__close-btn,585ffc1cb196cb98,auto-detected
F000784,P030,W06,color-contrast,1.4.3,AA,serious,3,".offcanvas__contact-text > a[target=""_blank""]",71a735c536a0ac5c,auto-detected
F000785,P030,W06,color-contrast,1.4.3,AA,serious,3,"a[href$=""mailto:support@gmail.com""]",091b9cb3180d478a,auto-detected
F000786,P030,W06,color-contrast,1.4.3,AA,serious,3,"a[href=""tel:+012-345-6789""]",a33fb908dcd7c20a,auto-detected
F000787,P030,W06,frame-title,4.1.2,A,serious,1,iframe,f394896881b75b03,auto-detected
F000788,P030,W06,page-has-heading-one,,,moderate,1,html,8f7b0a1f8421b596,auto-detected
F000789,P030,W06,region,,,moderate,1,.offcanvas__content,db4aa5897c13ff30,auto-detected
F000790,P036,W08,button-name,4.1.2,A,critical,1,button,9db33e12f6f44c16,auto-detected
F000791,P036,W08,html-has-lang,3.1.1,A,serious,1,html,1f453f0ae572dad3,auto-detected
F000792,P036,W08,link-name,2.4.4;4.1.2,A,serious,11,.logo,d68d0109f317e852,auto-detected
F000793,P036,W08,link-name,2.4.4;4.1.2,A,serious,11,a:nth-child(6),3e764543d7be0ce1,auto-detected
F000794,P036,W08,link-name,2.4.4;4.1.2,A,serious,11,.cpanel.colorfull:nth-child(1) > li:nth-child(1) > .cpanel-item.dropdown > .icon.dropdown-toggle,c87c9b7811e2c3d2,auto-detected
F000795,P036,W08,link-name,2.4.4;4.1.2,A,serious,11,.cpanel.colorfull:nth-child(1) > li:nth-child(2) > .cpanel-item.dropdown > .icon.dropdown-toggle,73a2b4780eced8f6,auto-detected
F000796,P036,W08,link-name,2.4.4;4.1.2,A,serious,11,.cpanel.colorfull:nth-child(1) > li:nth-child(3) > .cpanel-item.dropdown > .icon.dropdown-toggle,d2fb61acfed1ce59,auto-detected
F000797,P036,W08,link-name,2.4.4;4.1.2,A,serious,11,.\35 71.cpanel.colorfull:nth-child(2) > li:nth-child(1) > .cpanel-item.dropdown > .icon.dropdown-toggle,b02b1e43faaecac3,auto-detected
F000798,P036,W08,link-name,2.4.4;4.1.2,A,serious,11,.\35 71.cpanel.colorfull:nth-child(2) > li:nth-child(2) > .cpanel-item.dropdown > .icon.dropdown-toggle,302d90186b637fb7,auto-detected
F000799,P036,W08,link-name,2.4.4;4.1.2,A,serious,11,.\35 71.cpanel.colorfull:nth-child(2) > li:nth-child(3) > .cpanel-item.dropdown > .icon.dropdown-toggle,e4331002741ec541,auto-detected
F000800,P036,W08,link-name,2.4.4;4.1.2,A,serious,11,.\35 71.cpanel.colorfull:nth-child(3) > li:nth-child(1) > .cpanel-item.dropdown > .icon.dropdown-toggle,84f71ae950037ecd,auto-detected
F000801,P036,W08,link-name,2.4.4;4.1.2,A,serious,11,.\35 71.cpanel.colorfull:nth-child(3) > li:nth-child(2) > .cpanel-item.dropdown > .icon.dropdown-toggle,08329ab191151158,auto-detected
F000802,P036,W08,link-name,2.4.4;4.1.2,A,serious,11,.\35 71.cpanel.colorfull:nth-child(3) > li:nth-child(3) > .cpanel-item.dropdown > .icon.dropdown-toggle,c80d41ac1edba5ca,auto-detected
F000803,P036,W08,meta-viewport,1.4.4,AA,critical,1,"meta[name=""viewport""]",8bbd2c383b5b9292,auto-detected
F000804,P036,W08,region,,,moderate,14,.form-control,b397113ba5102aaf,auto-detected
F000805,P036,W08,region,,,moderate,14,.cpanel.colorfull:nth-child(1) > li:nth-child(1) > .cpanel-item.dropdown > .title,0e8782c9d6f3fa31,auto-detected
F000806,P036,W08,region,,,moderate,14,.cpanel.colorfull:nth-child(1) > li:nth-child(2) > .cpanel-item.dropdown > .title,b7ddc5ef94cb6857,auto-detected
F000807,P036,W08,region,,,moderate,14,.cpanel.colorfull:nth-child(1) > li:nth-child(3) > .cpanel-item.dropdown > .title,8faef59e2f895993,auto-detected
F000808,P036,W08,region,,,moderate,14,.\35 71.cpanel.colorfull:nth-child(2) > li:nth-child(1) > .cpanel-item.dropdown > .title,434ce04def0a78a1,auto-detected
F000809,P036,W08,region,,,moderate,14,.\35 71.cpanel.colorfull:nth-child(2) > li:nth-child(2) > .cpanel-item.dropdown > .title,8107b292b9c6f41b,auto-detected
F000810,P036,W08,region,,,moderate,14,.\35 71.cpanel.colorfull:nth-child(2) > li:nth-child(3) > .cpanel-item.dropdown > .title,077f1c3683f8a901,auto-detected
F000811,P036,W08,region,,,moderate,14,.\35 71.cpanel.colorfull:nth-child(3) > li:nth-child(1) > .cpanel-item.dropdown > .title,700d21c4fb586a6c,auto-detected
F000812,P036,W08,region,,,moderate,14,.\35 71.cpanel.colorfull:nth-child(3) > li:nth-child(2) > .cpanel-item.dropdown > .title,265e16dc16ac341c,auto-detected
F000813,P036,W08,region,,,moderate,14,.\35 71.cpanel.colorfull:nth-child(3) > li:nth-child(3) > .cpanel-item.dropdown > .title,1fcd8227244fec61,auto-detected
F000814,P036,W08,region,,,moderate,14,"a[href$=""home""]",f8c4da9ab8952faf,auto-detected
F000815,P036,W08,region,,,moderate,14,"a[href=""tel:628117905000""]",b9b31d9784cfacf1,auto-detected
F000816,P036,W08,region,,,moderate,14,.logo-foila,ee9a1b6dc555bbee,auto-detected
F000817,P036,W08,region,,,moderate,14,#intro-video,ed28f7a05158c96c,auto-detected
F000818,P037,W08,aria-prohibited-attr,4.1.2,A,serious,4,".uil-create-dashboard[aria-label=""dashboard lampung""][data-bs-original-title=""dashboard lampung""]",d551e3fe2b1e7876,auto-detected
F000819,P037,W08,aria-prohibited-attr,4.1.2,A,serious,4,".uil-data-sharing[aria-label=""splp lampung""][data-bs-original-title=""splp lampung""]",45a3f49f54f7ab1f,auto-detected
F000820,P037,W08,aria-prohibited-attr,4.1.2,A,serious,4,".uil-map-marker-shield[aria-label=""geoportal lampung""][data-bs-original-title=""geoportal lampung""]",585a8e5176e3ae25,auto-detected
F000821,P037,W08,aria-prohibited-attr,4.1.2,A,serious,4,".uil-cube[aria-label=""portal data lampung""][data-bs-original-title=""portal data lampung""]",d7a55f929185567a,auto-detected
F000822,P037,W08,button-name,4.1.2,A,critical,1,#input-search,c99719fda11378c3,auto-detected
F000823,P037,W08,color-contrast,1.4.3,AA,serious,15,.op-07,c65ee7f0b2fec79d,auto-detected
F000824,P037,W08,color-contrast,1.4.3,AA,serious,15,.col-lg-3.col-6:nth-child(1) > .widget_links.widget > h4,68ea2392aa2d2e4b,auto-detected
F000825,P037,W08,color-contrast,1.4.3,AA,serious,15,".widget_links.widget > ul > li:nth-child(1) > a[href$=""data.lampungprov.go.id""]",897c8865321dedf2,auto-detected
F000826,P037,W08,color-contrast,1.4.3,AA,serious,15,.col-lg-3.col-6:nth-child(1) > .widget_links.widget > ul > li:nth-child(2) > a,54a0cf5192f140bf,auto-detected
F000827,P037,W08,color-contrast,1.4.3,AA,serious,15,.widget_links.widget > ul > li:nth-child(3) > a,646dd195245d0a76,auto-detected
F000828,P037,W08,color-contrast,1.4.3,AA,serious,15,.widget_links.widget > ul > li:nth-child(4) > a,40e5679544d3b688,auto-detected
F000829,P037,W08,color-contrast,1.4.3,AA,serious,15,.col-lg-3.col-6:nth-child(2) > .widget_links.widget > h4,8bfd1c31001020f2,auto-detected
F000830,P037,W08,color-contrast,1.4.3,AA,serious,15,"a[href$=""data.go.id""]",f61c111916883f9c,auto-detected
F000831,P037,W08,color-contrast,1.4.3,AA,serious,15,.col-lg-3.col-6:nth-child(3) > .widget_links.widget > h4,577c116e821323a0,auto-detected
F000832,P037,W08,color-contrast,1.4.3,AA,serious,15,".col-lg-3.col-6:nth-child(3) > .widget_links.widget > ul > li > a[href$=""lampungprov.go.id""]",bea972b30e39528b,auto-detected
F000833,P037,W08,color-contrast,1.4.3,AA,serious,15,.col-lg-3.col-6:nth-child(4) > .widget_links.widget > h4,197e87a83e15320e,auto-detected
F000834,P037,W08,color-contrast,1.4.3,AA,serious,15,.col-lg-3.col-6:nth-child(4) > .widget_links.widget > ul > li:nth-child(1) > a,f0fae0679c0abc8d,auto-detected
F000835,P037,W08,color-contrast,1.4.3,AA,serious,15,.col-lg-3.col-6:nth-child(4) > .widget_links.widget > ul > li:nth-child(2) > a,bbe3c9ad8fe9a568,auto-detected
F000836,P037,W08,color-contrast,1.4.3,AA,serious,15,".copyright-links > a[href=""#""]:nth-child(1)",a9f98128a8b20766,auto-detected
F000837,P037,W08,color-contrast,1.4.3,AA,serious,15,"a[href=""#""]:nth-child(2)",b56acfc40c7f660a,auto-detected
F000838,P037,W08,heading-order,,,moderate,1,.col-lg-3.col-6:nth-child(1) > .widget_links.widget > h4,4dcacf1b40b21004,auto-detected
F000839,P037,W08,image-redundant-alt,,,minor,9,"img[alt=""pemerintahan umum""]",c509b0b83dc7b99a,auto-detected
F000840,P037,W08,image-redundant-alt,,,minor,9,"img[alt=""pembangunan daerah""]",3bf4e147a6314831,auto-detected
F000841,P037,W08,image-redundant-alt,,,minor,9,"img[alt=""ekonomi dan industri""]",b2de91bb5558c443,auto-detected
F000842,P037,W08,image-redundant-alt,,,minor,9,"img[data-pagespeed-url-hash=""2796486392""]",5d361a900487c637,auto-detected
F000843,P037,W08,image-redundant-alt,,,minor,9,".p-2.flex-fill.topik-container:nth-child(5) > a > .topik-item.border-warning.border-3 > .me-2[data-pagespeed-url-hash=""1278832984""][height=""75""]",133c205c068c8a15,auto-detected
F000844,P037,W08,image-redundant-alt,,,minor,9,"img[alt=""pendidikan dan tenaga kerja""]",fc6ba828c3c8cb28,auto-detected
F000845,P037,W08,image-redundant-alt,,,minor,9,"img[alt=""budaya dan agama""]",8d330a86a84e7034,auto-detected
F000846,P037,W08,image-redundant-alt,,,minor,9,".p-2.flex-fill.topik-container:nth-child(8) > a > .topik-item.border-warning.border-3 > .me-2[data-pagespeed-url-hash=""1278832984""][height=""75""]",47cec505a4969527,auto-detected
F000847,P037,W08,image-redundant-alt,,,minor,9,"img[alt=""pendukung umum""]",2f9584db64edb6ff,auto-detected
F000848,P037,W08,link-name,2.4.4;4.1.2,A,serious,1,#top-search-trigger,1ded37239b028a74,auto-detected
F000849,P037,W08,list,1.3.1,A,serious,1,.menu-container,0690ad81387c4a88,auto-detected
F000850,P037,W08,region,,,moderate,5,.z-0,4e7498d84e562c8a,auto-detected
F000851,P037,W08,region,,,moderate,5,#slider,bc7bdeac6975ab1e,auto-detected
F000852,P037,W08,region,,,moderate,5,#search-section,0b9385b0769896e8,auto-detected
F000853,P037,W08,region,,,moderate,5,.text-smaller,f0c0b0bb3b3a440d,auto-detected
F000854,P037,W08,region,,,moderate,5,.col-md-12,d929ba4bffe55671,auto-detected
F000855,P038,W08,aria-required-parent,1.3.1,A,critical,5,"a[href$=""data.lampungprov.go.id""]",eb54965aa9fbd12c,auto-detected
F000856,P038,W08,aria-required-parent,1.3.1,A,critical,5,"a[data-target=""#kt_aside_tab_3""]",c774b87610daaf1a,auto-detected
F000857,P038,W08,aria-required-parent,1.3.1,A,critical,5,"a[data-target=""#kt_aside_tab_4""]",58b8cd087f4f83d1,auto-detected
F000858,P038,W08,aria-required-parent,1.3.1,A,critical,5,"a[data-target=""#kt_aside_tab_5""]",367580f4a7df3b93,auto-detected
F000859,P038,W08,aria-required-parent,1.3.1,A,critical,5,"a[data-target=""#kt_aside_tab_6""]",80ae276dc2e7e747,auto-detected
F000860,P038,W08,color-contrast,1.4.3,AA,serious,31,".breadcrumb-item:nth-child(1) > .text-muted[href=""""]",08edf549954ba20d,auto-detected
F000861,P038,W08,color-contrast,1.4.3,AA,serious,31,".breadcrumb-item:nth-child(2) > .text-muted[href=""""]",0de01c36f053b7da,auto-detected
F000862,P038,W08,color-contrast,1.4.3,AA,serious,31,".col-md-3.col-lg-3.col-xxl-3:nth-child(1) > a[target=""_blank""] > .card-stretch.card.card-custom > .bg-light.justify-content-between.card-body > .px-4.pb-4.row > .col-12.text-center:nth-child(1) > .font-size-h6.font-weight-bolder.text-muted",f2b5ff3bf6c3d9a3,auto-detected
F000863,P038,W08,color-contrast,1.4.3,AA,serious,31,".col-md-3.col-lg-3.col-xxl-3:nth-child(2) > a[target=""_blank""] > .card-stretch.card.card-custom > .bg-light.justify-content-between.card-body > .px-4.pb-4.row > .col-12.text-center:nth-child(1) > .font-size-h6.font-weight-bolder.text-muted",06ccfd97f29d2885,auto-detected
F000864,P038,W08,color-contrast,1.4.3,AA,serious,31,".col-md-3.col-lg-3.col-xxl-3:nth-child(3) > a[target=""_blank""] > .card-stretch.card.card-custom > .bg-light.justify-content-between.card-body > .px-4.pb-4.row > .col-12.text-center:nth-child(1) > .font-size-h6.font-weight-bolder.text-muted",749c97244c8a2889,auto-detected
F000865,P038,W08,color-contrast,1.4.3,AA,serious,31,".col-md-3.col-lg-3.col-xxl-3:nth-child(4) > a[target=""_blank""] > .card-stretch.card.card-custom > .bg-light.justify-content-between.card-body > .px-4.pb-4.row > .col-12.text-center:nth-child(1) > .font-size-h6.font-weight-bolder.text-muted",9dbe7180a888bc08,auto-detected
F000866,P038,W08,color-contrast,1.4.3,AA,serious,31,".col-md-3.col-lg-3.col-xxl-3:nth-child(5) > a[target=""_blank""] > .card-stretch.card.card-custom > .bg-light.justify-content-between.card-body > .px-4.pb-4.row > .col-12.text-center:nth-child(1) > .font-size-h6.font-weight-bolder.text-muted",cbe19c076e921082,auto-detected
F000867,P038,W08,color-contrast,1.4.3,AA,serious,31,".col-md-3.col-lg-3.col-xxl-3:nth-child(6) > a[target=""_blank""] > .card-stretch.card.card-custom > .bg-light.justify-content-between.card-body > .px-4.pb-4.row > .col-12.text-center:nth-child(1) > .font-size-h6.font-weight-bolder.text-muted",82d8383006360cf2,auto-detected
F000868,P038,W08,color-contrast,1.4.3,AA,serious,31,".col-md-3.col-lg-3.col-xxl-3:nth-child(7) > a[target=""_blank""] > .card-stretch.card.card-custom > .bg-light.justify-content-between.card-body > .px-4.pb-4.row > .col-12.text-center:nth-child(1) > .font-size-h6.font-weight-bolder.text-muted",e6c2a787dfafa171,auto-detected
F000869,P038,W08,color-contrast,1.4.3,AA,serious,31,".col-md-3.col-lg-3.col-xxl-3:nth-child(8) > a[target=""_blank""] > .card-stretch.card.card-custom > .bg-light.justify-content-between.card-body > .px-4.pb-4.row > .col-12.text-center:nth-child(1) > .font-size-h6.font-weight-bolder.text-muted",75ebc64bd07e7534,auto-detected
F000870,P038,W08,color-contrast,1.4.3,AA,serious,31,".col-md-3.col-lg-3.col-xxl-3:nth-child(9) > a[target=""_blank""] > .card-stretch.card.card-custom > .bg-light.justify-content-between.card-body > .px-4.pb-4.row > .col-12.text-center:nth-child(1) > .font-size-h6.font-weight-bolder.text-muted",f7339da26ee7d97d,auto-detected
F000871,P038,W08,color-contrast,1.4.3,AA,serious,31,".col-md-3.col-lg-3.col-xxl-3:nth-child(10) > a[target=""_blank""] > .card-stretch.card.card-custom > .bg-light.justify-content-between.card-body > .px-4.pb-4.row > .col-12.text-center:nth-child(1) > .font-size-h6.font-weight-bolder.text-muted",d3c9d7588b1577a1,auto-detected
F000872,P038,W08,color-contrast,1.4.3,AA,serious,31,".col-md-3.col-lg-3.col-xxl-3:nth-child(11) > a[target=""_blank""] > .card-stretch.card.card-custom > .bg-light.justify-content-between.card-body > .px-4.pb-4.row > .col-12.text-center:nth-child(1) > .font-size-h6.font-weight-bolder.text-muted",a52c0716338a6723,auto-detected
F000873,P038,W08,color-contrast,1.4.3,AA,serious,31,".col-md-3.col-lg-3.col-xxl-3:nth-child(12) > a[target=""_blank""] > .card-stretch.card.card-custom > .bg-light.justify-content-between.card-body > .px-4.pb-4.row > .col-12.text-center:nth-child(1) > .font-size-h6.font-weight-bolder.text-muted",a0e61eefa3803d3c,auto-detected
F000874,P038,W08,color-contrast,1.4.3,AA,serious,31,".col-md-3.col-lg-3.col-xxl-3:nth-child(13) > a[target=""_blank""] > .card-stretch.card.card-custom > .bg-light.justify-content-between.card-body > .px-4.pb-4.row > .col-12.text-center:nth-child(1) > .font-size-h6.font-weight-bolder.text-muted",ba75a78e11332ccd,auto-detected
F000875,P038,W08,color-contrast,1.4.3,AA,serious,31,".col-md-3.col-lg-3.col-xxl-3:nth-child(14) > a[target=""_blank""] > .card-stretch.card.card-custom > .bg-light.justify-content-between.card-body > .px-4.pb-4.row > .col-12.text-center:nth-child(1) > .font-size-h6.font-weight-bolder.text-muted",81f513f9f0829e7c,auto-detected
F000876,P038,W08,color-contrast,1.4.3,AA,serious,31,".col-md-3.col-lg-3.col-xxl-3:nth-child(15) > a[target=""_blank""] > .card-stretch.card.card-custom > .bg-light.justify-content-between.card-body > .px-4.pb-4.row > .col-12.text-center:nth-child(1) > .font-size-h6.font-weight-bolder.text-muted",2f07dc1afd3b85f7,auto-detected
F000877,P038,W08,color-contrast,1.4.3,AA,serious,31,".col-md-3.col-lg-3.col-xxl-3:nth-child(16) > a[target=""_blank""] > .card-stretch.card.card-custom > .bg-light.justify-content-between.card-body > .px-4.pb-4.row > .col-12.text-center:nth-child(1) > .font-size-h6.font-weight-bolder.text-muted",db2e7f0a9550dce1,auto-detected
F000878,P038,W08,color-contrast,1.4.3,AA,serious,31,".col-md-3.col-lg-3.col-xxl-3:nth-child(17) > a[target=""_blank""] > .card-stretch.card.card-custom > .bg-light.justify-content-between.card-body > .px-4.pb-4.row > .col-12.text-center:nth-child(1) > .font-size-h6.font-weight-bolder.text-muted",e9831707a08fd10d,auto-detected
F000879,P038,W08,color-contrast,1.4.3,AA,serious,31,".col-md-3.col-lg-3.col-xxl-3:nth-child(18) > a[target=""_blank""] > .card-stretch.card.card-custom > .bg-light.justify-content-between.card-body > .px-4.pb-4.row > .col-12.text-center:nth-child(1) > .font-size-h6.font-weight-bolder.text-muted",30866c9690984ee4,auto-detected
F000880,P038,W08,color-contrast,1.4.3,AA,serious,31,".col-md-3.col-lg-3.col-xxl-3:nth-child(19) > a[target=""_blank""] > .card-stretch.card.card-custom > .bg-light.justify-content-between.card-body > .px-4.pb-4.row > .col-12.text-center:nth-child(1) > .font-size-h6.font-weight-bolder.text-muted",c1e2ea505b5232e3,auto-detected
F000881,P038,W08,color-contrast,1.4.3,AA,serious,31,".col-md-3.col-lg-3.col-xxl-3:nth-child(20) > a[target=""_blank""] > .card-stretch.card.card-custom > .bg-light.justify-content-between.card-body > .px-4.pb-4.row > .col-12.text-center:nth-child(1) > .font-size-h6.font-weight-bolder.text-muted",ebbaf700b5ba4fd5,auto-detected
F000882,P038,W08,color-contrast,1.4.3,AA,serious,31,.mr-2.text-muted.font-weight-bold,215d335245c45f3a,auto-detected
F000883,P038,W08,color-contrast,1.4.3,AA,serious,31,.pr-3,f2c3c39b337b72e5,auto-detected
F000884,P038,W08,color-contrast,1.4.3,AA,serious,31,.pr-0,76af850efb9476df,auto-detected
F000885,P038,W08,color-contrast,1.4.3,AA,serious,31,".pl-3.nav-link[target=""_blank""]:nth-child(3)",47b9583cd2373c3f,auto-detected
F000886,P038,W08,color-contrast,1.4.3,AA,serious,31,#pasar-23 > .mb-10.align-items-center.d-flex:nth-child(2) > .flex-column.font-weight-bold.d-flex > .text-muted,dafbb216b4894b45,auto-detected
F000887,P038,W08,color-contrast,1.4.3,AA,serious,31,#pasar-23 > .mb-10.align-items-center.d-flex:nth-child(3) > .flex-column.font-weight-bold.d-flex > .text-muted,fb7ed78a3f9e8ec2,auto-detected
F000888,P038,W08,color-contrast,1.4.3,AA,serious,31,#pasar-23 > .mb-10.align-items-center.d-flex:nth-child(4) > .flex-column.font-weight-bold.d-flex > .text-muted,b6a1cdfd5528cd55,auto-detected
F000889,P038,W08,color-contrast,1.4.3,AA,serious,31,#pasar-23 > .mb-10.align-items-center.d-flex:nth-child(5) > .flex-column.font-weight-bold.d-flex > .text-muted,007f81cbba55fc6c,auto-detected
F000890,P038,W08,color-contrast,1.4.3,AA,serious,31,.d-block,640dcecb76e8e785,auto-detected
F000891,P038,W08,image-alt,1.1.1,A,critical,40,"img[data-pagespeed-url-hash=""2785439728""]",0d1fcbb699da72a6,auto-detected
F000892,P038,W08,image-alt,1.1.1,A,critical,40,".col-md-3.col-lg-3.col-xxl-3:nth-child(1) > a[target=""_blank""] > .card-stretch.card.card-custom > .bg-light.justify-content-between.card-body > .mb-7.rounded.text-center > .position-absolute.m-5[width=""25""]",7ac281dfa498f082,auto-detected
F000893,P038,W08,image-alt,1.1.1,A,critical,40,"img[data-pagespeed-url-hash=""396580952""]",5e831de21e3ae5f6,auto-detected
F000894,P038,W08,image-alt,1.1.1,A,critical,40,".col-md-3.col-lg-3.col-xxl-3:nth-child(2) > a[target=""_blank""] > .card-stretch.card.card-custom > .bg-light.justify-content-between.card-body > .mb-7.rounded.text-center > .position-absolute.m-5[width=""25""]",f287f530e772fef0,auto-detected
F000895,P038,W08,image-alt,1.1.1,A,critical,40,"img[data-pagespeed-url-hash=""3368687556""]",c5e4acc4180c73ef,auto-detected
F000896,P038,W08,image-alt,1.1.1,A,critical,40,".col-md-3.col-lg-3.col-xxl-3:nth-child(3) > a[target=""_blank""] > .card-stretch.card.card-custom > .bg-light.justify-content-between.card-body > .mb-7.rounded.text-center > .position-absolute.m-5[width=""25""]",6484721f5ba6586f,auto-detected
F000897,P038,W08,image-alt,1.1.1,A,critical,40,"img[data-pagespeed-url-hash=""1174151148""]",acd614f08bb867ec,auto-detected
F000898,P038,W08,image-alt,1.1.1,A,critical,40,".col-md-3.col-lg-3.col-xxl-3:nth-child(4) > a[target=""_blank""] > .card-stretch.card.card-custom > .bg-light.justify-content-between.card-body > .mb-7.rounded.text-center > .position-absolute.m-5[width=""25""]",734d7b8076c463f9,auto-detected
F000899,P038,W08,image-alt,1.1.1,A,critical,40,"img[data-pagespeed-url-hash=""2417778445""]",a849c383739f74ff,auto-detected
F000900,P038,W08,image-alt,1.1.1,A,critical,40,".col-md-3.col-lg-3.col-xxl-3:nth-child(5) > a[target=""_blank""] > .card-stretch.card.card-custom > .bg-light.justify-content-between.card-body > .mb-7.rounded.text-center > .position-absolute.m-5[width=""25""]",18453e4ef1e0e7a4,auto-detected
F000901,P038,W08,image-alt,1.1.1,A,critical,40,"img[data-pagespeed-url-hash=""3266558348""]",e8322556991328c1,auto-detected
F000902,P038,W08,image-alt,1.1.1,A,critical,40,".col-md-3.col-lg-3.col-xxl-3:nth-child(6) > a[target=""_blank""] > .card-stretch.card.card-custom > .bg-light.justify-content-between.card-body > .mb-7.rounded.text-center > .position-absolute.m-5[width=""25""]",d509cbcf4883423c,auto-detected
F000903,P038,W08,image-alt,1.1.1,A,critical,40,"img[data-pagespeed-url-hash=""1276008659""]",0fa55a8e2169dbd1,auto-detected
F000904,P038,W08,image-alt,1.1.1,A,critical,40,".col-md-3.col-lg-3.col-xxl-3:nth-child(7) > a[target=""_blank""] > .card-stretch.card.card-custom > .bg-light.justify-content-between.card-body > .mb-7.rounded.text-center > .position-absolute.m-5[width=""25""]",9879106a991b653d,auto-detected
F000905,P038,W08,image-alt,1.1.1,A,critical,40,"img[data-pagespeed-url-hash=""795767301""]",2263bd37a49c8d44,auto-detected
F000906,P038,W08,image-alt,1.1.1,A,critical,40,".col-md-3.col-lg-3.col-xxl-3:nth-child(8) > a[target=""_blank""] > .card-stretch.card.card-custom > .bg-light.justify-content-between.card-body > .mb-7.rounded.text-center > .position-absolute.m-5[width=""25""]",d72809ecb3d6d2a6,auto-detected
F000907,P038,W08,image-alt,1.1.1,A,critical,40,"img[data-pagespeed-url-hash=""2377342948""]",7ddd78185b1df8f6,auto-detected
F000908,P038,W08,image-alt,1.1.1,A,critical,40,".col-md-3.col-lg-3.col-xxl-3:nth-child(9) > a[target=""_blank""] > .card-stretch.card.card-custom > .bg-light.justify-content-between.card-body > .mb-7.rounded.text-center > .position-absolute.m-5[width=""25""]",f2cc08d6ccc38042,auto-detected
F000909,P038,W08,image-alt,1.1.1,A,critical,40,"img[data-pagespeed-url-hash=""4061697918""]",920922a9c4ed3659,auto-detected
F000910,P038,W08,image-alt,1.1.1,A,critical,40,".col-md-3.col-lg-3.col-xxl-3:nth-child(10) > a[target=""_blank""] > .card-stretch.card.card-custom > .bg-light.justify-content-between.card-body > .mb-7.rounded.text-center > .position-absolute.m-5[width=""25""]",af4f7282c108574b,auto-detected
F000911,P038,W08,image-alt,1.1.1,A,critical,40,"img[data-pagespeed-url-hash=""1682996599""]",cd1d8469b7d999e4,auto-detected
F000912,P038,W08,image-alt,1.1.1,A,critical,40,".col-md-3.col-lg-3.col-xxl-3:nth-child(11) > a[target=""_blank""] > .card-stretch.card.card-custom > .bg-light.justify-content-between.card-body > .mb-7.rounded.text-center > .position-absolute.m-5[width=""25""]",d3a0dcd03509149e,auto-detected
F000913,P038,W08,image-alt,1.1.1,A,critical,40,"img[data-pagespeed-url-hash=""2935370760""]",0e469cc1410da99a,auto-detected
F000914,P038,W08,image-alt,1.1.1,A,critical,40,".col-md-3.col-lg-3.col-xxl-3:nth-child(12) > a[target=""_blank""] > .card-stretch.card.card-custom > .bg-light.justify-content-between.card-body > .mb-7.rounded.text-center > .position-absolute.m-5[width=""25""]",19f7a0d52e894b7b,auto-detected
F000915,P038,W08,image-alt,1.1.1,A,critical,40,"img[data-pagespeed-url-hash=""3861460977""]",c58b1783d2000b4a,auto-detected
F000916,P038,W08,image-alt,1.1.1,A,critical,40,".col-md-3.col-lg-3.col-xxl-3:nth-child(13) > a[target=""_blank""] > .card-stretch.card.card-custom > .bg-light.justify-content-between.card-body > .mb-7.rounded.text-center > .position-absolute.m-5[width=""25""]",14504471e802ec94,auto-detected
F000917,P038,W08,image-alt,1.1.1,A,critical,40,"img[data-pagespeed-url-hash=""1099843388""]",0abc8361a9803e73,auto-detected
F000918,P038,W08,image-alt,1.1.1,A,critical,40,".col-md-3.col-lg-3.col-xxl-3:nth-child(14) > a[target=""_blank""] > .card-stretch.card.card-custom > .bg-light.justify-content-between.card-body > .mb-7.rounded.text-center > .position-absolute.m-5[width=""25""]",00b20fa8b979b9f4,auto-detected
F000919,P038,W08,image-alt,1.1.1,A,critical,40,"img[data-pagespeed-url-hash=""3628252524""]",0f8014eefbdc636b,auto-detected
F000920,P038,W08,image-alt,1.1.1,A,critical,40,".col-md-3.col-lg-3.col-xxl-3:nth-child(15) > a[target=""_blank""] > .card-stretch.card.card-custom > .bg-light.justify-content-between.card-body > .mb-7.rounded.text-center > .position-absolute.m-5[width=""25""]",2767cd73ddd94fab,auto-detected
F000921,P038,W08,image-alt,1.1.1,A,critical,40,"img[data-pagespeed-url-hash=""1829463414""]",b543fdd5e43fcba9,auto-detected
F000922,P038,W08,image-alt,1.1.1,A,critical,40,".col-md-3.col-lg-3.col-xxl-3:nth-child(16) > a[target=""_blank""] > .card-stretch.card.card-custom > .bg-light.justify-content-between.card-body > .mb-7.rounded.text-center > .position-absolute.m-5[width=""25""]",13bacb7e01192869,auto-detected
F000923,P038,W08,image-alt,1.1.1,A,critical,40,"img[data-pagespeed-url-hash=""489585865""]",da4b42d5addd5682,auto-detected
F000924,P038,W08,image-alt,1.1.1,A,critical,40,".col-md-3.col-lg-3.col-xxl-3:nth-child(17) > a[target=""_blank""] > .card-stretch.card.card-custom > .bg-light.justify-content-between.card-body > .mb-7.rounded.text-center > .position-absolute.m-5[width=""25""]",f1073d1ef37dfb50,auto-detected
F000925,P038,W08,image-alt,1.1.1,A,critical,40,"img[data-pagespeed-url-hash=""2362675347""]",9115ca223d4ea51d,auto-detected
F000926,P038,W08,image-alt,1.1.1,A,critical,40,".col-md-3.col-lg-3.col-xxl-3:nth-child(18) > a[target=""_blank""] > .card-stretch.card.card-custom > .bg-light.justify-content-between.card-body > .mb-7.rounded.text-center > .position-absolute.m-5[width=""25""]",7a5ec853612df3e5,auto-detected
F000927,P038,W08,image-alt,1.1.1,A,critical,40,"img[data-pagespeed-url-hash=""2970257122""]",0a952bdd47f55287,auto-detected
F000928,P038,W08,image-alt,1.1.1,A,critical,40,".col-md-3.col-lg-3.col-xxl-3:nth-child(19) > a[target=""_blank""] > .card-stretch.card.card-custom > .bg-light.justify-content-between.card-body > .mb-7.rounded.text-center > .position-absolute.m-5[width=""25""]",83bca928498d1dd2,auto-detected
F000929,P038,W08,image-alt,1.1.1,A,critical,40,"img[data-pagespeed-url-hash=""2369310801""]",d804c6ee58631f64,auto-detected
F000930,P038,W08,image-alt,1.1.1,A,critical,40,".col-md-3.col-lg-3.col-xxl-3:nth-child(20) > a[target=""_blank""] > .card-stretch.card.card-custom > .bg-light.justify-content-between.card-body > .mb-7.rounded.text-center > .position-absolute.m-5[width=""25""]",6319399f8237745e,auto-detected
F000931,P038,W08,landmark-one-main,,,moderate,1,html,a88afd35fa921cda,auto-detected
F000932,P038,W08,link-name,2.4.4;4.1.2,A,serious,11,.active.nav-link.btn-lg,037d8ec4f4daead4,auto-detected
F000933,P038,W08,link-name,2.4.4;4.1.2,A,serious,11,"a[href$=""data.lampungprov.go.id""]",cf0afaf3e15c96e2,auto-detected
F000934,P038,W08,link-name,2.4.4;4.1.2,A,serious,11,"a[data-target=""#kt_aside_tab_3""]",809a970d1dbf835c,auto-detected
F000935,P038,W08,link-name,2.4.4;4.1.2,A,serious,11,"a[data-target=""#kt_aside_tab_4""]",d88ca6696087f026,auto-detected
F000936,P038,W08,link-name,2.4.4;4.1.2,A,serious,11,"a[data-target=""#kt_aside_tab_5""]",58657cbdb9a79bbd,auto-detected
F000937,P038,W08,link-name,2.4.4;4.1.2,A,serious,11,"a[data-target=""#kt_aside_tab_6""]",27a0c00f2b2eca80,auto-detected
F000938,P038,W08,link-name,2.4.4;4.1.2,A,serious,11,"a[data-original-title=""facebook page lampung""]",54e2977ab64d387f,auto-detected
F000939,P038,W08,link-name,2.4.4;4.1.2,A,serious,11,"a[data-original-title=""twittwer account lampung""]",aacf0f21fa6408c8,auto-detected
F000940,P038,W08,link-name,2.4.4;4.1.2,A,serious,11,"a[data-original-title=""instagram account lampung""]",72a18184bda97665,auto-detected
F000941,P038,W08,link-name,2.4.4;4.1.2,A,serious,11,"a[data-original-title=""channel youtube lampung""]",8aadc9232ff07f91,auto-detected
F000942,P038,W08,link-name,2.4.4;4.1.2,A,serious,11,.bg-hover-state-dark.mt-5.card-shadowless:nth-child(3),a82acd70d3a784f0,auto-detected
F000943,P038,W08,page-has-heading-one,,,moderate,1,html,eee6db66d576194a,auto-detected
F000944,P038,W08,region,,,moderate,43,.aside-brand,1ebfaa191aa65ad8,auto-detected
F000945,P038,W08,region,,,moderate,43,.aside-footer,600e807522173716,auto-detected
F000946,P038,W08,region,,,moderate,43,".menu-item-rel.menu-item-submenu[data-menu-toggle=""click""]:nth-child(1) > .menu-toggle.menu-link[href=""#""] > .menu-text",80035c6ea242f18e,auto-detected
F000947,P038,W08,region,,,moderate,43,".menu-item-rel.menu-item-submenu[data-menu-toggle=""click""]:nth-child(2) > .menu-toggle.menu-link[href=""#""] > .menu-text",50967d93caff96e5,auto-detected
F000948,P038,W08,region,,,moderate,43,".menu-item-rel.menu-item-submenu[data-menu-toggle=""click""]:nth-child(3) > .menu-toggle.menu-link[href=""#""] > .menu-text",af9811cdaaf662f9,auto-detected
F000949,P038,W08,region,,,moderate,43,".menu-item-rel.menu-item-submenu[data-menu-toggle=""click""]:nth-child(4) > .menu-toggle.menu-link[href=""#""] > .menu-text",f925354460e0d28a,auto-detected
F000950,P038,W08,region,,,moderate,43,".menu-item-rel.menu-item-submenu[data-menu-toggle=""click""]:nth-child(5) > .menu-toggle.menu-link[href=""#""] > .menu-text",78b5c356a5a724ef,auto-detected
F000951,P038,W08,region,,,moderate,43,".menu-item-rel.menu-item[aria-haspopup=""true""]:nth-child(6)",652b5f259ae857c7,auto-detected
F000952,P038,W08,region,,,moderate,43,".menu-item-rel.menu-item-submenu[data-menu-toggle=""click""]:nth-child(7) > .menu-toggle.menu-link[href=""#""] > .menu-text",8822795ab1b7e82e,auto-detected
F000953,P038,W08,region,,,moderate,43,#kt_subheader,bbb4583c87f64fb6,auto-detected
F000954,P038,W08,region,,,moderate,43,.col-md-3.col-lg-3.col-xxl-3:nth-child(1),a2d064872fba1f1e,auto-detected
F000955,P038,W08,region,,,moderate,43,.col-md-3.col-lg-3.col-xxl-3:nth-child(2),c54f7f71931e3b90,auto-detected
F000956,P038,W08,region,,,moderate,43,.col-md-3.col-lg-3.col-xxl-3:nth-child(3),e2c1f31a930d149e,auto-detected
F000957,P038,W08,region,,,moderate,43,.col-md-3.col-lg-3.col-xxl-3:nth-child(4),ab6079ee9ff571e6,auto-detected
F000958,P038,W08,region,,,moderate,43,.col-md-3.col-lg-3.col-xxl-3:nth-child(5),638a93d2626c1aef,auto-detected
F000959,P038,W08,region,,,moderate,43,.col-md-3.col-lg-3.col-xxl-3:nth-child(6),7fa3585fc41eca80,auto-detected
F000960,P038,W08,region,,,moderate,43,.col-md-3.col-lg-3.col-xxl-3:nth-child(7),837dcef88cd8bba7,auto-detected
F000961,P038,W08,region,,,moderate,43,.col-md-3.col-lg-3.col-xxl-3:nth-child(8),01c36dee0031fd72,auto-detected
F000962,P038,W08,region,,,moderate,43,.col-md-3.col-lg-3.col-xxl-3:nth-child(9),f5bcd74056c72560,auto-detected
F000963,P038,W08,region,,,moderate,43,.col-md-3.col-lg-3.col-xxl-3:nth-child(10),981bf5c16c02a6ec,auto-detected
F000964,P038,W08,region,,,moderate,43,.col-md-3.col-lg-3.col-xxl-3:nth-child(11),b95e53a752936c33,auto-detected
F000965,P038,W08,region,,,moderate,43,.col-md-3.col-lg-3.col-xxl-3:nth-child(12),0ae76271d8b3c07a,auto-detected
F000966,P038,W08,region,,,moderate,43,.col-md-3.col-lg-3.col-xxl-3:nth-child(13),13ca018a2e941d1a,auto-detected
F000967,P038,W08,region,,,moderate,43,.col-md-3.col-lg-3.col-xxl-3:nth-child(14),9762d737a7cb1ec6,auto-detected
F000968,P038,W08,region,,,moderate,43,.col-md-3.col-lg-3.col-xxl-3:nth-child(15),1d592ca0de456eca,auto-detected
F000969,P038,W08,region,,,moderate,43,.col-md-3.col-lg-3.col-xxl-3:nth-child(16),a60ac10c9c008566,auto-detected
F000970,P038,W08,region,,,moderate,43,.col-md-3.col-lg-3.col-xxl-3:nth-child(17),73d0a5a3d950cf99,auto-detected
F000971,P038,W08,region,,,moderate,43,.col-md-3.col-lg-3.col-xxl-3:nth-child(18),1183e1e02dc29670,auto-detected
F000972,P038,W08,region,,,moderate,43,.col-md-3.col-lg-3.col-xxl-3:nth-child(19),d042280948ed964e,auto-detected
F000973,P038,W08,region,,,moderate,43,.col-md-3.col-lg-3.col-xxl-3:nth-child(20),8ba7ae92497e154a,auto-detected
F000974,P038,W08,region,,,moderate,43,.btn-light.border-0.btn-sm,bdda075fd6f8cca1,auto-detected
F000975,P038,W08,region,,,moderate,43,.btn-light-primary,270e6a33551f1582,auto-detected
F000976,P038,W08,region,,,moderate,43,#kt_footer,53495fbaecfb01d7,auto-detected
F000977,P038,W08,region,,,moderate,43,.form-control,b362f961087965c4,auto-detected
F000978,P038,W08,region,,,moderate,43,.form-group.text-center,b51a09d6595ffd02,auto-detected
F000979,P038,W08,region,,,moderate,43,.text-inverse-danger.font-size-h5.font-weight-bolder,42ffb9413c402d8f,auto-detected
F000980,P038,W08,region,,,moderate,43,.font-size-h2,f0dcd2bda93e130c,auto-detected
F000981,P038,W08,region,,,moderate,43,.bg-hover-state-dark.mt-5.card-shadowless:nth-child(4),2c30ed3503d7f065,auto-detected
F000982,P038,W08,region,,,moderate,43,.card-header.border-0 > h3,7b798e87b9c70a7b,auto-detected
F000983,P038,W08,region,,,moderate,43,.dropdown-toggle,b330b6a7a17c367d,auto-detected
F000984,P038,W08,region,,,moderate,43,#pasar-23,b903d6545669705a,auto-detected
F000985,P038,W08,region,,,moderate,43,.mt-5.row,312b0e1bfa153960,auto-detected
F000986,P038,W08,region,,,moderate,43,.bg-white.card-shadowless.card:nth-child(7),62e3d260c3e31640,auto-detected
F000987,P039,W08,meta-refresh,2.2.1,A,critical,1,"meta[http-equiv=""refresh""]",60649648c36758eb,auto-detected
F000988,P040,W08,button-name,4.1.2,A,critical,1,button,c0e8cdfaff250570,auto-detected
F000989,P040,W08,html-has-lang,3.1.1,A,serious,1,html,3b58e8b63c61877f,auto-detected
F000990,P040,W08,link-name,2.4.4;4.1.2,A,serious,11,.logo,d9ccf2958a2b9b07,auto-detected
F000991,P040,W08,link-name,2.4.4;4.1.2,A,serious,11,a:nth-child(6),9c8c11f6b2051e59,auto-detected
F000992,P040,W08,link-name,2.4.4;4.1.2,A,serious,11,.cpanel.colorfull:nth-child(1) > li:nth-child(1) > .cpanel-item.dropdown > .icon.dropdown-toggle,9061505dcb3643ac,auto-detected
F000993,P040,W08,link-name,2.4.4;4.1.2,A,serious,11,.cpanel.colorfull:nth-child(1) > li:nth-child(2) > .cpanel-item.dropdown > .icon.dropdown-toggle,6f9adc59a856bfa9,auto-detected
F000994,P040,W08,link-name,2.4.4;4.1.2,A,serious,11,.cpanel.colorfull:nth-child(1) > li:nth-child(3) > .cpanel-item.dropdown > .icon.dropdown-toggle,b28863dbf1bd7e55,auto-detected
F000995,P040,W08,link-name,2.4.4;4.1.2,A,serious,11,.\35 71.cpanel.colorfull:nth-child(2) > li:nth-child(1) > .cpanel-item.dropdown > .icon.dropdown-toggle,ca464cc854a397a7,auto-detected
F000996,P040,W08,link-name,2.4.4;4.1.2,A,serious,11,.\35 71.cpanel.colorfull:nth-child(2) > li:nth-child(2) > .cpanel-item.dropdown > .icon.dropdown-toggle,3e7c06f30f0349f7,auto-detected
F000997,P040,W08,link-name,2.4.4;4.1.2,A,serious,11,.\35 71.cpanel.colorfull:nth-child(2) > li:nth-child(3) > .cpanel-item.dropdown > .icon.dropdown-toggle,9dbb18a9ef9f2bc1,auto-detected
F000998,P040,W08,link-name,2.4.4;4.1.2,A,serious,11,.\35 71.cpanel.colorfull:nth-child(3) > li:nth-child(1) > .cpanel-item.dropdown > .icon.dropdown-toggle,55febf5f3cbf9394,auto-detected
F000999,P040,W08,link-name,2.4.4;4.1.2,A,serious,11,.\35 71.cpanel.colorfull:nth-child(3) > li:nth-child(2) > .cpanel-item.dropdown > .icon.dropdown-toggle,de7f2155deafaa56,auto-detected
F001000,P040,W08,link-name,2.4.4;4.1.2,A,serious,11,.\35 71.cpanel.colorfull:nth-child(3) > li:nth-child(3) > .cpanel-item.dropdown > .icon.dropdown-toggle,2758a3c7b66d08c4,auto-detected
F001001,P040,W08,meta-viewport,1.4.4,AA,critical,1,"meta[name=""viewport""]",4c265637d11fea50,auto-detected
F001002,P040,W08,region,,,moderate,14,.form-control,70d6cc1a472ba0f2,auto-detected
F001003,P040,W08,region,,,moderate,14,.cpanel.colorfull:nth-child(1) > li:nth-child(1) > .cpanel-item.dropdown > .title,331331da02573026,auto-detected
F001004,P040,W08,region,,,moderate,14,.cpanel.colorfull:nth-child(1) > li:nth-child(2) > .cpanel-item.dropdown > .title,c9374ec1ba2d71e8,auto-detected
F001005,P040,W08,region,,,moderate,14,.cpanel.colorfull:nth-child(1) > li:nth-child(3) > .cpanel-item.dropdown > .title,0b12608ca5c65fd0,auto-detected
F001006,P040,W08,region,,,moderate,14,.\35 71.cpanel.colorfull:nth-child(2) > li:nth-child(1) > .cpanel-item.dropdown > .title,c4b7fda2aad60c3d,auto-detected
F001007,P040,W08,region,,,moderate,14,.\35 71.cpanel.colorfull:nth-child(2) > li:nth-child(2) > .cpanel-item.dropdown > .title,d700727551cbfe66,auto-detected
F001008,P040,W08,region,,,moderate,14,.\35 71.cpanel.colorfull:nth-child(2) > li:nth-child(3) > .cpanel-item.dropdown > .title,79e18152dda93234,auto-detected
F001009,P040,W08,region,,,moderate,14,.\35 71.cpanel.colorfull:nth-child(3) > li:nth-child(1) > .cpanel-item.dropdown > .title,e30133ee5b82d48b,auto-detected
F001010,P040,W08,region,,,moderate,14,.\35 71.cpanel.colorfull:nth-child(3) > li:nth-child(2) > .cpanel-item.dropdown > .title,7edfdc849271a76c,auto-detected
F001011,P040,W08,region,,,moderate,14,.\35 71.cpanel.colorfull:nth-child(3) > li:nth-child(3) > .cpanel-item.dropdown > .title,f3d3d2230c8db152,auto-detected
F001012,P040,W08,region,,,moderate,14,"a[href$=""home""]",6f6bf12526de865c,auto-detected
F001013,P040,W08,region,,,moderate,14,"a[href=""tel:628117905000""]",edb1bb8777ececfd,auto-detected
F001014,P040,W08,region,,,moderate,14,.logo-foila,a9e9d993f71f9de0,auto-detected
F001015,P040,W08,region,,,moderate,14,#intro-video,23ca7b4500e9264f,auto-detected
F001016,P041,W09,color-contrast,1.4.3,AA,serious,2,"#menu-218-1 > .active.sf-depth-1[href=""/""]",f03dce203f5d04f8,auto-detected
F001017,P041,W09,color-contrast,1.4.3,AA,serious,2,"#menu-2689-1 > .active.sf-with-ul[href=""/""]",4f9075450788cd9c,auto-detected
F001018,P041,W09,empty-heading,,,minor,4,"li[data-thumb-alt=""""]:nth-child(1) > div > .showcase > a[href=""""] > h2",16716b22aac59ef0,auto-detected
F001019,P041,W09,empty-heading,,,minor,4,".flex-active-slide > div > .showcase > a[href=""""] > h2",ec5cc1b9cad0b15a,auto-detected
F001020,P041,W09,empty-heading,,,minor,4,"li[data-thumb-alt=""""]:nth-child(5) > div > .showcase > a[href=""""] > h2",51ab6ba870144db3,auto-detected
F001021,P041,W09,empty-heading,,,minor,4,"li[data-thumb-alt=""""]:nth-child(8) > div > .showcase > a[href=""""] > h2",c044e88c5e33d00b,auto-detected
F001022,P041,W09,heading-order,,,moderate,3,.views-row-1.views-row-first.views-row-odd > div:nth-child(2) > div > h6,d8af3f443a8b3087,auto-detected
F001023,P041,W09,heading-order,,,moderate,3,.views-row-1.views-row-first.views-row-odd > .views-field-created > span > h6,145c0e23e821fa56,auto-detected
F001024,P041,W09,heading-order,,,moderate,3,.views-row-1.views-row-first.views-row-last > span > span > h6,e87345191b6cd123,auto-detected
F001025,P041,W09,image-alt,1.1.1,A,critical,1,"img[width=""70""]",94c0893f0acb7a32,auto-detected
F001026,P041,W09,link-name,2.4.4;4.1.2,A,serious,30,"li[data-thumb-alt=""""]:nth-child(1) > div > .showcase > a[href=""""]",1c1d6adac003ff66,auto-detected
F001027,P041,W09,link-name,2.4.4;4.1.2,A,serious,30,".flex-active-slide > div > .showcase > a[href=""""]",cfa258630dcb3dd3,auto-detected
F001028,P041,W09,link-name,2.4.4;4.1.2,A,serious,30,"li[data-thumb-alt=""""]:nth-child(5) > div > .showcase > a[href=""""]",5f3803a9eb256934,auto-detected
F001029,P041,W09,link-name,2.4.4;4.1.2,A,serious,30,"li[data-thumb-alt=""""]:nth-child(8) > div > .showcase > a[href=""""]",b444bc7bc12fc75f,auto-detected
F001030,P041,W09,link-name,2.4.4;4.1.2,A,serious,30,.view-berita.view-id-berita.view-display-id-attachment_1 > .view-content > .views-row-1.views-row-first.views-row-odd > .views-field-field-images.views-field > .field-content > a,524e712a2ca57bd7,auto-detected
F001031,P041,W09,link-name,2.4.4;4.1.2,A,serious,30,.view-berita.view-id-berita.view-display-id-attachment_1 > .view-content > .views-row-2.views-row-even.views-row > .views-field-field-images.views-field > .field-content > a,7fe4d793439d12b3,auto-detected
F001032,P041,W09,link-name,2.4.4;4.1.2,A,serious,30,.view-berita.view-id-berita.view-display-id-attachment_1 > .view-content > .views-row-3.views-row-odd.views-row > .views-field-field-images.views-field > .field-content > a,e9d93a0e25dafbaf,auto-detected
F001033,P041,W09,link-name,2.4.4;4.1.2,A,serious,30,.view-berita.view-id-berita.view-display-id-attachment_1 > .view-content > .views-row-4.views-row-even.views-row > .views-field-field-images.views-field > .field-content > a,6bfdd8bc7ca910b9,auto-detected
F001034,P041,W09,link-name,2.4.4;4.1.2,A,serious,30,.view-berita.view-id-berita.view-display-id-attachment_1 > .view-content > .views-row-5.views-row-odd.views-row > .views-field-field-images.views-field > .field-content > a,58342f3c3f76f7bd,auto-detected
F001035,P041,W09,link-name,2.4.4;4.1.2,A,serious,30,.views-row-6 > .views-field-field-images.views-field > .field-content > a,aa7f8f80972568f3,auto-detected
F001036,P041,W09,link-name,2.4.4;4.1.2,A,serious,30,.view-dom-id-975364c878928c7a08b3236ea58e46b5 > .view-content > .lcol > .views-field-field-images.views-field > .field-content > a,97f59782bfd85e56,auto-detected
F001037,P041,W09,link-name,2.4.4;4.1.2,A,serious,30,.view-artikel.view-id-artikel.view-display-id-attachment_1 > .view-content > .views-row-1.views-row-first.views-row-odd > .views-field-field-images.views-field > .field-content > a,277b70317de7a321,auto-detected
F001038,P041,W09,link-name,2.4.4;4.1.2,A,serious,30,.view-artikel.view-id-artikel.view-display-id-attachment_1 > .view-content > .views-row-2.views-row-even.views-row > .views-field-field-images.views-field > .field-content > a,162f54d6a15c8c62,auto-detected
F001039,P041,W09,link-name,2.4.4;4.1.2,A,serious,30,.view-artikel.view-id-artikel.view-display-id-attachment_1 > .view-content > .views-row-3.views-row-odd.views-row > .views-field-field-images.views-field > .field-content > a,ab4fb351eda40c58,auto-detected
F001040,P041,W09,link-name,2.4.4;4.1.2,A,serious,30,.view-artikel.view-id-artikel.view-display-id-attachment_1 > .view-content > .views-row-4.views-row-even.views-row > .views-field-field-images.views-field > .field-content > a,00419f84c07a62ff,auto-detected
F001041,P041,W09,link-name,2.4.4;4.1.2,A,serious,30,.view-artikel.view-id-artikel.view-display-id-attachment_1 > .view-content > .views-row-5.views-row-last.views-row-odd > .views-field-field-images.views-field > .field-content > a,cc9883a64713f382,auto-detected
F001042,P041,W09,link-name,2.4.4;4.1.2,A,serious,30,".views-field-field-images.views-field > .field-content > a[href=""/hksn-merajut-kepekaan-sosial""]",c213ac71044e2966,auto-detected
F001043,P041,W09,link-name,2.4.4;4.1.2,A,serious,30,"a[href$=""sippn.menpan.go.id/""]",9938b199a3167536,auto-detected
F001044,P041,W09,link-name,2.4.4;4.1.2,A,serious,30,"a[href$=""lapor.go.id/""]",8ea6f7eb5d929402,auto-detected
F001045,P041,W09,link-name,2.4.4;4.1.2,A,serious,30,.view-link-terkait > .view-content > .views-row-4.views-row-even.views-row > .views-field-field-images.views-field > .field-content > a,437f51c37f3a2dcf,auto-detected
F001046,P041,W09,link-name,2.4.4;4.1.2,A,serious,30,.view-link-terkait > .view-content > .views-row-5.views-row-last.views-row-odd > .views-field-field-images.views-field > .field-content > a,d029d0dc17ebdd86,auto-detected
F001047,P041,W09,link-name,2.4.4;4.1.2,A,serious,30,.rtecenter > a:nth-child(1),9b76ffee19613f2b,auto-detected
F001048,P041,W09,link-name,2.4.4;4.1.2,A,serious,30,.rtecenter > a:nth-child(2),9a55f50b67a9a25f,auto-detected
F001049,P041,W09,link-name,2.4.4;4.1.2,A,serious,30,a:nth-child(3),30f849290028b838,auto-detected
F001050,P041,W09,link-name,2.4.4;4.1.2,A,serious,30,a:nth-child(4),e6c0cccb9af8957c,auto-detected
F001051,P041,W09,link-name,2.4.4;4.1.2,A,serious,30,a:nth-child(5),4ce116272173e6cb,auto-detected
F001052,P041,W09,link-name,2.4.4;4.1.2,A,serious,30,.row-1 > .col-1.col-first > .views-field-field-images.views-field > .field-content > a,47de3a5675a36964,auto-detected
F001053,P041,W09,link-name,2.4.4;4.1.2,A,serious,30,"a[href$=""rapot-kinerja-dinsospmd""]",820cab09bee4eefb,auto-detected
F001054,P041,W09,link-name,2.4.4;4.1.2,A,serious,30,"a[href$=""hut-tagana-babel-ke-20""]",fe5855539e1a66be,auto-detected
F001055,P041,W09,link-name,2.4.4;4.1.2,A,serious,30,.row-2 > .col-1.col-first > .views-field-field-images.views-field > .field-content > a,8a7ec5e69c721d92,auto-detected
F001056,P041,W09,region,,,moderate,2,#skip-link,d5f5f92b16b40795,auto-detected
F001057,P041,W09,region,,,moderate,2,#navigation,8e5993346533fce8,auto-detected
F001058,P042,W09,frame-title,4.1.2,A,serious,1,#i0_1785652028497,a366f9d7c2a01f80,auto-detected
F001059,P042,W09,heading-order,,,moderate,1,.views-row-1 > div:nth-child(2) > div > h6,5868e4b150361de7,auto-detected
F001060,P042,W09,image-alt,1.1.1,A,critical,1,"img[width=""70""]",dbeaf30b1d44ecc3,auto-detected
F001061,P042,W09,link-name,2.4.4;4.1.2,A,serious,12,"a[href=""#slide-0-field_images-3652""]",c134243b4e59d22c,auto-detected
F001062,P042,W09,link-name,2.4.4;4.1.2,A,serious,12,"a[href=""#slide-1-field_images-3652""]",cf2b0607608c4b08,auto-detected
F001063,P042,W09,link-name,2.4.4;4.1.2,A,serious,12,.views-row-1 > .views-field-field-images.views-field > .field-content > a,9b6a76b123cac0be,auto-detected
F001064,P042,W09,link-name,2.4.4;4.1.2,A,serious,12,.field-content > .active,04867f459201878f,auto-detected
F001065,P042,W09,link-name,2.4.4;4.1.2,A,serious,12,.views-row-3 > .views-field-field-images.views-field > .field-content > a,32505ac85e9c472e,auto-detected
F001066,P042,W09,link-name,2.4.4;4.1.2,A,serious,12,.views-row-4 > .views-field-field-images.views-field > .field-content > a,0e5991ae1b444480,auto-detected
F001067,P042,W09,link-name,2.4.4;4.1.2,A,serious,12,.views-row-5 > .views-field-field-images.views-field > .field-content > a,642c27471b91c56a,auto-detected
F001068,P042,W09,link-name,2.4.4;4.1.2,A,serious,12,.views-row-6 > .views-field-field-images.views-field > .field-content > a,0bd8f63ebde5abce,auto-detected
F001069,P042,W09,link-name,2.4.4;4.1.2,A,serious,12,.views-row-7 > .views-field-field-images.views-field > .field-content > a,c68c650c43efb76b,auto-detected
F001070,P042,W09,link-name,2.4.4;4.1.2,A,serious,12,.views-row-8 > .views-field-field-images.views-field > .field-content > a,e177614456d8fd04,auto-detected
F001071,P042,W09,link-name,2.4.4;4.1.2,A,serious,12,.views-row-9 > .views-field-field-images.views-field > .field-content > a,b5d4c3dc0d23fa16,auto-detected
F001072,P042,W09,link-name,2.4.4;4.1.2,A,serious,12,.views-row-10 > .views-field-field-images.views-field > .field-content > a,2256c698672ff728,auto-detected
F001073,P042,W09,region,,,moderate,3,#skip-link,b15b25cc54016406,auto-detected
F001074,P042,W09,region,,,moderate,3,#navigation,fe34b42d3bf3703a,auto-detected
F001075,P042,W09,region,,,moderate,3,#stcpdiv,0a7210a66cddfc97,auto-detected
F001076,P043,W09,frame-title,4.1.2,A,serious,1,#i0_1785652033047,63d6cc4f8eaece86,auto-detected
F001077,P043,W09,heading-order,,,moderate,1,.views-row-1 > div:nth-child(2) > div > h6,467fbe9dfc0638dd,auto-detected
F001078,P043,W09,image-alt,1.1.1,A,critical,1,"img[width=""70""]",67c8885b33eb957a,auto-detected
F001079,P043,W09,link-name,2.4.4;4.1.2,A,serious,14,"a[href=""#slide-0-field_images-3646""]",2a23a84870946426,auto-detected
F001080,P043,W09,link-name,2.4.4;4.1.2,A,serious,14,"a[href=""#slide-1-field_images-3646""]",18054a8b247c9e77,auto-detected
F001081,P043,W09,link-name,2.4.4;4.1.2,A,serious,14,"a[href=""#slide-2-field_images-3646""]",ac2e57fd403267de,auto-detected
F001082,P043,W09,link-name,2.4.4;4.1.2,A,serious,14,"a[href=""#slide-3-field_images-3646""]",a1fec7236258c2b1,auto-detected
F001083,P043,W09,link-name,2.4.4;4.1.2,A,serious,14,.views-row-1 > .views-field-field-images.views-field > .field-content > a,0eeedde01b277e2b,auto-detected
F001084,P043,W09,link-name,2.4.4;4.1.2,A,serious,14,.views-row-2 > .views-field-field-images.views-field > .field-content > a,183ca6186f9e7c8c,auto-detected
F001085,P043,W09,link-name,2.4.4;4.1.2,A,serious,14,.views-row-3 > .views-field-field-images.views-field > .field-content > a,fbab05b78f01bb60,auto-detected
F001086,P043,W09,link-name,2.4.4;4.1.2,A,serious,14,.views-row-4 > .views-field-field-images.views-field > .field-content > a,d1c59f8ef21a231b,auto-detected
F001087,P043,W09,link-name,2.4.4;4.1.2,A,serious,14,.views-row-5 > .views-field-field-images.views-field > .field-content > a,b3aeb7626c613c8e,auto-detected
F001088,P043,W09,link-name,2.4.4;4.1.2,A,serious,14,.views-row-6 > .views-field-field-images.views-field > .field-content > a,4227f39eb00de11c,auto-detected
F001089,P043,W09,link-name,2.4.4;4.1.2,A,serious,14,.field-content > .active,2375d29149c8ace3,auto-detected
F001090,P043,W09,link-name,2.4.4;4.1.2,A,serious,14,.views-row-8 > .views-field-field-images.views-field > .field-content > a,bda43e253b8e20b4,auto-detected
F001091,P043,W09,link-name,2.4.4;4.1.2,A,serious,14,.views-row-9 > .views-field-field-images.views-field > .field-content > a,848ef0e6f573b10a,auto-detected
F001092,P043,W09,link-name,2.4.4;4.1.2,A,serious,14,.views-row-10 > .views-field-field-images.views-field > .field-content > a,e34bc285fdf85c15,auto-detected
F001093,P043,W09,region,,,moderate,3,#skip-link,a4b0817d7e5f8ca1,auto-detected
F001094,P043,W09,region,,,moderate,3,#navigation,7ef2981e426e37ab,auto-detected
F001095,P043,W09,region,,,moderate,3,#stcpdiv,37bb08895ba8e110,auto-detected
F001096,P044,W09,color-contrast,1.4.3,AA,serious,1,".active.sf-with-ul[href$=""berita""]",da026a507c3721bf,auto-detected
F001097,P044,W09,heading-order,,,moderate,21,.views-row-1.views-row-first.views-row-odd > .views-field-field-images.views-field > .field-content > .bidinfo > h5,91900cb28ab75a55,auto-detected
F001098,P044,W09,heading-order,,,moderate,21,.views-row-2.views-row-even.views-row > .views-field-field-images.views-field > .field-content > .bidinfo > h5,465f8507455ac8e8,auto-detected
F001099,P044,W09,heading-order,,,moderate,21,.views-row-3.views-row-odd.views-row > .views-field-field-images.views-field > .field-content > .bidinfo > h5,a5a63d42fc9f9ef6,auto-detected
F001100,P044,W09,heading-order,,,moderate,21,.views-row-4.views-row-even.views-row > .views-field-field-images.views-field > .field-content > .bidinfo > h5,400e2d5f36d9a7e0,auto-detected
F001101,P044,W09,heading-order,,,moderate,21,.views-row-5.views-row-odd.views-row > .views-field-field-images.views-field > .field-content > .bidinfo > h5,60d91246e83ec75d,auto-detected
F001102,P044,W09,heading-order,,,moderate,21,.views-row-6.views-row-even.views-row > .views-field-field-images.views-field > .field-content > .bidinfo > h5,3dbc8a34d794ff6f,auto-detected
F001103,P044,W09,heading-order,,,moderate,21,.views-row-7.views-row-odd.views-row > .views-field-field-images.views-field > .field-content > .bidinfo > h5,cd39dbf02483ed16,auto-detected
F001104,P044,W09,heading-order,,,moderate,21,.views-row-8.views-row-even.views-row > .views-field-field-images.views-field > .field-content > .bidinfo > h5,7fe13ccc8e0aa450,auto-detected
F001105,P044,W09,heading-order,,,moderate,21,.views-row-9.views-row-odd.views-row > .views-field-field-images.views-field > .field-content > .bidinfo > h5,23b256377f86364a,auto-detected
F001106,P044,W09,heading-order,,,moderate,21,.views-row-10.views-row-even.views-row > .views-field-field-images.views-field > .field-content > .bidinfo > h5,d0475d48886b9d3c,auto-detected
F001107,P044,W09,heading-order,,,moderate,21,.views-row-11 > .views-field-field-images.views-field > .field-content > .bidinfo > h5,8dcbf1a53142e03c,auto-detected
F001108,P044,W09,heading-order,,,moderate,21,.views-row-12 > .views-field-field-images.views-field > .field-content > .bidinfo > h5,e1836e18dcb87f30,auto-detected
F001109,P044,W09,heading-order,,,moderate,21,.views-row-13 > .views-field-field-images.views-field > .field-content > .bidinfo > h5,bac6b7400d418418,auto-detected
F001110,P044,W09,heading-order,,,moderate,21,.views-row-14 > .views-field-field-images.views-field > .field-content > .bidinfo > h5,94fd95f9c7b16871,auto-detected
F001111,P044,W09,heading-order,,,moderate,21,.views-row-15 > .views-field-field-images.views-field > .field-content > .bidinfo > h5,3ed63026c1fe953f,auto-detected
F001112,P044,W09,heading-order,,,moderate,21,.views-row-16 > .views-field-field-images.views-field > .field-content > .bidinfo > h5,40a112e65f9a2497,auto-detected
F001113,P044,W09,heading-order,,,moderate,21,.views-row-17 > .views-field-field-images.views-field > .field-content > .bidinfo > h5,b01a11f0c71f58b5,auto-detected
F001114,P044,W09,heading-order,,,moderate,21,.views-row-18 > .views-field-field-images.views-field > .field-content > .bidinfo > h5,fa1f68c0aa7b1cb8,auto-detected
F001115,P044,W09,heading-order,,,moderate,21,.views-row-19 > .views-field-field-images.views-field > .field-content > .bidinfo > h5,df7f968dbed7e9d8,auto-detected
F001116,P044,W09,heading-order,,,moderate,21,.views-row-20 > .views-field-field-images.views-field > .field-content > .bidinfo > h5,e0760b34461e6189,auto-detected
F001117,P044,W09,heading-order,,,moderate,21,.views-row-1.views-row-first.views-row-odd > div:nth-child(2) > div > h6,63fcc73dd23ef9c3,auto-detected
F001118,P044,W09,image-alt,1.1.1,A,critical,1,"img[width=""70""]",762f35411fb90f1f,auto-detected
F001119,P044,W09,link-name,2.4.4;4.1.2,A,serious,26,.views-row-first.views-slideshow-cycle-main-frame-row-item.views-row-0 > div > div > .showcase > a:nth-child(1),230f18042881e026,auto-detected
F001120,P044,W09,link-name,2.4.4;4.1.2,A,serious,26,.views-row-1.views-row-first.views-row-odd > .views-field-field-images.views-field > .field-content > .bidinfo > a,c458888a9a491bd5,auto-detected
F001121,P044,W09,link-name,2.4.4;4.1.2,A,serious,26,.views-row-2.views-row-even.views-row > .views-field-field-images.views-field > .field-content > .bidinfo > a,de821d82fc0e30ed,auto-detected
F001122,P044,W09,link-name,2.4.4;4.1.2,A,serious,26,.views-row-3.views-row-odd.views-row > .views-field-field-images.views-field > .field-content > .bidinfo > a,2766f98449d53575,auto-detected
F001123,P044,W09,link-name,2.4.4;4.1.2,A,serious,26,.views-row-4.views-row-even.views-row > .views-field-field-images.views-field > .field-content > .bidinfo > a,d2be5d0255dfa675,auto-detected
F001124,P044,W09,link-name,2.4.4;4.1.2,A,serious,26,.views-row-5.views-row-odd.views-row > .views-field-field-images.views-field > .field-content > .bidinfo > a,ae9c6e2a31a7b91c,auto-detected
F001125,P044,W09,link-name,2.4.4;4.1.2,A,serious,26,.views-row-6.views-row-even.views-row > .views-field-field-images.views-field > .field-content > .bidinfo > a,67e7db9f2e75d53a,auto-detected
F001126,P044,W09,link-name,2.4.4;4.1.2,A,serious,26,.views-row-7.views-row-odd.views-row > .views-field-field-images.views-field > .field-content > .bidinfo > a,9854a6457c4925ed,auto-detected
F001127,P044,W09,link-name,2.4.4;4.1.2,A,serious,26,.views-row-8.views-row-even.views-row > .views-field-field-images.views-field > .field-content > .bidinfo > a,56c7a9fb2b6f29d7,auto-detected
F001128,P044,W09,link-name,2.4.4;4.1.2,A,serious,26,.views-row-9.views-row-odd.views-row > .views-field-field-images.views-field > .field-content > .bidinfo > a,06dc2ff3fc14b1ae,auto-detected
F001129,P044,W09,link-name,2.4.4;4.1.2,A,serious,26,.views-row-10.views-row-even.views-row > .views-field-field-images.views-field > .field-content > .bidinfo > a,c66c65fd1bccbbfb,auto-detected
F001130,P044,W09,link-name,2.4.4;4.1.2,A,serious,26,.views-row-11 > .views-field-field-images.views-field > .field-content > .bidinfo > a,0a94f3ce000961b7,auto-detected
F001131,P044,W09,link-name,2.4.4;4.1.2,A,serious,26,.views-row-12 > .views-field-field-images.views-field > .field-content > .bidinfo > a,e1a39b82849456c0,auto-detected
F001132,P044,W09,link-name,2.4.4;4.1.2,A,serious,26,.views-row-13 > .views-field-field-images.views-field > .field-content > .bidinfo > a,79639b4916776173,auto-detected
F001133,P044,W09,link-name,2.4.4;4.1.2,A,serious,26,.views-row-14 > .views-field-field-images.views-field > .field-content > .bidinfo > a,9b5ddf58db42fc08,auto-detected
F001134,P044,W09,link-name,2.4.4;4.1.2,A,serious,26,.views-row-15 > .views-field-field-images.views-field > .field-content > .bidinfo > a,14526cd271501094,auto-detected
F001135,P044,W09,link-name,2.4.4;4.1.2,A,serious,26,.views-row-16 > .views-field-field-images.views-field > .field-content > .bidinfo > a,3324d1c9a768f148,auto-detected
F001136,P044,W09,link-name,2.4.4;4.1.2,A,serious,26,.views-row-17 > .views-field-field-images.views-field > .field-content > .bidinfo > a,34a89e96445ec00b,auto-detected
F001137,P044,W09,link-name,2.4.4;4.1.2,A,serious,26,.views-row-18 > .views-field-field-images.views-field > .field-content > .bidinfo > a,73acc81f850cbe7e,auto-detected
F001138,P044,W09,link-name,2.4.4;4.1.2,A,serious,26,.views-row-19 > .views-field-field-images.views-field > .field-content > .bidinfo > a,7467e66fdd16a6f6,auto-detected
F001139,P044,W09,link-name,2.4.4;4.1.2,A,serious,26,.views-row-20 > .views-field-field-images.views-field > .field-content > .bidinfo > a,41b80ea7a7e0333c,auto-detected
F001140,P044,W09,link-name,2.4.4;4.1.2,A,serious,26,.views-row-2.views-row-even.views-row > .views-field-field-images.views-field > .field-content > a,d7c9f848012232bc,auto-detected
F001141,P044,W09,link-name,2.4.4;4.1.2,A,serious,26,.views-row-3.views-row-odd.views-row > .views-field-field-images.views-field > .field-content > a,b5254dcf360b44f0,auto-detected
F001142,P044,W09,link-name,2.4.4;4.1.2,A,serious,26,.views-row-4.views-row-even.views-row > .views-field-field-images.views-field > .field-content > a,2265e744892c02c7,auto-detected
F001143,P044,W09,link-name,2.4.4;4.1.2,A,serious,26,.views-row-5.views-row-odd.views-row > .views-field-field-images.views-field > .field-content > a,9ad907d237e0899b,auto-detected
F001144,P044,W09,link-name,2.4.4;4.1.2,A,serious,26,".field-content > a[href$=""rapat-koordinasi-teknis""]",6d626c6017da6cbd,auto-detected
F001145,P044,W09,region,,,moderate,2,#skip-link,443f263c5dbf52b1,auto-detected
F001146,P044,W09,region,,,moderate,2,#navigation,1b8a042049457d20,auto-detected
F001147,P045,W09,heading-order,,,moderate,1,.views-row-1 > span > span > h6,3aa7364660d9bf43,auto-detected
F001148,P045,W09,image-alt,1.1.1,A,critical,1,"img[width=""70""]",7371206d997a51ef,auto-detected
F001149,P045,W09,region,,,moderate,2,#skip-link,bab9aeea1153f077,auto-detected
F001150,P045,W09,region,,,moderate,2,#navigation,69f6e015d6988595,auto-detected
F001151,P046,W10,color-contrast,1.4.3,AA,serious,24,.lh-base.flex-column.d-flex > .text-muted.fs-7.fw-bold,1936e57fa0c6c49a,auto-detected
F001152,P046,W10,color-contrast,1.4.3,AA,serious,24,.mt-md-0.mb-6:nth-child(1) > .align-items-center.d-flex > .mt-n1 > .mt-2.align-items-center.d-flex > .me-6.fw-semibold > .text-muted.fs-7,647e13d8c7692303,auto-detected
F001153,P046,W10,color-contrast,1.4.3,AA,serious,24,.mt-md-0.mb-6:nth-child(1) > .align-items-center.d-flex > .mt-n1 > .mt-2.align-items-center.d-flex > .fw-semibold:nth-child(2) > .text-muted.fs-7,b6a17e2277bcabd0,auto-detected
F001154,P046,W10,color-contrast,1.4.3,AA,serious,24,.mt-md-0.mb-6:nth-child(2) > .align-items-center.d-flex > .mt-n1 > .mt-2.align-items-center.d-flex > .me-6.fw-semibold > .text-muted.fs-7,7483ddf6350b3087,auto-detected
F001155,P046,W10,color-contrast,1.4.3,AA,serious,24,.mt-md-0.mb-6:nth-child(2) > .align-items-center.d-flex > .mt-n1 > .mt-2.align-items-center.d-flex > .fw-semibold:nth-child(2) > .text-muted.fs-7,0e19d6cfd6dca4c5,auto-detected
F001156,P046,W10,color-contrast,1.4.3,AA,serious,24,.mt-md-0.mb-6:nth-child(3) > .align-items-center.d-flex > .mt-n1 > .mt-2.align-items-center.d-flex > .me-6.fw-semibold > .text-muted.fs-7,37e730ed4303200b,auto-detected
F001157,P046,W10,color-contrast,1.4.3,AA,serious,24,.mt-md-0.mb-6:nth-child(3) > .align-items-center.d-flex > .mt-n1 > .mt-2.align-items-center.d-flex > .fw-semibold:nth-child(2) > .text-muted.fs-7,94a0dc07c3c6f99f,auto-detected
F001158,P046,W10,color-contrast,1.4.3,AA,serious,24,.mt-md-0.mb-6:nth-child(4) > .align-items-center.d-flex > .mt-n1 > .mt-2.align-items-center.d-flex > .me-6.fw-semibold > .text-muted.fs-7,0aebfe1123b021dc,auto-detected
F001159,P046,W10,color-contrast,1.4.3,AA,serious,24,.mt-md-0.mb-6:nth-child(4) > .align-items-center.d-flex > .mt-n1 > .mt-2.align-items-center.d-flex > .fw-semibold:nth-child(2) > .text-muted.fs-7,aa468f16c22eef41,auto-detected
F001160,P046,W10,color-contrast,1.4.3,AA,serious,24,.btn-outline,3edd89edb95fd1fc,auto-detected
F001161,P046,W10,color-contrast,1.4.3,AA,serious,24,"a[id-bulan=""1""] > .d-lg-inline.d-none.text-muted",c4a8c2099b5ac600,auto-detected
F001162,P046,W10,color-contrast,1.4.3,AA,serious,24,"a[id-bulan=""2""] > .d-lg-inline.d-none.text-muted",97021d0292a48b3f,auto-detected
F001163,P046,W10,color-contrast,1.4.3,AA,serious,24,"a[id-bulan=""3""] > .d-lg-inline.d-none.text-muted",e7a90e3e1836dcae,auto-detected
F001164,P046,W10,color-contrast,1.4.3,AA,serious,24,"a[id-bulan=""4""] > .d-lg-inline.d-none.text-muted",100d6075fa3e3182,auto-detected
F001165,P046,W10,color-contrast,1.4.3,AA,serious,24,"a[id-bulan=""5""] > .d-lg-inline.d-none.text-muted",a0c48759dab8c52b,auto-detected
F001166,P046,W10,color-contrast,1.4.3,AA,serious,24,"a[id-bulan=""6""] > .d-lg-inline.d-none.text-muted",ead195efcc724a6d,auto-detected
F001167,P046,W10,color-contrast,1.4.3,AA,serious,24,"a[id-bulan=""7""] > .d-lg-inline.d-none.text-muted",daf11f6a6fb8d971,auto-detected
F001168,P046,W10,color-contrast,1.4.3,AA,serious,24,"a[id-bulan=""8""] > .d-lg-inline.d-none.text-muted",3e3e4148b6f85894,auto-detected
F001169,P046,W10,color-contrast,1.4.3,AA,serious,24,"a[id-bulan=""9""] > .d-lg-inline.d-none.text-muted",2e51352735e14b24,auto-detected
F001170,P046,W10,color-contrast,1.4.3,AA,serious,24,"a[id-bulan=""10""] > .d-lg-inline.d-none.text-muted",69974e47dc9ab9ab,auto-detected
F001171,P046,W10,color-contrast,1.4.3,AA,serious,24,"a[id-bulan=""11""] > .d-lg-inline.d-none.text-muted",b40bce6842ce4767,auto-detected
F001172,P046,W10,color-contrast,1.4.3,AA,serious,24,"a[id-bulan=""12""] > .d-lg-inline.d-none.text-muted",efe4f92a844d194c,auto-detected
F001173,P046,W10,color-contrast,1.4.3,AA,serious,24,.fs-5.fw-semibold.text-muted,64077345951f8d07,auto-detected
F001174,P046,W10,color-contrast,1.4.3,AA,serious,24,.engage-purchase-link,4c7121d88ee80f49,auto-detected
F001175,P046,W10,region,,,moderate,34,.flex-equal,b1a80fd7cd982cc0,auto-detected
F001176,P046,W10,region,,,moderate,34,#kt_app_header_menu > .menu-item:nth-child(1),d99c122b823d729a,auto-detected
F001177,P046,W10,region,,,moderate,34,#kt_app_header_menu > .menu-item:nth-child(2),eef8aaf0cff987a5,auto-detected
F001178,P046,W10,region,,,moderate,34,#kt_app_header_menu > .menu-item:nth-child(3),0ffda6f13db1e83e,auto-detected
F001179,P046,W10,region,,,moderate,34,.menu-lg-down-accordion > .py-3.menu-link,64260919b52c41b6,auto-detected
F001180,P046,W10,region,,,moderate,34,.menu-item:nth-child(5),89c33fcce24820f9,auto-detected
F001181,P046,W10,region,,,moderate,34,.menu-item:nth-child(6),16f12f1eaf8cc50f,auto-detected
F001182,P046,W10,region,,,moderate,34,.menu-item:nth-child(7),c1cc392186127d0b,auto-detected
F001183,P046,W10,region,,,moderate,34,.menu-item:nth-child(8),cc1c58d43b68ef52,auto-detected
F001184,P046,W10,region,,,moderate,34,#banner,cdba78dbb77842ce,auto-detected
F001185,P046,W10,region,,,moderate,34,#blog > .text-center.mb-10,dfcb45fa8bbe6181,auto-detected
F001186,P046,W10,region,,,moderate,34,#tns1-item0,520f2f5a2fe18cdf,auto-detected
F001187,P046,W10,region,,,moderate,34,.col-md-6.col-lg-5.justify-content-between,65f595d0ed784064,auto-detected
F001188,P046,W10,region,,,moderate,34,.pt-5,b0d954d7d2037ffd,auto-detected
F001189,P046,W10,region,,,moderate,34,.bg-light,9b66bacf23f8867c,auto-detected
F001190,P046,W10,region,,,moderate,34,.py-10.py-lg-16.bg-body:nth-child(3) > .container > .text-center.mb-10,cc92b7759f584d61,auto-detected
F001191,P046,W10,region,,,moderate,34,h2,000e17cc22df2e3d,auto-detected
F001192,P046,W10,region,,,moderate,34,"span[data-select2-id=""select2-data-2-7bvg""] > .selection",7b2782447882b059,auto-detected
F001193,P046,W10,region,,,moderate,34,"a[id-bulan=""1""] > .d-lg-inline.d-none.text-muted",811bddf00c155c41,auto-detected
F001194,P046,W10,region,,,moderate,34,"a[id-bulan=""2""] > .d-lg-inline.d-none.text-muted",18839d5c41c13284,auto-detected
F001195,P046,W10,region,,,moderate,34,"a[id-bulan=""3""] > .d-lg-inline.d-none.text-muted",46dbd487440ee9cb,auto-detected
F001196,P046,W10,region,,,moderate,34,"a[id-bulan=""4""] > .d-lg-inline.d-none.text-muted",b57b78d25302497b,auto-detected
F001197,P046,W10,region,,,moderate,34,"a[id-bulan=""5""] > .d-lg-inline.d-none.text-muted",f3fb59b4f25db01c,auto-detected
F001198,P046,W10,region,,,moderate,34,"a[id-bulan=""6""] > .d-lg-inline.d-none.text-muted",47a3774c9d33ac41,auto-detected
F001199,P046,W10,region,,,moderate,34,"a[id-bulan=""7""] > .d-lg-inline.d-none.text-muted",5c8bbc3ac6e9c5af,auto-detected
F001200,P046,W10,region,,,moderate,34,"a[id-bulan=""8""] > .d-lg-inline.d-none.text-muted",5cf38e70ee5bd87d,auto-detected
F001201,P046,W10,region,,,moderate,34,"a[id-bulan=""9""] > .d-lg-inline.d-none.text-muted",b7d9b24630b88872,auto-detected
F001202,P046,W10,region,,,moderate,34,"a[id-bulan=""10""] > .d-lg-inline.d-none.text-muted",2bae1b212fbadf72,auto-detected
F001203,P046,W10,region,,,moderate,34,"a[id-bulan=""11""] > .d-lg-inline.d-none.text-muted",df952577ed208bb9,auto-detected
F001204,P046,W10,region,,,moderate,34,"a[id-bulan=""12""] > .d-lg-inline.d-none.text-muted",879ab7c1cf5aafcf,auto-detected
F001205,P046,W10,region,,,moderate,34,#tab_content_bulan_8,fe04ee966a54aa44,auto-detected
F001206,P046,W10,region,,,moderate,34,#kt_app_footer > div:nth-child(1),4d0d5c1e576d60ce,auto-detected
F001207,P046,W10,region,,,moderate,34,.d-lg-block,c228aabef29422c3,auto-detected
F001208,P046,W10,region,,,moderate,34,.order-1,270e153c23b15fc6,auto-detected
F001209,P046,W10,scrollable-region-focusable,2.1.1;2.1.3,A,serious,1,#tab_content_area,fd8a2a4bb87aed68,auto-detected
F001210,P047,W10,color-contrast,1.4.3,AA,serious,3,.fs-7,9d65e647fb51c2b0,auto-detected
F001211,P047,W10,color-contrast,1.4.3,AA,serious,3,.fs-4,06ac273eb3e99888,auto-detected
F001212,P047,W10,color-contrast,1.4.3,AA,serious,3,.engage-purchase-link,680b5ef7d5fc1e6f,auto-detected
F001213,P047,W10,landmark-one-main,,,moderate,1,html,4c41e246d43eb456,auto-detected
F001214,P047,W10,region,,,moderate,15,.flex-equal,30eb1a39e0f719c8,auto-detected
F001215,P047,W10,region,,,moderate,15,#kt_app_header_menu > .menu-item:nth-child(1),4c1ed0056672d0ea,auto-detected
F001216,P047,W10,region,,,moderate,15,#kt_app_header_menu > .menu-item:nth-child(2),d0bc5a1471ab7ac4,auto-detected
F001217,P047,W10,region,,,moderate,15,#kt_app_header_menu > .menu-item:nth-child(3),436846112abdf504,auto-detected
F001218,P047,W10,region,,,moderate,15,.menu-lg-down-accordion > .py-3.menu-link,361d94ed70338af0,auto-detected
F001219,P047,W10,region,,,moderate,15,.menu-item:nth-child(5),99880daef0b68d90,auto-detected
F001220,P047,W10,region,,,moderate,15,.menu-item:nth-child(6),ebb6713e61c71fec,auto-detected
F001221,P047,W10,region,,,moderate,15,.menu-item:nth-child(7),ddc3ced18546695d,auto-detected
F001222,P047,W10,region,,,moderate,15,.menu-item:nth-child(8),3116e7edd5313bf5,auto-detected
F001223,P047,W10,region,,,moderate,15,.flex-lg-row > .flex-column.d-flex,d8b1105aa4334e21,auto-detected
F001224,P047,W10,region,,,moderate,15,"div[data-kt-menu-attach=""parent""]",bce7ad0b8fcc5106,auto-detected
F001225,P047,W10,region,,,moderate,15,.py-8,179835aad105c87b,auto-detected
F001226,P047,W10,region,,,moderate,15,#kt_app_footer > div:nth-child(1),c4f0a1c24c060013,auto-detected
F001227,P047,W10,region,,,moderate,15,.d-lg-block,4a7c721fee1207b6,auto-detected
F001228,P047,W10,region,,,moderate,15,ul,f3031e38bafda8aa,auto-detected
F001229,P048,W10,color-contrast,1.4.3,AA,serious,4,.fs-7,597686c6254f051d,auto-detected
F001230,P048,W10,color-contrast,1.4.3,AA,serious,4,.breadcrumb-item:nth-child(1) > .pe-3.text-dark.opacity-75,5debea7c948a531c,auto-detected
F001231,P048,W10,color-contrast,1.4.3,AA,serious,4,.breadcrumb-item:nth-child(2) > .pe-3.text-dark.opacity-75,6ca8e3ebab55b667,auto-detected
F001232,P048,W10,color-contrast,1.4.3,AA,serious,4,.engage-purchase-link,cb57cfb1483d4665,auto-detected
F001233,P048,W10,heading-order,,,moderate,1,h4:nth-child(1),545553d6393f228a,auto-detected
F001234,P048,W10,image-alt,1.1.1,A,critical,3,.col-lg-4.col-6:nth-child(1) > .card.card-stretch.hover-elevate-up > .card-body.p-5 > .flex-lg-row.flex-lg-nowrap.flex-wrap > .symbol.symbol-40px.me-0 > .symbol-label.bg-white > .w-35px,c814291277575852,auto-detected
F001235,P048,W10,image-alt,1.1.1,A,critical,3,.col-lg-4.col-6:nth-child(2) > .card.card-stretch.hover-elevate-up > .card-body.p-5 > .flex-lg-row.flex-lg-nowrap.flex-wrap > .symbol.symbol-40px.me-0 > .symbol-label.bg-white > .w-35px,cf85698d4081409b,auto-detected
F001236,P048,W10,image-alt,1.1.1,A,critical,3,.col-lg-4.col-6:nth-child(3) > .card.card-stretch.hover-elevate-up > .card-body.p-5 > .flex-lg-row.flex-lg-nowrap.flex-wrap > .symbol.symbol-40px.me-0 > .symbol-label.bg-white > .w-35px,fd7655941880b9be,auto-detected
F001237,P048,W10,landmark-one-main,,,moderate,1,html,119a6365418ffa2d,auto-detected
F001238,P048,W10,region,,,moderate,13,.flex-equal,2def99263e6cc960,auto-detected
F001239,P048,W10,region,,,moderate,13,#kt_app_header_menu > .menu-item:nth-child(1),6d70070edbaff829,auto-detected
F001240,P048,W10,region,,,moderate,13,#kt_app_header_menu > .menu-item:nth-child(2),46f43115fd41c43e,auto-detected
F001241,P048,W10,region,,,moderate,13,#kt_app_header_menu > .menu-item:nth-child(3),b486e609cc938e73,auto-detected
F001242,P048,W10,region,,,moderate,13,.menu-lg-down-accordion > .py-3.menu-link,c6ea3cf484217d04,auto-detected
F001243,P048,W10,region,,,moderate,13,.menu-item:nth-child(5),751c5709caf17e07,auto-detected
F001244,P048,W10,region,,,moderate,13,.menu-item:nth-child(6),d5d5205c3abf061d,auto-detected
F001245,P048,W10,region,,,moderate,13,.menu-item:nth-child(7),318ced9c6fcb3bdc,auto-detected
F001246,P048,W10,region,,,moderate,13,.menu-item:nth-child(8),fc98902fd827b34a,auto-detected
F001247,P048,W10,region,,,moderate,13,#kt_app_wrapper > .flex-column-fluid.flex-column.d-flex,3b8ed2b03edfed7a,auto-detected
F001248,P048,W10,region,,,moderate,13,#kt_app_footer > div:nth-child(1),c89eaa65ee906b2d,auto-detected
F001249,P048,W10,region,,,moderate,13,.d-lg-block,9135437e0e067e27,auto-detected
F001250,P048,W10,region,,,moderate,13,ul,4597dd43ae2f4676,auto-detected
F001251,P049,W10,aria-prohibited-attr,4.1.2,A,serious,2,#prev_page,8329af16362bf00f,auto-detected
F001252,P049,W10,aria-prohibited-attr,4.1.2,A,serious,2,#next_page,3d8627d469ec6915,auto-detected
F001253,P049,W10,color-contrast,1.4.3,AA,serious,30,.fs-7,27ddd0a26b23e76e,auto-detected
F001254,P049,W10,color-contrast,1.4.3,AA,serious,30,.breadcrumb-item:nth-child(1) > .pe-3.opacity-75.text-dark,c081f6b648bb0102,auto-detected
F001255,P049,W10,color-contrast,1.4.3,AA,serious,30,.breadcrumb-item:nth-child(2) > .pe-3.opacity-75.text-dark,4b9dce367f94d514,auto-detected
F001256,P049,W10,color-contrast,1.4.3,AA,serious,30,.breadcrumb-item:nth-child(3) > .pe-3.opacity-75.text-dark,cfb880a12b57948f,auto-detected
F001257,P049,W10,color-contrast,1.4.3,AA,serious,30,.col-md-6.mb-8:nth-child(1) > .card.card-md-stretch.border > .card-body.ribbon.ribbon-top > .ribbon-label.bg-primary.fs-8,47c76836c5a86201,auto-detected
F001258,P049,W10,color-contrast,1.4.3,AA,serious,30,.col-md-6.mb-8:nth-child(1) > .card.card-md-stretch.border > .card-body.ribbon.ribbon-top > .p-5.pb-0 > .mb-2.align-items-center.d-flex > .me-6.fw-bold > .text-muted.fs-6,d65b126b6f0e2f6c,auto-detected
F001259,P049,W10,color-contrast,1.4.3,AA,serious,30,.col-md-6.mb-8:nth-child(1) > .card.card-md-stretch.border > .card-body.ribbon.ribbon-top > .p-5.pb-0 > .mb-2.align-items-center.d-flex > .fw-bold:nth-child(2) > .text-muted.fs-6,eca25ad55ed1eb10,auto-detected
F001260,P049,W10,color-contrast,1.4.3,AA,serious,30,.col-md-6.mb-8:nth-child(2) > .card.card-md-stretch.border > .card-body.ribbon.ribbon-top > .ribbon-label.bg-primary.fs-8,41c05af9ecd78ac3,auto-detected
F001261,P049,W10,color-contrast,1.4.3,AA,serious,30,.col-md-6.mb-8:nth-child(2) > .card.card-md-stretch.border > .card-body.ribbon.ribbon-top > .p-5.pb-0 > .mb-2.align-items-center.d-flex > .me-6.fw-bold > .text-muted.fs-6,dffbdda25120d436,auto-detected
F001262,P049,W10,color-contrast,1.4.3,AA,serious,30,.col-md-6.mb-8:nth-child(2) > .card.card-md-stretch.border > .card-body.ribbon.ribbon-top > .p-5.pb-0 > .mb-2.align-items-center.d-flex > .fw-bold:nth-child(2) > .text-muted.fs-6,0bc903cc21bc5f0a,auto-detected
F001263,P049,W10,color-contrast,1.4.3,AA,serious,30,.col-md-6.mb-8:nth-child(3) > .card.card-md-stretch.border > .card-body.ribbon.ribbon-top > .ribbon-label.bg-primary.fs-8,23055cd399125184,auto-detected
F001264,P049,W10,color-contrast,1.4.3,AA,serious,30,.col-md-6.mb-8:nth-child(3) > .card.card-md-stretch.border > .card-body.ribbon.ribbon-top > .p-5.pb-0 > .mb-2.align-items-center.d-flex > .me-6.fw-bold > .text-muted.fs-6,726f3ed730fd55ba,auto-detected
F001265,P049,W10,color-contrast,1.4.3,AA,serious,30,.col-md-6.mb-8:nth-child(3) > .card.card-md-stretch.border > .card-body.ribbon.ribbon-top > .p-5.pb-0 > .mb-2.align-items-center.d-flex > .fw-bold:nth-child(2) > .text-muted.fs-6,c1e2278a65bcad83,auto-detected
F001266,P049,W10,color-contrast,1.4.3,AA,serious,30,.col-md-6.mb-8:nth-child(4) > .card.card-md-stretch.border > .card-body.ribbon.ribbon-top > .ribbon-label.bg-primary.fs-8,2087f2f379b0ffb3,auto-detected
F001267,P049,W10,color-contrast,1.4.3,AA,serious,30,.col-md-6.mb-8:nth-child(4) > .card.card-md-stretch.border > .card-body.ribbon.ribbon-top > .p-5.pb-0 > .mb-2.align-items-center.d-flex > .me-6.fw-bold > .text-muted.fs-6,7bb39123acfdc09e,auto-detected
F001268,P049,W10,color-contrast,1.4.3,AA,serious,30,.col-md-6.mb-8:nth-child(4) > .card.card-md-stretch.border > .card-body.ribbon.ribbon-top > .p-5.pb-0 > .mb-2.align-items-center.d-flex > .fw-bold:nth-child(2) > .text-muted.fs-6,1ffd2fd498c8d736,auto-detected
F001269,P049,W10,color-contrast,1.4.3,AA,serious,30,.col-md-6.mb-8:nth-child(5) > .card.card-md-stretch.border > .card-body.ribbon.ribbon-top > .ribbon-label.bg-primary.fs-8,4d110096af9e9320,auto-detected
F001270,P049,W10,color-contrast,1.4.3,AA,serious,30,.col-md-6.mb-8:nth-child(5) > .card.card-md-stretch.border > .card-body.ribbon.ribbon-top > .p-5.pb-0 > .mb-2.align-items-center.d-flex > .me-6.fw-bold > .text-muted.fs-6,3bed3a744c956f8a,auto-detected
F001271,P049,W10,color-contrast,1.4.3,AA,serious,30,.col-md-6.mb-8:nth-child(5) > .card.card-md-stretch.border > .card-body.ribbon.ribbon-top > .p-5.pb-0 > .mb-2.align-items-center.d-flex > .fw-bold:nth-child(2) > .text-muted.fs-6,a39aab785570abd0,auto-detected
F001272,P049,W10,color-contrast,1.4.3,AA,serious,30,.col-md-6.mb-8:nth-child(6) > .card.card-md-stretch.border > .card-body.ribbon.ribbon-top > .ribbon-label.bg-primary.fs-8,b9604c84f4849a04,auto-detected
F001273,P049,W10,color-contrast,1.4.3,AA,serious,30,.col-md-6.mb-8:nth-child(6) > .card.card-md-stretch.border > .card-body.ribbon.ribbon-top > .p-5.pb-0 > .mb-2.align-items-center.d-flex > .me-6.fw-bold > .text-muted.fs-6,88822ec1c7c00091,auto-detected
F001274,P049,W10,color-contrast,1.4.3,AA,serious,30,.col-md-6.mb-8:nth-child(6) > .card.card-md-stretch.border > .card-body.ribbon.ribbon-top > .p-5.pb-0 > .mb-2.align-items-center.d-flex > .fw-bold:nth-child(2) > .text-muted.fs-6,b32840de2c381096,auto-detected
F001275,P049,W10,color-contrast,1.4.3,AA,serious,30,.col-md-6.mb-8:nth-child(7) > .card.card-md-stretch.border > .card-body.ribbon.ribbon-top > .ribbon-label.bg-primary.fs-8,6582409fc4fc29af,auto-detected
F001276,P049,W10,color-contrast,1.4.3,AA,serious,30,.col-md-6.mb-8:nth-child(7) > .card.card-md-stretch.border > .card-body.ribbon.ribbon-top > .p-5.pb-0 > .mb-2.align-items-center.d-flex > .me-6.fw-bold > .text-muted.fs-6,4e1a9c8d9e895617,auto-detected
F001277,P049,W10,color-contrast,1.4.3,AA,serious,30,.col-md-6.mb-8:nth-child(7) > .card.card-md-stretch.border > .card-body.ribbon.ribbon-top > .p-5.pb-0 > .mb-2.align-items-center.d-flex > .fw-bold:nth-child(2) > .text-muted.fs-6,9f532170cf5d6246,auto-detected
F001278,P049,W10,color-contrast,1.4.3,AA,serious,30,.col-md-6.mb-8:nth-child(8) > .card.card-md-stretch.border > .card-body.ribbon.ribbon-top > .ribbon-label.bg-primary.fs-8,2caff5babf629c5c,auto-detected
F001279,P049,W10,color-contrast,1.4.3,AA,serious,30,.col-md-6.mb-8:nth-child(8) > .card.card-md-stretch.border > .card-body.ribbon.ribbon-top > .p-5.pb-0 > .mb-2.align-items-center.d-flex > .me-6.fw-bold > .text-muted.fs-6,77568adfe527222b,auto-detected
F001280,P049,W10,color-contrast,1.4.3,AA,serious,30,.col-md-6.mb-8:nth-child(8) > .card.card-md-stretch.border > .card-body.ribbon.ribbon-top > .p-5.pb-0 > .mb-2.align-items-center.d-flex > .fw-bold:nth-child(2) > .text-muted.fs-6,37a77c6536361eb0,auto-detected
F001281,P049,W10,color-contrast,1.4.3,AA,serious,30,.text-primary.fs-5.text-hover-primary > .flex-shrink-0,2b23fdb151276c1e,auto-detected
F001282,P049,W10,color-contrast,1.4.3,AA,serious,30,.engage-purchase-link,9f95d23e7279de23,auto-detected
F001283,P049,W10,heading-order,,,moderate,1,.p-6.p-lg-8.bg-light:nth-child(1) > .mb-6 > h3,58aeb373374b5f7d,auto-detected
F001284,P049,W10,landmark-one-main,,,moderate,1,html,14b662d13e27e5be,auto-detected
F001285,P049,W10,link-name,2.4.4;4.1.2,A,serious,8,.col-md-6.mb-8:nth-child(1) > .card.card-md-stretch.border > .card-body.ribbon.ribbon-top > .bgi-no-repeat.bgi-size-cover.bgi-position-center,b5c51ea8cf88a701,auto-detected
F001286,P049,W10,link-name,2.4.4;4.1.2,A,serious,8,.col-md-6.mb-8:nth-child(2) > .card.card-md-stretch.border > .card-body.ribbon.ribbon-top > .bgi-no-repeat.bgi-size-cover.bgi-position-center,18e8d3d4105b6ad8,auto-detected
F001287,P049,W10,link-name,2.4.4;4.1.2,A,serious,8,.col-md-6.mb-8:nth-child(3) > .card.card-md-stretch.border > .card-body.ribbon.ribbon-top > .bgi-no-repeat.bgi-size-cover.bgi-position-center,d85266960766635f,auto-detected
F001288,P049,W10,link-name,2.4.4;4.1.2,A,serious,8,.col-md-6.mb-8:nth-child(4) > .card.card-md-stretch.border > .card-body.ribbon.ribbon-top > .bgi-no-repeat.bgi-size-cover.bgi-position-center,41712d44704cd22a,auto-detected
F001289,P049,W10,link-name,2.4.4;4.1.2,A,serious,8,.col-md-6.mb-8:nth-child(5) > .card.card-md-stretch.border > .card-body.ribbon.ribbon-top > .bgi-no-repeat.bgi-size-cover.bgi-position-center,6beb20b81dcc5f56,auto-detected
F001290,P049,W10,link-name,2.4.4;4.1.2,A,serious,8,.col-md-6.mb-8:nth-child(6) > .card.card-md-stretch.border > .card-body.ribbon.ribbon-top > .bgi-no-repeat.bgi-size-cover.bgi-position-center,a0933308489dad02,auto-detected
F001291,P049,W10,link-name,2.4.4;4.1.2,A,serious,8,.col-md-6.mb-8:nth-child(7) > .card.card-md-stretch.border > .card-body.ribbon.ribbon-top > .bgi-no-repeat.bgi-size-cover.bgi-position-center,c01ef4bfbb9e0eb4,auto-detected
F001292,P049,W10,link-name,2.4.4;4.1.2,A,serious,8,.col-md-6.mb-8:nth-child(8) > .card.card-md-stretch.border > .card-body.ribbon.ribbon-top > .bgi-no-repeat.bgi-size-cover.bgi-position-center,0d1e27059234452b,auto-detected
F001293,P049,W10,region,,,moderate,25,.flex-equal,f81b1535951ad86b,auto-detected
F001294,P049,W10,region,,,moderate,25,#kt_app_header_menu > .menu-item:nth-child(1),c382bfb35d045d5c,auto-detected
F001295,P049,W10,region,,,moderate,25,#kt_app_header_menu > .menu-item:nth-child(2),a813848871b02057,auto-detected
F001296,P049,W10,region,,,moderate,25,#kt_app_header_menu > .menu-item:nth-child(3),1bc6766741632257,auto-detected
F001297,P049,W10,region,,,moderate,25,.menu-lg-down-accordion > .py-3.menu-link,215e0f8a83bb5395,auto-detected
F001298,P049,W10,region,,,moderate,25,.menu-item:nth-child(5),709df68202881f06,auto-detected
F001299,P049,W10,region,,,moderate,25,.menu-item:nth-child(6),55fa40b15b732e1e,auto-detected
F001300,P049,W10,region,,,moderate,25,.menu-item:nth-child(7),ff27919dac6556f5,auto-detected
F001301,P049,W10,region,,,moderate,25,.menu-item:nth-child(8),42df24cb6383e194,auto-detected
F001302,P049,W10,region,,,moderate,25,.subheader,34a36a5d017dbb01,auto-detected
F001303,P049,W10,region,,,moderate,25,#search-result,b72709b548332591,auto-detected
F001304,P049,W10,region,,,moderate,25,.d-lg-flex > span:nth-child(1),68a7032eecdd7659,auto-detected
F001305,P049,W10,region,,,moderate,25,"span[data-select2-id=""select2-data-1-2jd2""] > .selection",0546fd6e5cd73f7c,auto-detected
F001306,P049,W10,region,,,moderate,25,.d-lg-flex > span:nth-child(3),efa79b349e06b419,auto-detected
F001307,P049,W10,region,,,moderate,25,.d-lg-flex > span:nth-child(5),b7f223d41060f844,auto-detected
F001308,P049,W10,region,,,moderate,25,.px-1:nth-child(1),d14e3956a5307958,auto-detected
F001309,P049,W10,region,,,moderate,25,"span[data-select2-id=""select2-data-6-nvn6""] > .selection",cb880d5a8c0d45ea,auto-detected
F001310,P049,W10,region,,,moderate,25,.px-1:nth-child(3),c457aa98c97a58bc,auto-detected
F001311,P049,W10,region,,,moderate,25,#swapper_cleft,a3d55e448898bf9b,auto-detected
F001312,P049,W10,region,,,moderate,25,#swapper_cright,02463296cbd18e65,auto-detected
F001313,P049,W10,region,,,moderate,25,.p-6.p-lg-8.bg-light:nth-child(1),5dca2cdd2e90b51d,auto-detected
F001314,P049,W10,region,,,moderate,25,.p-6.p-lg-8.bg-light:nth-child(2),1a7ead7e06555e11,auto-detected
F001315,P049,W10,region,,,moderate,25,#kt_app_footer > div:nth-child(1),cb9f26ed8ad70074,auto-detected
F001316,P049,W10,region,,,moderate,25,.d-lg-block,7da503956a81e3eb,auto-detected
F001317,P049,W10,region,,,moderate,25,ul,9737e5ff9a21518b,auto-detected
F001318,P050,W10,color-contrast,1.4.3,AA,serious,10,.fs-7,08c35c17756cfd35,auto-detected
F001319,P050,W10,color-contrast,1.4.3,AA,serious,10,.breadcrumb-item:nth-child(1) > .pe-3.text-dark.opacity-75,c0de5272623a2b95,auto-detected
F001320,P050,W10,color-contrast,1.4.3,AA,serious,10,.breadcrumb-item:nth-child(2) > .pe-3.text-dark.opacity-75,ea1d4e304699b70c,auto-detected
F001321,P050,W10,color-contrast,1.4.3,AA,serious,10,.fs-5,cffbd47f56e2f6f3,auto-detected
F001322,P050,W10,color-contrast,1.4.3,AA,serious,10,.d-flex:nth-child(1) > .flex-stack.flex-grow-1.d-flex > .text-gray-700.fw-semibold > .text-muted.fs-6,39ba604fb068ad6b,auto-detected
F001323,P050,W10,color-contrast,1.4.3,AA,serious,10,"a[href=""mailto:mail@kepriprov.go.id""]",6fbaa3bf4c023988,auto-detected
F001324,P050,W10,color-contrast,1.4.3,AA,serious,10,".text-muted.fs-6 > a[href=""tel:0771-4575000""]",875f159478ba9b0b,auto-detected
F001325,P050,W10,color-contrast,1.4.3,AA,serious,10,.d-flex:nth-child(3) > .flex-stack.flex-grow-1.d-flex > .text-gray-700.fw-semibold > .text-muted.fs-6,9c9879a8a5debdd4,auto-detected
F001326,P050,W10,color-contrast,1.4.3,AA,serious,10,.d-flex:nth-child(5) > .flex-stack.flex-grow-1.d-flex > .text-gray-700.fw-semibold > .text-muted.fs-6,41caf51b299dbc40,auto-detected
F001327,P050,W10,color-contrast,1.4.3,AA,serious,10,.engage-purchase-link,81a90190fe4c0162,auto-detected
F001328,P050,W10,frame-title,4.1.2,A,serious,1,iframe,ae4822876e81b501,auto-detected
F001329,P050,W10,landmark-one-main,,,moderate,1,html,3fa3345187f6ec11,auto-detected
F001330,P050,W10,page-has-heading-one,,,moderate,1,html,3c0137458374df3a,auto-detected
F001331,P050,W10,region,,,moderate,15,.flex-equal,5b76eaa5ed66dc11,auto-detected
F001332,P050,W10,region,,,moderate,15,#kt_app_header_menu > .menu-item:nth-child(1),dcc36c3cd7779022,auto-detected
F001333,P050,W10,region,,,moderate,15,#kt_app_header_menu > .menu-item:nth-child(2),5a8d515b2cfe51f3,auto-detected
F001334,P050,W10,region,,,moderate,15,#kt_app_header_menu > .menu-item:nth-child(3),31c6458dcfdecf8f,auto-detected
F001335,P050,W10,region,,,moderate,15,.menu-lg-down-accordion > .py-3.menu-link,88ff37aa2fde9bae,auto-detected
F001336,P050,W10,region,,,moderate,15,.menu-item:nth-child(5),1511b3d3050cb6f4,auto-detected
F001337,P050,W10,region,,,moderate,15,.menu-item:nth-child(6),3d55061aefc4130b,auto-detected
F001338,P050,W10,region,,,moderate,15,.menu-item:nth-child(7),7ed11434f25f79c3,auto-detected
F001339,P050,W10,region,,,moderate,15,.menu-item:nth-child(8),14ef887467e42a57,auto-detected
F001340,P050,W10,region,,,moderate,15,.subheader,d864b6c7ba14b32d,auto-detected
F001341,P050,W10,region,,,moderate,15,.mb-12,930d5976df6181ca,auto-detected
F001342,P050,W10,region,,,moderate,15,.pe-0,e804ca01e9b00091,auto-detected
F001343,P050,W10,region,,,moderate,15,#kt_app_footer > div:nth-child(1),1ce03cafd2d13757,auto-detected
F001344,P050,W10,region,,,moderate,15,.d-lg-block,e568281517ae9aed,auto-detected
F001345,P050,W10,region,,,moderate,15,ul,aeff52436ec1cf5d,auto-detected
F001346,P051,W11,button-name,4.1.2,A,critical,14,".owl-home-banner > .owl-dots > .owl-dot[role=""button""]:nth-child(1)",d478d5137559ec68,auto-detected
F001347,P051,W11,button-name,4.1.2,A,critical,14,".owl-home-banner > .owl-dots > .owl-dot[role=""button""]:nth-child(2)",4d77eb34e1bc92f6,auto-detected
F001348,P051,W11,button-name,4.1.2,A,critical,14,".owl-home-banner > .owl-dots > .owl-dot.active[role=""button""]",d1398a32c34dce72,auto-detected
F001349,P051,W11,button-name,4.1.2,A,critical,14,".owl-themex > .owl-dots > .owl-dot[role=""button""]:nth-child(1)",a0908eef364679d0,auto-detected
F001350,P051,W11,button-name,4.1.2,A,critical,14,".owl-themex > .owl-dots > .owl-dot.active[role=""button""]",91cdf1c10a856634,auto-detected
F001351,P051,W11,button-name,4.1.2,A,critical,14,".owl-themex > .owl-dots > .owl-dot[role=""button""]:nth-child(3)",adf54e1a63b934ec,auto-detected
F001352,P051,W11,button-name,4.1.2,A,critical,14,".section-service-link > .owl-section-service-link.owl-carousel.owl-loaded > .owl-dots > .owl-dot.active[role=""button""]",2d78fbe789d879b7,auto-detected
F001353,P051,W11,button-name,4.1.2,A,critical,14,".section-service-link > .owl-section-service-link.owl-carousel.owl-loaded > .owl-dots > .owl-dot[role=""button""]:nth-child(2)",7fd878a4bfe3ac4f,auto-detected
F001354,P051,W11,button-name,4.1.2,A,critical,14,".section-heyzine > .owl-section-service-link.owl-carousel.owl-loaded > .owl-dots > .owl-dot.active[role=""button""]",eb511df1fcd27b81,auto-detected
F001355,P051,W11,button-name,4.1.2,A,critical,14,".section-heyzine > .owl-section-service-link.owl-carousel.owl-loaded > .owl-dots > .owl-dot[role=""button""]:nth-child(2)",2cb20d2330691d9d,auto-detected
F001356,P051,W11,button-name,4.1.2,A,critical,14,".owl-section-service-link.owl-carousel.owl-loaded > .owl-dots > .owl-dot[role=""button""]:nth-child(3)",ce989d0b30525b6c,auto-detected
F001357,P051,W11,button-name,4.1.2,A,critical,14,".owl-dot[role=""button""]:nth-child(4)",68c69e3b803a644d,auto-detected
F001358,P051,W11,button-name,4.1.2,A,critical,14,".owl-dot[role=""button""]:nth-child(5)",62ac008861e8c2d4,auto-detected
F001359,P051,W11,button-name,4.1.2,A,critical,14,".owl-dot[role=""button""]:nth-child(6)",49c242b12443f856,auto-detected
F001360,P051,W11,color-contrast,1.4.3,AA,serious,2,".tag-konten:nth-child(2) > .see-all > .btn.btn-light[target=""_blank""]",7a7cb57629c9eba7,auto-detected
F001361,P051,W11,color-contrast,1.4.3,AA,serious,2,.tag-konten:nth-child(6) > .see-all > .btn.btn-light,755935eea6bef657,auto-detected
F001362,P051,W11,heading-order,,,moderate,2,".cloned.owl-item:nth-child(1) > .news-card.to-animate[data-animation=""animate__fadeinright""] > a > .content > h4",3c729c4505dd8195,auto-detected
F001363,P051,W11,heading-order,,,moderate,2,".program-card[data-animation=""animate__fadeinleft""][data-delay=""0.1s""] > div > h6[data-asw-org-font-size=""20""]",719df2ace09f73e8,auto-detected
F001364,P051,W11,image-alt,1.1.1,A,critical,48,".cloned.owl-item:nth-child(1) > .heyzine-card.item[data-delay=""0.3s""] > a > img",874d75ebfcb23297,auto-detected
F001365,P051,W11,image-alt,1.1.1,A,critical,48,".cloned.owl-item:nth-child(2) > .heyzine-card.item[data-delay=""0.3s""] > a > img",2b0fb2f4da1c22ae,auto-detected
F001366,P051,W11,image-alt,1.1.1,A,critical,48,".cloned.owl-item:nth-child(3) > .heyzine-card.item[data-delay=""0.3s""] > a > img",475a85ba1b50f2af,auto-detected
F001367,P051,W11,image-alt,1.1.1,A,critical,48,".cloned.owl-item:nth-child(4) > .heyzine-card.item[data-delay=""0.3s""] > a > img",50ee4ef08a350986,auto-detected
F001368,P051,W11,image-alt,1.1.1,A,critical,48,".cloned.owl-item:nth-child(5) > .heyzine-card.item[data-delay=""0.3s""] > a > img",d3482d36b557de33,auto-detected
F001369,P051,W11,image-alt,1.1.1,A,critical,48,".cloned.owl-item:nth-child(6) > .heyzine-card.item[data-delay=""0.3s""] > a > img",5ce59a01ff6a3b0c,auto-detected
F001370,P051,W11,image-alt,1.1.1,A,critical,48,".cloned.owl-item:nth-child(7) > .heyzine-card.item[data-delay=""0.3s""] > a > img",daad43aaeba70a4b,auto-detected
F001371,P051,W11,image-alt,1.1.1,A,critical,48,".cloned.owl-item:nth-child(8) > .heyzine-card.item[data-delay=""0.3s""] > a > img",f9dcebab212a8687,auto-detected
F001372,P051,W11,image-alt,1.1.1,A,critical,48,".cloned.owl-item:nth-child(9) > .heyzine-card.item[data-delay=""0.3s""] > a > img",efc1198b51255435,auto-detected
F001373,P051,W11,image-alt,1.1.1,A,critical,48,".cloned.owl-item:nth-child(10) > .heyzine-card.item[data-delay=""0.3s""] > a > img",ed5c68b4039a5b20,auto-detected
F001374,P051,W11,image-alt,1.1.1,A,critical,48,".cloned.owl-item:nth-child(11) > .heyzine-card.item[data-delay=""0.3s""] > a > img",c7899d0a071ffcd0,auto-detected
F001375,P051,W11,image-alt,1.1.1,A,critical,48,".cloned.owl-item:nth-child(12) > .heyzine-card.item[data-delay=""0.3s""] > a > img",b8c4d5126d83465b,auto-detected
F001376,P051,W11,image-alt,1.1.1,A,critical,48,".owl-item:nth-child(13) > .heyzine-card.item[data-delay=""0.3s""] > a > img",4bef2930f098d5c9,auto-detected
F001377,P051,W11,image-alt,1.1.1,A,critical,48,".owl-item:nth-child(14) > .heyzine-card.item[data-delay=""0.3s""] > a > img",4357a21a734bde5b,auto-detected
F001378,P051,W11,image-alt,1.1.1,A,critical,48,".active.owl-item:nth-child(15) > .heyzine-card.item[data-delay=""0.3s""] > a > img",65554122e949f55b,auto-detected
F001379,P051,W11,image-alt,1.1.1,A,critical,48,".active.owl-item:nth-child(16) > .heyzine-card.item[data-delay=""0.3s""] > a > img",d8f26d377f848814,auto-detected
F001380,P051,W11,image-alt,1.1.1,A,critical,48,".active.owl-item:nth-child(17) > .heyzine-card.item[data-delay=""0.3s""] > a > img",128cf90fa10a2c1f,auto-detected
F001381,P051,W11,image-alt,1.1.1,A,critical,48,".active.owl-item:nth-child(18) > .heyzine-card.item[data-delay=""0.3s""] > a > img",7ee7931b19e8a63e,auto-detected
F001382,P051,W11,image-alt,1.1.1,A,critical,48,".owl-item:nth-child(19) > .heyzine-card.item[data-delay=""0.3s""] > a > img",4f670517a6668415,auto-detected
F001383,P051,W11,image-alt,1.1.1,A,critical,48,".owl-item:nth-child(20) > .heyzine-card.item[data-delay=""0.3s""] > a > img",9a77834737fe0faf,auto-detected
F001384,P051,W11,image-alt,1.1.1,A,critical,48,".owl-item:nth-child(21) > .heyzine-card.item[data-delay=""0.3s""] > a > img",cfd3c8c3c6cf1b08,auto-detected
F001385,P051,W11,image-alt,1.1.1,A,critical,48,".owl-item:nth-child(22) > .heyzine-card.item[data-delay=""0.3s""] > a > img",66eebdf86d29ad1b,auto-detected
F001386,P051,W11,image-alt,1.1.1,A,critical,48,".owl-item:nth-child(23) > .heyzine-card.item[data-delay=""0.3s""] > a > img",7b7c42810d13a72f,auto-detected
F001387,P051,W11,image-alt,1.1.1,A,critical,48,".owl-item:nth-child(24) > .heyzine-card.item[data-delay=""0.3s""] > a > img",34872a31dd2c7b4f,auto-detected
F001388,P051,W11,image-alt,1.1.1,A,critical,48,".owl-item:nth-child(25) > .heyzine-card.item[data-delay=""0.3s""] > a > img",a6c108270462a307,auto-detected
F001389,P051,W11,image-alt,1.1.1,A,critical,48,".owl-item:nth-child(26) > .heyzine-card.item[data-delay=""0.3s""] > a > img",1dc60d0029ce9386,auto-detected
F001390,P051,W11,image-alt,1.1.1,A,critical,48,".owl-item:nth-child(27) > .heyzine-card.item[data-delay=""0.3s""] > a > img",c4474b17350c021b,auto-detected
F001391,P051,W11,image-alt,1.1.1,A,critical,48,".owl-item:nth-child(28) > .heyzine-card.item[data-delay=""0.3s""] > a > img",e9c9aae849c5a28c,auto-detected
F001392,P051,W11,image-alt,1.1.1,A,critical,48,".owl-item:nth-child(29) > .heyzine-card.item[data-delay=""0.3s""] > a > img",4f296dafb7b64891,auto-detected
F001393,P051,W11,image-alt,1.1.1,A,critical,48,".owl-item:nth-child(30) > .heyzine-card.item[data-delay=""0.3s""] > a > img",7588d187d542e316,auto-detected
F001394,P051,W11,image-alt,1.1.1,A,critical,48,".owl-item:nth-child(31) > .heyzine-card.item[data-delay=""0.3s""] > a > img",59ee96d764c79f91,auto-detected
F001395,P051,W11,image-alt,1.1.1,A,critical,48,".owl-item:nth-child(32) > .heyzine-card.item[data-delay=""0.3s""] > a > img",c9df4d47344c38a8,auto-detected
F001396,P051,W11,image-alt,1.1.1,A,critical,48,".owl-item:nth-child(33) > .heyzine-card.item[data-delay=""0.3s""] > a > img",47c629df20aba2e1,auto-detected
F001397,P051,W11,image-alt,1.1.1,A,critical,48,".owl-item:nth-child(34) > .heyzine-card.item[data-delay=""0.3s""] > a > img",6ad7224daab4e334,auto-detected
F001398,P051,W11,image-alt,1.1.1,A,critical,48,".owl-item:nth-child(35) > .heyzine-card.item[data-delay=""0.3s""] > a > img",abd0783032827455,auto-detected
F001399,P051,W11,image-alt,1.1.1,A,critical,48,".owl-item:nth-child(36) > .heyzine-card.item[data-delay=""0.3s""] > a > img",0d896534d56a593a,auto-detected
F001400,P051,W11,image-alt,1.1.1,A,critical,48,".cloned.owl-item:nth-child(37) > .heyzine-card.item[data-delay=""0.3s""] > a > img",352ce35be2b7303e,auto-detected
F001401,P051,W11,image-alt,1.1.1,A,critical,48,".cloned.owl-item:nth-child(38) > .heyzine-card.item[data-delay=""0.3s""] > a > img",3716ce7270eb9136,auto-detected
F001402,P051,W11,image-alt,1.1.1,A,critical,48,".cloned.owl-item:nth-child(39) > .heyzine-card.item[data-delay=""0.3s""] > a > img",1c1bce1cd5ab327a,auto-detected
F001403,P051,W11,image-alt,1.1.1,A,critical,48,".cloned.owl-item:nth-child(40) > .heyzine-card.item[data-delay=""0.3s""] > a > img",56a8d38b9dcee8ee,auto-detected
F001404,P051,W11,image-alt,1.1.1,A,critical,48,".cloned.owl-item:nth-child(41) > .heyzine-card.item[data-delay=""0.3s""] > a > img",f1752276ffa0e1c6,auto-detected
F001405,P051,W11,image-alt,1.1.1,A,critical,48,".cloned.owl-item:nth-child(42) > .heyzine-card.item[data-delay=""0.3s""] > a > img",b588de54265b0d01,auto-detected
F001406,P051,W11,image-alt,1.1.1,A,critical,48,".cloned.owl-item:nth-child(43) > .heyzine-card.item[data-delay=""0.3s""] > a > img",3181c87fa36f2baf,auto-detected
F001407,P051,W11,image-alt,1.1.1,A,critical,48,".cloned.owl-item:nth-child(44) > .heyzine-card.item[data-delay=""0.3s""] > a > img",631071081c9be88b,auto-detected
F001408,P051,W11,image-alt,1.1.1,A,critical,48,".cloned.owl-item:nth-child(45) > .heyzine-card.item[data-delay=""0.3s""] > a > img",79197c52d15c49f4,auto-detected
F001409,P051,W11,image-alt,1.1.1,A,critical,48,".cloned.owl-item:nth-child(46) > .heyzine-card.item[data-delay=""0.3s""] > a > img",4279ffa3461451b3,auto-detected
F001410,P051,W11,image-alt,1.1.1,A,critical,48,".cloned.owl-item:nth-child(47) > .heyzine-card.item[data-delay=""0.3s""] > a > img",46b8b3ea189ce71f,auto-detected
F001411,P051,W11,image-alt,1.1.1,A,critical,48,".cloned.owl-item:nth-child(48) > .heyzine-card.item[data-delay=""0.3s""] > a > img",af068ea2fa1fc16e,auto-detected
F001412,P051,W11,landmark-one-main,,,moderate,1,html,fc65d948d991b2d0,auto-detected
F001413,P051,W11,page-has-heading-one,,,moderate,1,html,b52ed78704bb2954,auto-detected
F001414,P051,W11,region,,,moderate,14,.owl-home-banner > .owl-stage-outer,7c7be44d112505c7,auto-detected
F001415,P051,W11,region,,,moderate,14,#j-vscreen-news-sm,efaf85c90659253a,auto-detected
F001416,P051,W11,region,,,moderate,14,#j-vscreen-news-lg,bc9174ce78b88786,auto-detected
F001417,P051,W11,region,,,moderate,14,.owl-themex > .owl-stage-outer,cda6123c3e1c7912,auto-detected
F001418,P051,W11,region,,,moderate,14,.owl-banner-carousel > .owl-stage-outer,0a4e8a0bba9d2b17,auto-detected
F001419,P051,W11,region,,,moderate,14,#pills-tab,1721cba4ac7341ac,auto-detected
F001420,P051,W11,region,,,moderate,14,#bansos,3c224d7efb16cb95,auto-detected
F001421,P051,W11,region,,,moderate,14,.tag-konten:nth-child(2),eee0c8a24a611949,auto-detected
F001422,P051,W11,region,,,moderate,14,.owl-youtube > .owl-stage-outer,56d4fef7fd78ecc3,auto-detected
F001423,P051,W11,region,,,moderate,14,.tag-konten:nth-child(4),4a516c56551cf2fb,auto-detected
F001424,P051,W11,region,,,moderate,14,.section-service-link > .owl-section-service-link.owl-carousel.owl-loaded > .owl-stage-outer,601b98dd91a0032f,auto-detected
F001425,P051,W11,region,,,moderate,14,.tag-konten:nth-child(6),9a75bacd2c3158df,auto-detected
F001426,P051,W11,region,,,moderate,14,.section-heyzine > .owl-section-service-link.owl-carousel.owl-loaded > .owl-stage-outer,a68e2a8b25f0aa1d,auto-detected
F001427,P051,W11,region,,,moderate,14,.section-footer,d78160a90219bf87,auto-detected
F001428,P052,W11,landmark-one-main,,,moderate,1,html,2c85c5bba490bb4f,auto-detected
F001429,P052,W11,page-has-heading-one,,,moderate,1,html,b047ca41780e5c93,auto-detected
F001430,P052,W11,region,,,moderate,5,.tag-konten,7e411e620bb741e6,auto-detected
F001431,P052,W11,region,,,moderate,5,.mb-5,745ff3789e120ab3,auto-detected
F001432,P052,W11,region,,,moderate,5,#nav-tab,2ef48db8884c378f,auto-detected
F001433,P052,W11,region,,,moderate,5,#pills-1,92d9b6106ba83d9c,auto-detected
F001434,P052,W11,region,,,moderate,5,.section-footer,62b1ed8e6d75663c,auto-detected
F001435,P053,W11,document-title,2.4.2,A,serious,1,html,de2bbec90d91c4cd,auto-detected
F001436,P053,W11,html-has-lang,3.1.1,A,serious,1,html,752872c842635617,auto-detected
F001437,P053,W11,landmark-one-main,,,moderate,1,html,4ede4facc86433b7,auto-detected
F001438,P053,W11,page-has-heading-one,,,moderate,1,html,65f17f4f28a01e9c,auto-detected
F001439,P054,W11,document-title,2.4.2,A,serious,1,html,8ae7beda24ae02f4,auto-detected
F001440,P054,W11,html-has-lang,3.1.1,A,serious,1,html,bf816f488d2a42f1,auto-detected
F001441,P054,W11,landmark-one-main,,,moderate,1,html,e26db0c64ecd3908,auto-detected
F001442,P054,W11,page-has-heading-one,,,moderate,1,html,cea340f46c781c00,auto-detected
F001443,P055,W11,button-name,4.1.2,A,critical,14,".owl-home-banner > .owl-dots > .owl-dot.active[role=""button""]",05cf1be525c16608,auto-detected
F001444,P055,W11,button-name,4.1.2,A,critical,14,".owl-home-banner > .owl-dots > .owl-dot[role=""button""]:nth-child(2)",814f5b884c7ff821,auto-detected
F001445,P055,W11,button-name,4.1.2,A,critical,14,".owl-home-banner > .owl-dots > .owl-dot[role=""button""]:nth-child(3)",e1f6e446d4e32188,auto-detected
F001446,P055,W11,button-name,4.1.2,A,critical,14,".owl-themex > .owl-dots > .owl-dot.active[role=""button""]",0bdabe7b71982db9,auto-detected
F001447,P055,W11,button-name,4.1.2,A,critical,14,".owl-themex > .owl-dots > .owl-dot[role=""button""]:nth-child(2)",568b5bca6a865a0b,auto-detected
F001448,P055,W11,button-name,4.1.2,A,critical,14,".owl-themex > .owl-dots > .owl-dot[role=""button""]:nth-child(3)",813c195fef17da22,auto-detected
F001449,P055,W11,button-name,4.1.2,A,critical,14,".section-service-link > .owl-section-service-link.owl-carousel.owl-loaded > .owl-dots > .owl-dot.active[role=""button""]",0250637010a1886e,auto-detected
F001450,P055,W11,button-name,4.1.2,A,critical,14,".section-service-link > .owl-section-service-link.owl-carousel.owl-loaded > .owl-dots > .owl-dot[role=""button""]:nth-child(2)",01e519a189bdb958,auto-detected
F001451,P055,W11,button-name,4.1.2,A,critical,14,".section-heyzine > .owl-section-service-link.owl-carousel.owl-loaded > .owl-dots > .owl-dot.active[role=""button""]",6b1d11cc6fd86952,auto-detected
F001452,P055,W11,button-name,4.1.2,A,critical,14,".section-heyzine > .owl-section-service-link.owl-carousel.owl-loaded > .owl-dots > .owl-dot[role=""button""]:nth-child(2)",a5f317ab01f0c632,auto-detected
F001453,P055,W11,button-name,4.1.2,A,critical,14,".owl-section-service-link.owl-carousel.owl-loaded > .owl-dots > .owl-dot[role=""button""]:nth-child(3)",2880a687ecb53c1f,auto-detected
F001454,P055,W11,button-name,4.1.2,A,critical,14,".owl-dot[role=""button""]:nth-child(4)",c32f89553ff7a0cc,auto-detected
F001455,P055,W11,button-name,4.1.2,A,critical,14,".owl-dot[role=""button""]:nth-child(5)",cd7eea46df8919f7,auto-detected
F001456,P055,W11,button-name,4.1.2,A,critical,14,".owl-dot[role=""button""]:nth-child(6)",880d36bf9b4d6dc7,auto-detected
F001457,P055,W11,color-contrast,1.4.3,AA,serious,2,".tag-konten:nth-child(2) > .see-all > .btn.btn-light[target=""_blank""]",bb254650df7719b1,auto-detected
F001458,P055,W11,color-contrast,1.4.3,AA,serious,2,.tag-konten:nth-child(6) > .see-all > .btn.btn-light,5ab9976ab1d88a43,auto-detected
F001459,P055,W11,heading-order,,,moderate,2,".cloned.owl-item:nth-child(1) > .news-card.to-animate[data-animation=""animate__fadeinright""] > a > .content > h4",38d11043736ae5cb,auto-detected
F001460,P055,W11,heading-order,,,moderate,2,".program-card[data-animation=""animate__fadeinleft""][data-delay=""0.1s""] > div > h6[data-asw-org-font-size=""20""]",89126129521f1ed6,auto-detected
F001461,P055,W11,image-alt,1.1.1,A,critical,48,".cloned.owl-item:nth-child(1) > .heyzine-card.item[data-delay=""0.3s""] > a > img",8a821ff741958c62,auto-detected
F001462,P055,W11,image-alt,1.1.1,A,critical,48,".cloned.owl-item:nth-child(2) > .heyzine-card.item[data-delay=""0.3s""] > a > img",25d70b5fcaba2c15,auto-detected
F001463,P055,W11,image-alt,1.1.1,A,critical,48,".cloned.owl-item:nth-child(3) > .heyzine-card.item[data-delay=""0.3s""] > a > img",e0da2fe98efa0c43,auto-detected
F001464,P055,W11,image-alt,1.1.1,A,critical,48,".cloned.owl-item:nth-child(4) > .heyzine-card.item[data-delay=""0.3s""] > a > img",1214cca2044dc83b,auto-detected
F001465,P055,W11,image-alt,1.1.1,A,critical,48,".cloned.owl-item:nth-child(5) > .heyzine-card.item[data-delay=""0.3s""] > a > img",756f01a7a3a1e58f,auto-detected
F001466,P055,W11,image-alt,1.1.1,A,critical,48,".cloned.owl-item:nth-child(6) > .heyzine-card.item[data-delay=""0.3s""] > a > img",2d18417d12836fd8,auto-detected
F001467,P055,W11,image-alt,1.1.1,A,critical,48,".cloned.owl-item:nth-child(7) > .heyzine-card.item[data-delay=""0.3s""] > a > img",0a6fbc46890d89e6,auto-detected
F001468,P055,W11,image-alt,1.1.1,A,critical,48,".cloned.owl-item:nth-child(8) > .heyzine-card.item[data-delay=""0.3s""] > a > img",1d7ebb56bf0f37b8,auto-detected
F001469,P055,W11,image-alt,1.1.1,A,critical,48,".cloned.owl-item:nth-child(9) > .heyzine-card.item[data-delay=""0.3s""] > a > img",a2e1fb13d999a6d5,auto-detected
F001470,P055,W11,image-alt,1.1.1,A,critical,48,".cloned.owl-item:nth-child(10) > .heyzine-card.item[data-delay=""0.3s""] > a > img",9bb249475f80ef00,auto-detected
F001471,P055,W11,image-alt,1.1.1,A,critical,48,".cloned.owl-item:nth-child(11) > .heyzine-card.item[data-delay=""0.3s""] > a > img",95b881b60759bea3,auto-detected
F001472,P055,W11,image-alt,1.1.1,A,critical,48,".cloned.owl-item:nth-child(12) > .heyzine-card.item[data-delay=""0.3s""] > a > img",1435ceac5aacba82,auto-detected
F001473,P055,W11,image-alt,1.1.1,A,critical,48,".active.owl-item:nth-child(13) > .heyzine-card.item[data-delay=""0.3s""] > a > img",72f28ff4461f27b9,auto-detected
F001474,P055,W11,image-alt,1.1.1,A,critical,48,".active.owl-item:nth-child(14) > .heyzine-card.item[data-delay=""0.3s""] > a > img",582276602d31d7af,auto-detected
F001475,P055,W11,image-alt,1.1.1,A,critical,48,".active.owl-item:nth-child(15) > .heyzine-card.item[data-delay=""0.3s""] > a > img",47467f71e830179a,auto-detected
F001476,P055,W11,image-alt,1.1.1,A,critical,48,".active.owl-item:nth-child(16) > .heyzine-card.item[data-delay=""0.3s""] > a > img",c94010921e139d70,auto-detected
F001477,P055,W11,image-alt,1.1.1,A,critical,48,".owl-item:nth-child(17) > .heyzine-card.item[data-delay=""0.3s""] > a > img",219443e9bf766eb3,auto-detected
F001478,P055,W11,image-alt,1.1.1,A,critical,48,".owl-item:nth-child(18) > .heyzine-card.item[data-delay=""0.3s""] > a > img",6e4d5fed0ea888ed,auto-detected
F001479,P055,W11,image-alt,1.1.1,A,critical,48,".owl-item:nth-child(19) > .heyzine-card.item[data-delay=""0.3s""] > a > img",dee263239dff59c0,auto-detected
F001480,P055,W11,image-alt,1.1.1,A,critical,48,".owl-item:nth-child(20) > .heyzine-card.item[data-delay=""0.3s""] > a > img",5e103fabfe547500,auto-detected
F001481,P055,W11,image-alt,1.1.1,A,critical,48,".owl-item:nth-child(21) > .heyzine-card.item[data-delay=""0.3s""] > a > img",61018c01b1030d51,auto-detected
F001482,P055,W11,image-alt,1.1.1,A,critical,48,".owl-item:nth-child(22) > .heyzine-card.item[data-delay=""0.3s""] > a > img",a93dde552e5b8e43,auto-detected
F001483,P055,W11,image-alt,1.1.1,A,critical,48,".owl-item:nth-child(23) > .heyzine-card.item[data-delay=""0.3s""] > a > img",eed3a19d0b8a933c,auto-detected
F001484,P055,W11,image-alt,1.1.1,A,critical,48,".owl-item:nth-child(24) > .heyzine-card.item[data-delay=""0.3s""] > a > img",77959e7f558c7786,auto-detected
F001485,P055,W11,image-alt,1.1.1,A,critical,48,".owl-item:nth-child(25) > .heyzine-card.item[data-delay=""0.3s""] > a > img",ad24b7aba9a1a8e5,auto-detected
F001486,P055,W11,image-alt,1.1.1,A,critical,48,".owl-item:nth-child(26) > .heyzine-card.item[data-delay=""0.3s""] > a > img",162d6505bdfcde90,auto-detected
F001487,P055,W11,image-alt,1.1.1,A,critical,48,".owl-item:nth-child(27) > .heyzine-card.item[data-delay=""0.3s""] > a > img",9dcf621bfdd4ef92,auto-detected
F001488,P055,W11,image-alt,1.1.1,A,critical,48,".owl-item:nth-child(28) > .heyzine-card.item[data-delay=""0.3s""] > a > img",751e315d4fa7ec1b,auto-detected
F001489,P055,W11,image-alt,1.1.1,A,critical,48,".owl-item:nth-child(29) > .heyzine-card.item[data-delay=""0.3s""] > a > img",afe479fd685c4503,auto-detected
F001490,P055,W11,image-alt,1.1.1,A,critical,48,".owl-item:nth-child(30) > .heyzine-card.item[data-delay=""0.3s""] > a > img",89030af44dabb4fd,auto-detected
F001491,P055,W11,image-alt,1.1.1,A,critical,48,".owl-item:nth-child(31) > .heyzine-card.item[data-delay=""0.3s""] > a > img",16cfdd60fd84fe4d,auto-detected
F001492,P055,W11,image-alt,1.1.1,A,critical,48,".owl-item:nth-child(32) > .heyzine-card.item[data-delay=""0.3s""] > a > img",e1508007768781f8,auto-detected
F001493,P055,W11,image-alt,1.1.1,A,critical,48,".owl-item:nth-child(33) > .heyzine-card.item[data-delay=""0.3s""] > a > img",cadbc716ee3e6a67,auto-detected
F001494,P055,W11,image-alt,1.1.1,A,critical,48,".owl-item:nth-child(34) > .heyzine-card.item[data-delay=""0.3s""] > a > img",8f82d441fe6400f8,auto-detected
F001495,P055,W11,image-alt,1.1.1,A,critical,48,".owl-item:nth-child(35) > .heyzine-card.item[data-delay=""0.3s""] > a > img",daf1ebd61db9d790,auto-detected
F001496,P055,W11,image-alt,1.1.1,A,critical,48,".owl-item:nth-child(36) > .heyzine-card.item[data-delay=""0.3s""] > a > img",fdb88723e482fde9,auto-detected
F001497,P055,W11,image-alt,1.1.1,A,critical,48,".cloned.owl-item:nth-child(37) > .heyzine-card.item[data-delay=""0.3s""] > a > img",67c02444d65bda9a,auto-detected
F001498,P055,W11,image-alt,1.1.1,A,critical,48,".cloned.owl-item:nth-child(38) > .heyzine-card.item[data-delay=""0.3s""] > a > img",420a7d0e8da4ea12,auto-detected
F001499,P055,W11,image-alt,1.1.1,A,critical,48,".cloned.owl-item:nth-child(39) > .heyzine-card.item[data-delay=""0.3s""] > a > img",7c2db37c0e188c2f,auto-detected
F001500,P055,W11,image-alt,1.1.1,A,critical,48,".cloned.owl-item:nth-child(40) > .heyzine-card.item[data-delay=""0.3s""] > a > img",fdd459165c76d4d8,auto-detected
F001501,P055,W11,image-alt,1.1.1,A,critical,48,".cloned.owl-item:nth-child(41) > .heyzine-card.item[data-delay=""0.3s""] > a > img",703d7bf385251b0f,auto-detected
F001502,P055,W11,image-alt,1.1.1,A,critical,48,".cloned.owl-item:nth-child(42) > .heyzine-card.item[data-delay=""0.3s""] > a > img",988236b2c0b36ae0,auto-detected
F001503,P055,W11,image-alt,1.1.1,A,critical,48,".cloned.owl-item:nth-child(43) > .heyzine-card.item[data-delay=""0.3s""] > a > img",a4baebc6edb5ffe3,auto-detected
F001504,P055,W11,image-alt,1.1.1,A,critical,48,".cloned.owl-item:nth-child(44) > .heyzine-card.item[data-delay=""0.3s""] > a > img",f279fa8e51c8884b,auto-detected
F001505,P055,W11,image-alt,1.1.1,A,critical,48,".cloned.owl-item:nth-child(45) > .heyzine-card.item[data-delay=""0.3s""] > a > img",ab56011ed7baf192,auto-detected
F001506,P055,W11,image-alt,1.1.1,A,critical,48,".cloned.owl-item:nth-child(46) > .heyzine-card.item[data-delay=""0.3s""] > a > img",fbc4d94cc940f418,auto-detected
F001507,P055,W11,image-alt,1.1.1,A,critical,48,".cloned.owl-item:nth-child(47) > .heyzine-card.item[data-delay=""0.3s""] > a > img",5975f709be819adb,auto-detected
F001508,P055,W11,image-alt,1.1.1,A,critical,48,".cloned.owl-item:nth-child(48) > .heyzine-card.item[data-delay=""0.3s""] > a > img",b1abd630ed0caf50,auto-detected
F001509,P055,W11,landmark-one-main,,,moderate,1,html,aea850015ccf8344,auto-detected
F001510,P055,W11,page-has-heading-one,,,moderate,1,html,5aba264f6d70b2db,auto-detected
F001511,P055,W11,region,,,moderate,14,.owl-home-banner > .owl-stage-outer,a1de7acb6a9c7b9c,auto-detected
F001512,P055,W11,region,,,moderate,14,#j-vscreen-news-sm,87fd2534072a3adf,auto-detected
F001513,P055,W11,region,,,moderate,14,#j-vscreen-news-lg,178cb6550b177fb6,auto-detected
F001514,P055,W11,region,,,moderate,14,.owl-themex > .owl-stage-outer,d2c11b8acdd09088,auto-detected
F001515,P055,W11,region,,,moderate,14,.owl-banner-carousel > .owl-stage-outer,d1f0ee898a63da3c,auto-detected
F001516,P055,W11,region,,,moderate,14,#pills-tab,bee193818739a078,auto-detected
F001517,P055,W11,region,,,moderate,14,#bansos,2f9ca09df08ba52a,auto-detected
F001518,P055,W11,region,,,moderate,14,.tag-konten:nth-child(2),f4fcf4232d48341f,auto-detected
F001519,P055,W11,region,,,moderate,14,.owl-youtube > .owl-stage-outer,6d493c737564aee4,auto-detected
F001520,P055,W11,region,,,moderate,14,.tag-konten:nth-child(4),df8e4668669d247e,auto-detected
F001521,P055,W11,region,,,moderate,14,.section-service-link > .owl-section-service-link.owl-carousel.owl-loaded > .owl-stage-outer,f14c9a25ef02396a,auto-detected
F001522,P055,W11,region,,,moderate,14,.tag-konten:nth-child(6),3228c7a7431a622b,auto-detected
F001523,P055,W11,region,,,moderate,14,.section-heyzine > .owl-section-service-link.owl-carousel.owl-loaded > .owl-stage-outer,d7533621f6965d72,auto-detected
F001524,P055,W11,region,,,moderate,14,.section-footer,ace77f4ede4e6990,auto-detected
F001525,P056,W12,color-contrast,1.4.3,AA,serious,5,#wa-link,f1df7e207d57dea9,auto-detected
F001526,P056,W12,color-contrast,1.4.3,AA,serious,5,.cta-note,6cf387afb5060c06,auto-detected
F001527,P056,W12,color-contrast,1.4.3,AA,serious,5,.divider-label,a0ddd0159b3ea4ae,auto-detected
F001528,P056,W12,color-contrast,1.4.3,AA,serious,5,.page-footer > p,65342cddb609e25e,auto-detected
F001529,P056,W12,color-contrast,1.4.3,AA,serious,5,#ray-id-footer,b5abafc4fde75fb7,auto-detected
F001530,P056,W12,landmark-one-main,,,moderate,1,html,835b5579ff81b75e,auto-detected
F001531,P056,W12,region,,,moderate,18,.cf-compliance-hidden,f84bde2b1b580e03,auto-detected
F001532,P056,W12,region,,,moderate,18,h1,bbefd1bd63dc6dee,auto-detected
F001533,P056,W12,region,,,moderate,18,.subtitle,a33053cb52e3cad4,auto-detected
F001534,P056,W12,region,,,moderate,18,.cta-card,7d25cecebbac418d,auto-detected
F001535,P056,W12,region,,,moderate,18,.info-card,411385a852923096,auto-detected
F001536,P056,W12,region,,,moderate,18,.diagram-card > .card-title,3109ad7099f9fe72,auto-detected
F001537,P056,W12,region,,,moderate,18,.badge-green,9034691dd10c75f7,auto-detected
F001538,P056,W12,region,,,moderate,18,.node:nth-child(1) > .node-label,66192ac7e1d1958e,auto-detected
F001539,P056,W12,region,,,moderate,18,.arrow:nth-child(2),b00373bfe8b20dac,auto-detected
F001540,P056,W12,region,,,moderate,18,.badge-red,4ea93c3d0fdbb0b5,auto-detected
F001541,P056,W12,region,,,moderate,18,.node:nth-child(3) > .node-label,e7bfde84470fa197,auto-detected
F001542,P056,W12,region,,,moderate,18,.arrow.muted:nth-child(4),4635d83504411b0e,auto-detected
F001543,P056,W12,region,,,moderate,18,.node:nth-child(5) > .badge-grey.node-badge,16673289ce6a47a1,auto-detected
F001544,P056,W12,region,,,moderate,18,.node:nth-child(5) > .node-label,4ae42b705e6b233f,auto-detected
F001545,P056,W12,region,,,moderate,18,.arrow.muted:nth-child(6),cbd61eba22c46759,auto-detected
F001546,P056,W12,region,,,moderate,18,.node:nth-child(7) > .badge-grey.node-badge,cd8172ca65d32508,auto-detected
F001547,P056,W12,region,,,moderate,18,.node:nth-child(7) > .node-label,caacef8f89fb69c7,auto-detected
F001548,P056,W12,region,,,moderate,18,.page-footer,274b5abb0564bb9c,auto-detected
F001549,P057,W12,color-contrast,1.4.3,AA,serious,5,#wa-link,3f3bf56e26b288cf,auto-detected
F001550,P057,W12,color-contrast,1.4.3,AA,serious,5,.cta-note,24b5efbbcd6c8c6d,auto-detected
F001551,P057,W12,color-contrast,1.4.3,AA,serious,5,.divider-label,8f25aaa6fdb460f2,auto-detected
F001552,P057,W12,color-contrast,1.4.3,AA,serious,5,.page-footer > p,7b39430752bc1911,auto-detected
F001553,P057,W12,color-contrast,1.4.3,AA,serious,5,#ray-id-footer,72fec20fb50ff8d6,auto-detected
F001554,P057,W12,landmark-one-main,,,moderate,1,html,ecaadc8ca55fd7fb,auto-detected
F001555,P057,W12,region,,,moderate,18,.cf-compliance-hidden,8a961e544e17b3ee,auto-detected
F001556,P057,W12,region,,,moderate,18,h1,fe4d963611cc7133,auto-detected
F001557,P057,W12,region,,,moderate,18,.subtitle,a12d373677fde8b2,auto-detected
F001558,P057,W12,region,,,moderate,18,.cta-card,16c3db8e52a26a34,auto-detected
F001559,P057,W12,region,,,moderate,18,.info-card,81860850a45ee5fd,auto-detected
F001560,P057,W12,region,,,moderate,18,.diagram-card > .card-title,b8e99ea193660f51,auto-detected
F001561,P057,W12,region,,,moderate,18,.badge-green,e02076d0b24bc018,auto-detected
F001562,P057,W12,region,,,moderate,18,.node:nth-child(1) > .node-label,4010ef05d39ade5b,auto-detected
F001563,P057,W12,region,,,moderate,18,.arrow:nth-child(2),24187f260a7c8f71,auto-detected
F001564,P057,W12,region,,,moderate,18,.badge-red,842124d3d1e5c740,auto-detected
F001565,P057,W12,region,,,moderate,18,.node:nth-child(3) > .node-label,478ac224d8c8f8b3,auto-detected
F001566,P057,W12,region,,,moderate,18,.arrow.muted:nth-child(4),bb506b246e858b88,auto-detected
F001567,P057,W12,region,,,moderate,18,.node:nth-child(5) > .badge-grey.node-badge,738d705efb6ef853,auto-detected
F001568,P057,W12,region,,,moderate,18,.node:nth-child(5) > .node-label,389034773675910e,auto-detected
F001569,P057,W12,region,,,moderate,18,.arrow.muted:nth-child(6),457f163f07898cab,auto-detected
F001570,P057,W12,region,,,moderate,18,.node:nth-child(7) > .badge-grey.node-badge,01d1ca788e4d2a1f,auto-detected
F001571,P057,W12,region,,,moderate,18,.node:nth-child(7) > .node-label,3f4cfb6f49c6d9cf,auto-detected
F001572,P057,W12,region,,,moderate,18,.page-footer,3d8e48ef20feebcd,auto-detected
F001573,P058,W12,color-contrast,1.4.3,AA,serious,5,#wa-link,8c6acddb33e152a5,auto-detected
F001574,P058,W12,color-contrast,1.4.3,AA,serious,5,.cta-note,018e8c4f500a19a0,auto-detected
F001575,P058,W12,color-contrast,1.4.3,AA,serious,5,.divider-label,5a6f4cff698ea4af,auto-detected
F001576,P058,W12,color-contrast,1.4.3,AA,serious,5,.page-footer > p,c4ccf91f9f7c111f,auto-detected
F001577,P058,W12,color-contrast,1.4.3,AA,serious,5,#ray-id-footer,3c9c0c2da0242863,auto-detected
F001578,P058,W12,landmark-one-main,,,moderate,1,html,bf45dfbee59cefbe,auto-detected
F001579,P058,W12,region,,,moderate,18,.cf-compliance-hidden,2de9c6aad8b175f5,auto-detected
F001580,P058,W12,region,,,moderate,18,h1,2804858e295904a8,auto-detected
F001581,P058,W12,region,,,moderate,18,.subtitle,0543ca20188cb14d,auto-detected
F001582,P058,W12,region,,,moderate,18,.cta-card,95062f43bc4ab3a8,auto-detected
F001583,P058,W12,region,,,moderate,18,.info-card,930e881c1a2aae03,auto-detected
F001584,P058,W12,region,,,moderate,18,.diagram-card > .card-title,70cef60c4a2e8923,auto-detected
F001585,P058,W12,region,,,moderate,18,.badge-green,85a560f667dca870,auto-detected
F001586,P058,W12,region,,,moderate,18,.node:nth-child(1) > .node-label,b7fa94135eca2889,auto-detected
F001587,P058,W12,region,,,moderate,18,.arrow:nth-child(2),d6466f33cc62eba8,auto-detected
F001588,P058,W12,region,,,moderate,18,.badge-red,dc8078a12951331e,auto-detected
F001589,P058,W12,region,,,moderate,18,.node:nth-child(3) > .node-label,019b61316a5d1c93,auto-detected
F001590,P058,W12,region,,,moderate,18,.arrow.muted:nth-child(4),5c22fd5106f389fa,auto-detected
F001591,P058,W12,region,,,moderate,18,.node:nth-child(5) > .badge-grey.node-badge,5edc32200190b6ef,auto-detected
F001592,P058,W12,region,,,moderate,18,.node:nth-child(5) > .node-label,af13e66dbe4ca6ac,auto-detected
F001593,P058,W12,region,,,moderate,18,.arrow.muted:nth-child(6),f72c96f47763b0ba,auto-detected
F001594,P058,W12,region,,,moderate,18,.node:nth-child(7) > .badge-grey.node-badge,69a97663bf5412d0,auto-detected
F001595,P058,W12,region,,,moderate,18,.node:nth-child(7) > .node-label,7735f2282053156c,auto-detected
F001596,P058,W12,region,,,moderate,18,.page-footer,74ee5bb4e303e1a7,auto-detected
F001597,P059,W12,color-contrast,1.4.3,AA,serious,5,#wa-link,a5b2b4196f5dc631,auto-detected
F001598,P059,W12,color-contrast,1.4.3,AA,serious,5,.cta-note,268f48fe4a2a69e0,auto-detected
F001599,P059,W12,color-contrast,1.4.3,AA,serious,5,.divider-label,8c0e9fc63584909c,auto-detected
F001600,P059,W12,color-contrast,1.4.3,AA,serious,5,.page-footer > p,943b944ae7e5ca47,auto-detected
F001601,P059,W12,color-contrast,1.4.3,AA,serious,5,#ray-id-footer,6ea1319276814655,auto-detected
F001602,P059,W12,landmark-one-main,,,moderate,1,html,e513b0d5b6f62b42,auto-detected
F001603,P059,W12,region,,,moderate,18,.cf-compliance-hidden,714a0715afa419e2,auto-detected
F001604,P059,W12,region,,,moderate,18,h1,ee3bdbd3ed72bbe4,auto-detected
F001605,P059,W12,region,,,moderate,18,.subtitle,92e04881d4e4e191,auto-detected
F001606,P059,W12,region,,,moderate,18,.cta-card,c61a095b61ceaa0f,auto-detected
F001607,P059,W12,region,,,moderate,18,.info-card,245b96be806e1968,auto-detected
F001608,P059,W12,region,,,moderate,18,.diagram-card > .card-title,3539b8617c85670d,auto-detected
F001609,P059,W12,region,,,moderate,18,.badge-green,95fed08c4f7b7b15,auto-detected
F001610,P059,W12,region,,,moderate,18,.node:nth-child(1) > .node-label,4291d29a43a499a7,auto-detected
F001611,P059,W12,region,,,moderate,18,.arrow:nth-child(2),f95c046503fb128a,auto-detected
F001612,P059,W12,region,,,moderate,18,.badge-red,8dc7eaeb1afd0601,auto-detected
F001613,P059,W12,region,,,moderate,18,.node:nth-child(3) > .node-label,182340a489f66b4c,auto-detected
F001614,P059,W12,region,,,moderate,18,.arrow.muted:nth-child(4),e5e0006180be6d63,auto-detected
F001615,P059,W12,region,,,moderate,18,.node:nth-child(5) > .badge-grey.node-badge,1ae298152fc07570,auto-detected
F001616,P059,W12,region,,,moderate,18,.node:nth-child(5) > .node-label,8057aa3fca38a017,auto-detected
F001617,P059,W12,region,,,moderate,18,.arrow.muted:nth-child(6),4794f917ba14c5fb,auto-detected
F001618,P059,W12,region,,,moderate,18,.node:nth-child(7) > .badge-grey.node-badge,abd6135e22b36231,auto-detected
F001619,P059,W12,region,,,moderate,18,.node:nth-child(7) > .node-label,c46be0a47b189074,auto-detected
F001620,P059,W12,region,,,moderate,18,.page-footer,899321c589b56b00,auto-detected
F001621,P060,W12,color-contrast,1.4.3,AA,serious,5,#wa-link,880b85604c8090aa,auto-detected
F001622,P060,W12,color-contrast,1.4.3,AA,serious,5,.cta-note,67c672cec80f006f,auto-detected
F001623,P060,W12,color-contrast,1.4.3,AA,serious,5,.divider-label,ec467ba647cb258d,auto-detected
F001624,P060,W12,color-contrast,1.4.3,AA,serious,5,.page-footer > p,7c2d5c17c7d480ed,auto-detected
F001625,P060,W12,color-contrast,1.4.3,AA,serious,5,#ray-id-footer,d351f1d499559556,auto-detected
F001626,P060,W12,landmark-one-main,,,moderate,1,html,7f1a659a187ae577,auto-detected
F001627,P060,W12,region,,,moderate,18,.cf-compliance-hidden,0f54d3314a772983,auto-detected
F001628,P060,W12,region,,,moderate,18,h1,02cf62591cee78aa,auto-detected
F001629,P060,W12,region,,,moderate,18,.subtitle,3fd2261772d8fade,auto-detected
F001630,P060,W12,region,,,moderate,18,.cta-card,c377eb5372dd19b1,auto-detected
F001631,P060,W12,region,,,moderate,18,.info-card,07ab70f811d39bb7,auto-detected
F001632,P060,W12,region,,,moderate,18,.diagram-card > .card-title,e348691ae6af2501,auto-detected
F001633,P060,W12,region,,,moderate,18,.badge-green,d4bf1ea2df0e7163,auto-detected
F001634,P060,W12,region,,,moderate,18,.node:nth-child(1) > .node-label,b71946aac1a44ff4,auto-detected
F001635,P060,W12,region,,,moderate,18,.arrow:nth-child(2),024c25712fc90608,auto-detected
F001636,P060,W12,region,,,moderate,18,.badge-red,de0e0c0ca8e56567,auto-detected
F001637,P060,W12,region,,,moderate,18,.node:nth-child(3) > .node-label,f0c837b9efa007ad,auto-detected
F001638,P060,W12,region,,,moderate,18,.arrow.muted:nth-child(4),8dc4970c7724ab20,auto-detected
F001639,P060,W12,region,,,moderate,18,.node:nth-child(5) > .badge-grey.node-badge,fa070faa88658ac9,auto-detected
F001640,P060,W12,region,,,moderate,18,.node:nth-child(5) > .node-label,4cf74761e6c47117,auto-detected
F001641,P060,W12,region,,,moderate,18,.arrow.muted:nth-child(6),0180f3b898ad86de,auto-detected
F001642,P060,W12,region,,,moderate,18,.node:nth-child(7) > .badge-grey.node-badge,7a72f3aabb34d75a,auto-detected
F001643,P060,W12,region,,,moderate,18,.node:nth-child(7) > .node-label,3137f25517695e78,auto-detected
F001644,P060,W12,region,,,moderate,18,.page-footer,05255e7e56b23091,auto-detected
F001645,P061,W13,aria-allowed-role,,,minor,5,#splide_layanan_publik-slide01,ebb0c113895747f5,auto-detected
F001646,P061,W13,aria-allowed-role,,,minor,5,#splide_layanan_publik-slide02,adf056db071f1a27,auto-detected
F001647,P061,W13,aria-allowed-role,,,minor,5,#splide_layanan_publik-slide03,6317c445368aae2e,auto-detected
F001648,P061,W13,aria-allowed-role,,,minor,5,#splide_home_carousel-slide01,976447d4cea01ff6,auto-detected
F001649,P061,W13,aria-allowed-role,,,minor,5,#splide_home_carousel-slide02,e2a1f29526fc876e,auto-detected
F001650,P061,W13,button-name,4.1.2,A,critical,1,#toggle,f138a9c611b96ad6,auto-detected
F001651,P061,W13,color-contrast,1.4.3,AA,serious,12,#tab-publik > .px-\[25px\].py-\[30px\].border > .gap-y-8.flex-col.flex > .gap-y-2.flex-col.flex:nth-child(1) > .text-\[\#798ba5\].font-light.sm\:text-sm > div:nth-child(1),3f5a246aa8363f9d,auto-detected
F001652,P061,W13,color-contrast,1.4.3,AA,serious,12,#tab-publik > .px-\[25px\].py-\[30px\].border > .gap-y-8.flex-col.flex > .gap-y-2.flex-col.flex:nth-child(1) > .text-\[\#798ba5\].font-light.sm\:text-sm > div:nth-child(3),b3b7d6e7ae7134aa,auto-detected
F001653,P061,W13,color-contrast,1.4.3,AA,serious,12,#tab-publik > .px-\[25px\].py-\[30px\].border > .gap-y-8.flex-col.flex > .gap-y-2.flex-col.flex:nth-child(2) > .text-\[\#798ba5\].font-light.sm\:text-sm > div:nth-child(1),f00775920ab58225,auto-detected
F001654,P061,W13,color-contrast,1.4.3,AA,serious,12,#tab-publik > .px-\[25px\].py-\[30px\].border > .gap-y-8.flex-col.flex > .gap-y-2.flex-col.flex:nth-child(2) > .text-\[\#798ba5\].font-light.sm\:text-sm > div:nth-child(3),0169bf5f85b42520,auto-detected
F001655,P061,W13,color-contrast,1.4.3,AA,serious,12,#tab-publik > .px-\[25px\].py-\[30px\].border > .gap-y-8.flex-col.flex > .gap-y-2.flex-col.flex:nth-child(3) > .text-\[\#798ba5\].font-light.sm\:text-sm > div:nth-child(1),2777b3b882f8b751,auto-detected
F001656,P061,W13,color-contrast,1.4.3,AA,serious,12,#tab-publik > .px-\[25px\].py-\[30px\].border > .gap-y-8.flex-col.flex > .gap-y-2.flex-col.flex:nth-child(3) > .text-\[\#798ba5\].font-light.sm\:text-sm > div:nth-child(3),e028fa6220e68a4d,auto-detected
F001657,P061,W13,color-contrast,1.4.3,AA,serious,12,#tab-publik > .px-\[25px\].py-\[30px\].border > .gap-y-8.flex-col.flex > .gap-y-2.flex-col.flex:nth-child(4) > .text-\[\#798ba5\].font-light.sm\:text-sm > div:nth-child(1),a739948395ff140d,auto-detected
F001658,P061,W13,color-contrast,1.4.3,AA,serious,12,#tab-publik > .px-\[25px\].py-\[30px\].border > .gap-y-8.flex-col.flex > .gap-y-2.flex-col.flex:nth-child(4) > .text-\[\#798ba5\].font-light.sm\:text-sm > div:nth-child(3),27277cffa5c250e2,auto-detected
F001659,P061,W13,color-contrast,1.4.3,AA,serious,12,#tab-publik > .px-\[25px\].py-\[30px\].border > .gap-y-8.flex-col.flex > .gap-y-2.flex-col.flex:nth-child(5) > .text-\[\#798ba5\].font-light.sm\:text-sm > div:nth-child(1),57e760f0626e7e83,auto-detected
F001660,P061,W13,color-contrast,1.4.3,AA,serious,12,#tab-publik > .px-\[25px\].py-\[30px\].border > .gap-y-8.flex-col.flex > .gap-y-2.flex-col.flex:nth-child(5) > .text-\[\#798ba5\].font-light.sm\:text-sm > div:nth-child(3),b220cbbf47a06132,auto-detected
F001661,P061,W13,color-contrast,1.4.3,AA,serious,12,#tab-publik > .px-\[25px\].py-\[30px\].border > .gap-y-8.flex-col.flex > .gap-y-2.flex-col.flex:nth-child(6) > .text-\[\#798ba5\].font-light.sm\:text-sm > div:nth-child(1),fdc435cf5a485888,auto-detected
F001662,P061,W13,color-contrast,1.4.3,AA,serious,12,#tab-publik > .px-\[25px\].py-\[30px\].border > .gap-y-8.flex-col.flex > .gap-y-2.flex-col.flex:nth-child(6) > .text-\[\#798ba5\].font-light.sm\:text-sm > div:nth-child(3),0d4660b83e1e1745,auto-detected
F001663,P061,W13,heading-order,,,moderate,1,.sm\:mb-0.mb-8.gap-y-2:nth-child(1) > .gap-x-2.flex-row.items-center > h4,d4be108015f99f89,auto-detected
F001664,P061,W13,image-alt,1.1.1,A,critical,12,#popupimage,5dcfe6f03ef775d2,auto-detected
F001665,P061,W13,image-alt,1.1.1,A,critical,12,.gap-y-4.hover\:bg-\[\#f8913a\].sm\:my-0:nth-child(1) > div:nth-child(1) > img,b77e12329186af25,auto-detected
F001666,P061,W13,image-alt,1.1.1,A,critical,12,.gap-y-4.hover\:bg-\[\#f8913a\].sm\:my-0:nth-child(2) > div:nth-child(1) > img,a4e35428d622e6ba,auto-detected
F001667,P061,W13,image-alt,1.1.1,A,critical,12,"a[href$=""jdih.jatengprov.go.id/""] > div:nth-child(1) > img",71bedf699fef3612,auto-detected
F001668,P061,W13,image-alt,1.1.1,A,critical,12,.gap-y-4.hover\:bg-\[\#f8913a\].sm\:my-0:nth-child(4) > div:nth-child(1) > img,6edf1a9a301e2631,auto-detected
F001669,P061,W13,image-alt,1.1.1,A,critical,12,.gap-y-4.hover\:bg-\[\#f8913a\].sm\:my-0:nth-child(5) > div:nth-child(1) > img,274d57f2c6331d27,auto-detected
F001670,P061,W13,image-alt,1.1.1,A,critical,12,"a[href$=""ppid.jatengprov.go.id""] > div:nth-child(1) > img",5615aa940836b386,auto-detected
F001671,P061,W13,image-alt,1.1.1,A,critical,12,.gap-y-4.hover\:bg-\[\#f8913a\].sm\:my-0:nth-child(8) > div:nth-child(1) > img,85acd1000146d470,auto-detected
F001672,P061,W13,image-alt,1.1.1,A,critical,12,"a[href$=""hargajateng.org/""] > div:nth-child(1) > img",617965f314ae81ce,auto-detected
F001673,P061,W13,image-alt,1.1.1,A,critical,12,.gap-y-4.hover\:bg-\[\#f8913a\].sm\:my-0:nth-child(10) > div:nth-child(1) > img,84f4fd29960db53a,auto-detected
F001674,P061,W13,image-alt,1.1.1,A,critical,12,.w-\[150px\],4a1755b20c673738,auto-detected
F001675,P061,W13,image-alt,1.1.1,A,critical,12,.h-\[120px\],a24f14018b45f2d6,auto-detected
F001676,P061,W13,link-name,2.4.4;4.1.2,A,serious,11,"#splide_layanan_publik-slide01 > .card.hover\:bg-\[\#e3e4e5\].m-2 > .ml-auto.group[target=""_blank""]",b2112e77e29a1283,auto-detected
F001677,P061,W13,link-name,2.4.4;4.1.2,A,serious,11,"#splide_layanan_publik-slide02 > .card.hover\:bg-\[\#e3e4e5\].m-2 > .ml-auto.group[target=""_blank""]",9937ec7a845d4a69,auto-detected
F001678,P061,W13,link-name,2.4.4;4.1.2,A,serious,11,"#splide_layanan_publik-slide03 > .card.hover\:bg-\[\#e3e4e5\].m-2 > .ml-auto.group[target=""_blank""]",4ce53d818e159576,auto-detected
F001679,P061,W13,link-name,2.4.4;4.1.2,A,serious,11,#splide_home_carousel-slide01 > a,4a5b46dd638f2db9,auto-detected
F001680,P061,W13,link-name,2.4.4;4.1.2,A,serious,11,#splide_home_carousel-slide02 > a,004479ef8bae8392,auto-detected
F001681,P061,W13,link-name,2.4.4;4.1.2,A,serious,11,.sm\:mb-0.mb-8.gap-y-2:nth-child(4) > .gap-x-4.flex-row.flex > .hover\:-mt-2.transition-all:nth-child(1),e95b9a69873092e2,auto-detected
F001682,P061,W13,link-name,2.4.4;4.1.2,A,serious,11,"a[href$=""kominfo_jtg""]",52315e2fd3f04a4e,auto-detected
F001683,P061,W13,link-name,2.4.4;4.1.2,A,serious,11,.hover\:-mt-2.transition-all:nth-child(3),d7de3912f10d4a4c,auto-detected
F001684,P061,W13,link-name,2.4.4;4.1.2,A,serious,11,.hover\:-mt-2.transition-all:nth-child(4),1283a1634a48d46c,auto-detected
F001685,P061,W13,link-name,2.4.4;4.1.2,A,serious,11,.sm\:mb-0.mb-8.gap-y-2:nth-child(5) > .gap-x-4.flex-row.flex > .hover\:-mt-2.transition-all:nth-child(1),736986f42fc85247,auto-detected
F001686,P061,W13,link-name,2.4.4;4.1.2,A,serious,11,.sm\:mb-0.mb-8.gap-y-2:nth-child(5) > .gap-x-4.flex-row.flex > .hover\:-mt-2.transition-all:nth-child(2),1e2f5c2e214ae728,auto-detected
F001687,P061,W13,region,,,moderate,63,#pojo-a11y-skip-content,289285e71ce3ef81,auto-detected
F001688,P061,W13,region,,,moderate,63,#popupimage,ef692ca17e3fbdc2,auto-detected
F001689,P061,W13,region,,,moderate,63,#popupinfo,07475ca9b4737dd7,auto-detected
F001690,P061,W13,region,,,moderate,63,#popupclose > span,1bd811efddcd7be9,auto-detected
F001691,P061,W13,region,,,moderate,63,#hero-slider,77e26c05426db1e3,auto-detected
F001692,P061,W13,region,,,moderate,63,.hero-head,a30f2d39bf31a404,auto-detected
F001693,P061,W13,region,,,moderate,63,#key-search,4fb14b35c25af7f0,auto-detected
F001694,P061,W13,region,,,moderate,63,.sm\:gap-y-0.mt-4.sm\:flex-row,354817747fb92108,auto-detected
F001695,P061,W13,region,,,moderate,63,.home-layanan-publik > .gap-x-6.head.flex-row,dd05f9146340b284,auto-detected
F001696,P061,W13,region,,,moderate,63,.gap-x-6.head.justify-between,4ce6480a79e486fe,auto-detected
F001697,P061,W13,region,,,moderate,63,.-ml-\[12px\],ddd2f2fb3478c2c1,auto-detected
F001698,P061,W13,region,,,moderate,63,#tab-publik > .col-span-2.gap-y-6.flex-col > .sm\:h-\[485px\].h-\[300px\].overflow-hidden > .items-end.p-6.z-10 > .gap-y-2.flex-col.flex > .sm\:text-sm.text-\[11px\].gap-x-2 > div:nth-child(1),7bb93895fa038955,auto-detected
F001699,P061,W13,region,,,moderate,63,#tab-publik > .col-span-2.gap-y-6.flex-col > .sm\:h-\[485px\].h-\[300px\].overflow-hidden > .items-end.p-6.z-10 > .gap-y-2.flex-col.flex > .sm\:text-sm.text-\[11px\].gap-x-2 > div:nth-child(3),1796dc442a9181a4,auto-detected
F001700,P061,W13,region,,,moderate,63,#tab-publik > .col-span-2.gap-y-6.flex-col > .sm\:h-\[485px\].h-\[300px\].overflow-hidden > .items-end.p-6.z-10 > .gap-y-2.flex-col.flex > .sm\:text-2xl.text-md.font-black,c635499bc9cc1e8f,auto-detected
F001701,P061,W13,region,,,moderate,63,#tab-publik > .col-span-2.gap-y-6.flex-col > .md\:grid-cols-2.md\:grid.gap-6 > .bg-black.h-\[230px\].overflow-hidden:nth-child(1) > .items-end.p-6.z-10 > .gap-y-2.flex-col.flex > .sm\:text-sm.text-\[11px\].gap-x-2 > div:nth-child(1),434fe496c9a8499d,auto-detected
F001702,P061,W13,region,,,moderate,63,#tab-publik > .col-span-2.gap-y-6.flex-col > .md\:grid-cols-2.md\:grid.gap-6 > .bg-black.h-\[230px\].overflow-hidden:nth-child(1) > .items-end.p-6.z-10 > .gap-y-2.flex-col.flex > .sm\:text-sm.text-\[11px\].gap-x-2 > div:nth-child(3),6b4c15a55bf090d5,auto-detected
F001703,P061,W13,region,,,moderate,63,#tab-publik > .col-span-2.gap-y-6.flex-col > .md\:grid-cols-2.md\:grid.gap-6 > .bg-black.h-\[230px\].overflow-hidden:nth-child(1) > .items-end.p-6.z-10 > .gap-y-2.flex-col.flex > .font-black.sm\:text-xl.hover\:text-\[\#f8913a\],5c39e13c50f60698,auto-detected
F001704,P061,W13,region,,,moderate,63,#tab-publik > .col-span-2.gap-y-6.flex-col > .md\:grid-cols-2.md\:grid.gap-6 > .bg-black.h-\[230px\].overflow-hidden:nth-child(2) > .items-end.p-6.z-10 > .gap-y-2.flex-col.flex > .sm\:text-sm.text-\[11px\].gap-x-2 > div:nth-child(1),287b770d4a03783b,auto-detected
F001705,P061,W13,region,,,moderate,63,#tab-publik > .col-span-2.gap-y-6.flex-col > .md\:grid-cols-2.md\:grid.gap-6 > .bg-black.h-\[230px\].overflow-hidden:nth-child(2) > .items-end.p-6.z-10 > .gap-y-2.flex-col.flex > .sm\:text-sm.text-\[11px\].gap-x-2 > div:nth-child(3),ab356d30191fa3e8,auto-detected
F001706,P061,W13,region,,,moderate,63,#tab-publik > .col-span-2.gap-y-6.flex-col > .md\:grid-cols-2.md\:grid.gap-6 > .bg-black.h-\[230px\].overflow-hidden:nth-child(2) > .items-end.p-6.z-10 > .gap-y-2.flex-col.flex > .font-black.sm\:text-xl.hover\:text-\[\#f8913a\],b60c0f506ac3609a,auto-detected
F001707,P061,W13,region,,,moderate,63,#tab-publik > .px-\[25px\].py-\[30px\].border > .gap-y-8.flex-col.flex > .gap-y-2.flex-col.flex:nth-child(1) > .leading-\[1\.2\].font-normal.sm\:text-xl,3859c5d740e9a25c,auto-detected
F001708,P061,W13,region,,,moderate,63,#tab-publik > .px-\[25px\].py-\[30px\].border > .gap-y-8.flex-col.flex > .gap-y-2.flex-col.flex:nth-child(1) > .text-\[\#798ba5\].font-light.sm\:text-sm > div:nth-child(1),8efe9a1315888d93,auto-detected
F001709,P061,W13,region,,,moderate,63,#tab-publik > .px-\[25px\].py-\[30px\].border > .gap-y-8.flex-col.flex > .gap-y-2.flex-col.flex:nth-child(1) > .text-\[\#798ba5\].font-light.sm\:text-sm > div:nth-child(3),0301b3c9de7d8303,auto-detected
F001710,P061,W13,region,,,moderate,63,#tab-publik > .px-\[25px\].py-\[30px\].border > .gap-y-8.flex-col.flex > .gap-y-2.flex-col.flex:nth-child(2) > .leading-\[1\.2\].font-normal.sm\:text-xl,a25c6f45f21d17e2,auto-detected
F001711,P061,W13,region,,,moderate,63,#tab-publik > .px-\[25px\].py-\[30px\].border > .gap-y-8.flex-col.flex > .gap-y-2.flex-col.flex:nth-child(2) > .text-\[\#798ba5\].font-light.sm\:text-sm > div:nth-child(1),dd677814942d95a6,auto-detected
F001712,P061,W13,region,,,moderate,63,#tab-publik > .px-\[25px\].py-\[30px\].border > .gap-y-8.flex-col.flex > .gap-y-2.flex-col.flex:nth-child(2) > .text-\[\#798ba5\].font-light.sm\:text-sm > div:nth-child(3),05de941d0fcc032a,auto-detected
F001713,P061,W13,region,,,moderate,63,#tab-publik > .px-\[25px\].py-\[30px\].border > .gap-y-8.flex-col.flex > .gap-y-2.flex-col.flex:nth-child(3) > .leading-\[1\.2\].font-normal.sm\:text-xl,769d39bc858c29fb,auto-detected
F001714,P061,W13,region,,,moderate,63,#tab-publik > .px-\[25px\].py-\[30px\].border > .gap-y-8.flex-col.flex > .gap-y-2.flex-col.flex:nth-child(3) > .text-\[\#798ba5\].font-light.sm\:text-sm > div:nth-child(1),ab325171d2f611d9,auto-detected
F001715,P061,W13,region,,,moderate,63,#tab-publik > .px-\[25px\].py-\[30px\].border > .gap-y-8.flex-col.flex > .gap-y-2.flex-col.flex:nth-child(3) > .text-\[\#798ba5\].font-light.sm\:text-sm > div:nth-child(3),31f3be961fe52617,auto-detected
F001716,P061,W13,region,,,moderate,63,#tab-publik > .px-\[25px\].py-\[30px\].border > .gap-y-8.flex-col.flex > .gap-y-2.flex-col.flex:nth-child(4) > .leading-\[1\.2\].font-normal.sm\:text-xl,aa8a0cdf840afc09,auto-detected
F001717,P061,W13,region,,,moderate,63,#tab-publik > .px-\[25px\].py-\[30px\].border > .gap-y-8.flex-col.flex > .gap-y-2.flex-col.flex:nth-child(4) > .text-\[\#798ba5\].font-light.sm\:text-sm > div:nth-child(1),4dda8f39f4018691,auto-detected
F001718,P061,W13,region,,,moderate,63,#tab-publik > .px-\[25px\].py-\[30px\].border > .gap-y-8.flex-col.flex > .gap-y-2.flex-col.flex:nth-child(4) > .text-\[\#798ba5\].font-light.sm\:text-sm > div:nth-child(3),68c273b525e6f038,auto-detected
F001719,P061,W13,region,,,moderate,63,#tab-publik > .px-\[25px\].py-\[30px\].border > .gap-y-8.flex-col.flex > .gap-y-2.flex-col.flex:nth-child(5) > .leading-\[1\.2\].font-normal.sm\:text-xl,8871f716d053f1a6,auto-detected
F001720,P061,W13,region,,,moderate,63,#tab-publik > .px-\[25px\].py-\[30px\].border > .gap-y-8.flex-col.flex > .gap-y-2.flex-col.flex:nth-child(5) > .text-\[\#798ba5\].font-light.sm\:text-sm > div:nth-child(1),901811324e8e46b5,auto-detected
F001721,P061,W13,region,,,moderate,63,#tab-publik > .px-\[25px\].py-\[30px\].border > .gap-y-8.flex-col.flex > .gap-y-2.flex-col.flex:nth-child(5) > .text-\[\#798ba5\].font-light.sm\:text-sm > div:nth-child(3),7e40ea962ee7c55c,auto-detected
F001722,P061,W13,region,,,moderate,63,#tab-publik > .px-\[25px\].py-\[30px\].border > .gap-y-8.flex-col.flex > .gap-y-2.flex-col.flex:nth-child(6) > .leading-\[1\.2\].font-normal.sm\:text-xl,ada3caf20fa0ec7d,auto-detected
F001723,P061,W13,region,,,moderate,63,#tab-publik > .px-\[25px\].py-\[30px\].border > .gap-y-8.flex-col.flex > .gap-y-2.flex-col.flex:nth-child(6) > .text-\[\#798ba5\].font-light.sm\:text-sm > div:nth-child(1),21746dd453678034,auto-detected
F001724,P061,W13,region,,,moderate,63,#tab-publik > .px-\[25px\].py-\[30px\].border > .gap-y-8.flex-col.flex > .gap-y-2.flex-col.flex:nth-child(6) > .text-\[\#798ba5\].font-light.sm\:text-sm > div:nth-child(3),1db8c31ded6f02df,auto-detected
F001725,P061,W13,region,,,moderate,63,.md\:flex-row,d25aecbc374bb32e,auto-detected
F001726,P061,W13,region,,,moderate,63,div:nth-child(1) > .bg-\[\#ffffff\].bg-black.h-\[230px\] > .items-end.p-6.z-10 > .gap-y-2.flex-col.flex > .sm\:text-sm.text-\[11px\].gap-x-2 > div:nth-child(1),e1d02bfca13aa4df,auto-detected
F001727,P061,W13,region,,,moderate,63,div:nth-child(1) > .bg-\[\#ffffff\].bg-black.h-\[230px\] > .items-end.p-6.z-10 > .gap-y-2.flex-col.flex > .sm\:text-sm.text-\[11px\].gap-x-2 > div:nth-child(3),3e4c5e12437cc11d,auto-detected
F001728,P061,W13,region,,,moderate,63,div:nth-child(1) > .bg-\[\#ffffff\].bg-black.h-\[230px\] > .items-end.p-6.z-10 > .gap-y-2.flex-col.flex > .font-black.sm\:text-xl.hover\:text-\[\#f8913a\],0d08cc7ac811da55,auto-detected
F001729,P061,W13,region,,,moderate,63,div:nth-child(2) > .bg-\[\#ffffff\].bg-black.h-\[230px\] > .items-end.p-6.z-10 > .gap-y-2.flex-col.flex > .sm\:text-sm.text-\[11px\].gap-x-2 > div:nth-child(1),8840bdd5f473aa2a,auto-detected
F001730,P061,W13,region,,,moderate,63,div:nth-child(2) > .bg-\[\#ffffff\].bg-black.h-\[230px\] > .items-end.p-6.z-10 > .gap-y-2.flex-col.flex > .sm\:text-sm.text-\[11px\].gap-x-2 > div:nth-child(3),9b1a955b758f3c49,auto-detected
F001731,P061,W13,region,,,moderate,63,div:nth-child(2) > .bg-\[\#ffffff\].bg-black.h-\[230px\] > .items-end.p-6.z-10 > .gap-y-2.flex-col.flex > .font-black.sm\:text-xl.hover\:text-\[\#f8913a\],6bbbcb3cfa18cd74,auto-detected
F001732,P061,W13,region,,,moderate,63,.bg-white\/70,81887380da092314,auto-detected
F001733,P061,W13,region,,,moderate,63,.jtg-laporgub-menu-trigger > span,85280f76467651f0,auto-detected
F001734,P061,W13,region,,,moderate,63,.mb-10,9aee60ae782e3d65,auto-detected
F001735,P061,W13,region,,,moderate,63,.gap-y-4.hover\:bg-\[\#f8913a\].sm\:my-0:nth-child(1),4eb27cf40d36880c,auto-detected
F001736,P061,W13,region,,,moderate,63,.gap-y-4.hover\:bg-\[\#f8913a\].sm\:my-0:nth-child(2),bfe794db7e56e9d6,auto-detected
F001737,P061,W13,region,,,moderate,63,"a[href$=""jdih.jatengprov.go.id/""]",646eab6fba864422,auto-detected
F001738,P061,W13,region,,,moderate,63,.gap-y-4.hover\:bg-\[\#f8913a\].sm\:my-0:nth-child(4),ad6a8367d3b81b3c,auto-detected
F001739,P061,W13,region,,,moderate,63,.gap-y-4.hover\:bg-\[\#f8913a\].sm\:my-0:nth-child(5),f021b3019a928ad8,auto-detected
F001740,P061,W13,region,,,moderate,63,"a[href$=""ppid.jatengprov.go.id""]",d86a6100779cbd05,auto-detected
F001741,P061,W13,region,,,moderate,63,.text-lg,a1c0d7a8bfa3833d,auto-detected
F001742,P061,W13,region,,,moderate,63,.gap-y-4.hover\:bg-\[\#f8913a\].sm\:my-0:nth-child(8),c41d810d68809cda,auto-detected
F001743,P061,W13,region,,,moderate,63,"a[href$=""hargajateng.org/""]",1983c110f698f116,auto-detected
F001744,P061,W13,region,,,moderate,63,.gap-y-4.hover\:bg-\[\#f8913a\].sm\:my-0:nth-child(10),f30ea3cae65d2def,auto-detected
F001745,P061,W13,region,,,moderate,63,.shrink-0,f2ab8b54278ca108,auto-detected
F001746,P061,W13,region,,,moderate,63,#padhang-mascot-typing,283c32b799e7d22f,auto-detected
F001747,P061,W13,region,,,moderate,63,#header-widget-radio,7618f227ee425099,auto-detected
F001748,P061,W13,region,,,moderate,63,#visualizer,4dbc4f33f4ccf1e0,auto-detected
F001749,P061,W13,region,,,moderate,63,#textrunning,01ac54c7970b8696,auto-detected
F001750,P061,W13,skip-link,,,moderate,1,#pojo-a11y-skip-content,cc7433e2763ef416,auto-detected
F001751,P061,W13,tabindex,,,serious,1,#pojo-a11y-skip-content,165129ffcc11b897,auto-detected
F001752,P062,W13,button-name,4.1.2,A,critical,1,#toggle,52e33a8e37697ffb,auto-detected
F001753,P062,W13,heading-order,,,moderate,1,.gap-y-2.sm\:mb-0.mb-8:nth-child(1) > .gap-x-2.flex-row.items-center > h4,01074e06b486c591,auto-detected
F001754,P062,W13,image-alt,1.1.1,A,critical,2,.w-\[150px\],5a22413f3c4df92f,auto-detected
F001755,P062,W13,image-alt,1.1.1,A,critical,2,.h-\[120px\],4eb29365df8adb3a,auto-detected
F001756,P062,W13,landmark-one-main,,,moderate,1,html,ce3d47675c53271a,auto-detected
F001757,P062,W13,link-name,2.4.4;4.1.2,A,serious,6,.gap-y-2.sm\:mb-0.mb-8:nth-child(4) > .gap-x-4.flex-row.flex > .hover\:-mt-2.transition-all.duration-300:nth-child(1),9da62dfc28ce141d,auto-detected
F001758,P062,W13,link-name,2.4.4;4.1.2,A,serious,6,"a[href$=""kominfo_jtg""]",3cda7580f88edccf,auto-detected
F001759,P062,W13,link-name,2.4.4;4.1.2,A,serious,6,.hover\:-mt-2.transition-all.duration-300:nth-child(3),18f76dcc1f7edf03,auto-detected
F001760,P062,W13,link-name,2.4.4;4.1.2,A,serious,6,.hover\:-mt-2.transition-all.duration-300:nth-child(4),f1820d55140912e2,auto-detected
F001761,P062,W13,link-name,2.4.4;4.1.2,A,serious,6,.gap-y-2.sm\:mb-0.mb-8:nth-child(5) > .gap-x-4.flex-row.flex > .hover\:-mt-2.transition-all.duration-300:nth-child(1),38acb9eccceadc40,auto-detected
F001762,P062,W13,link-name,2.4.4;4.1.2,A,serious,6,.gap-y-2.sm\:mb-0.mb-8:nth-child(5) > .gap-x-4.flex-row.flex > .hover\:-mt-2.transition-all.duration-300:nth-child(2),dd687737f71ef2a5,auto-detected
F001763,P062,W13,region,,,moderate,11,#pojo-a11y-skip-content,f23675e922fad921,auto-detected
F001764,P062,W13,region,,,moderate,11,".breadcrumb > a[href$=""jatengprov.go.id""]",43d4441d7614869d,auto-detected
F001765,P062,W13,region,,,moderate,11,.breadcrumb > a:nth-child(3),6f0f1f96f8da8da3,auto-detected
F001766,P062,W13,region,,,moderate,11,.breadcrumb > a:nth-child(5),097bf63455920272,auto-detected
F001767,P062,W13,region,,,moderate,11,h1,a54240a3ca72b85c,auto-detected
F001768,P062,W13,region,,,moderate,11,.page-content-default,c59152f9b09755a0,auto-detected
F001769,P062,W13,region,,,moderate,11,.shrink-0,5cf2cd9f74b8db9e,auto-detected
F001770,P062,W13,region,,,moderate,11,#padhang-mascot-typing,0e6c771204aad81b,auto-detected
F001771,P062,W13,region,,,moderate,11,#header-widget-radio,42f605e4ccd7f392,auto-detected
F001772,P062,W13,region,,,moderate,11,#visualizer,9fe6a3f6d0663367,auto-detected
F001773,P062,W13,region,,,moderate,11,#textrunning,8f38d90f98c97b88,auto-detected
F001774,P062,W13,skip-link,,,moderate,1,#pojo-a11y-skip-content,976930333ef75e5b,auto-detected
F001775,P062,W13,tabindex,,,serious,1,#pojo-a11y-skip-content,22b91df0e022f6dc,auto-detected
F001776,P063,W13,button-name,4.1.2,A,critical,1,#toggle,915ed809dd0a2d19,auto-detected
F001777,P063,W13,heading-order,,,moderate,1,.gap-y-2.sm\:mb-0.mb-8:nth-child(1) > .gap-x-2.flex-row.items-center > h4,7eda0b88e0db0ffa,auto-detected
F001778,P063,W13,image-alt,1.1.1,A,critical,2,.w-\[150px\],93f5a9a595b00b7c,auto-detected
F001779,P063,W13,image-alt,1.1.1,A,critical,2,.h-\[120px\],47129f14bff08e59,auto-detected
F001780,P063,W13,landmark-one-main,,,moderate,1,html,367ed7bba92dc114,auto-detected
F001781,P063,W13,link-name,2.4.4;4.1.2,A,serious,6,.gap-y-2.sm\:mb-0.mb-8:nth-child(4) > .gap-x-4.flex-row.flex > .hover\:-mt-2.transition-all.duration-300:nth-child(1),56589b049d448d72,auto-detected
F001782,P063,W13,link-name,2.4.4;4.1.2,A,serious,6,"a[href$=""kominfo_jtg""]",461add4a490efaae,auto-detected
F001783,P063,W13,link-name,2.4.4;4.1.2,A,serious,6,.hover\:-mt-2.transition-all.duration-300:nth-child(3),25da5006a348c75d,auto-detected
F001784,P063,W13,link-name,2.4.4;4.1.2,A,serious,6,.hover\:-mt-2.transition-all.duration-300:nth-child(4),eed0f91625d2b2e6,auto-detected
F001785,P063,W13,link-name,2.4.4;4.1.2,A,serious,6,.gap-y-2.sm\:mb-0.mb-8:nth-child(5) > .gap-x-4.flex-row.flex > .hover\:-mt-2.transition-all.duration-300:nth-child(1),ef16b92a56cb5a1e,auto-detected
F001786,P063,W13,link-name,2.4.4;4.1.2,A,serious,6,.gap-y-2.sm\:mb-0.mb-8:nth-child(5) > .gap-x-4.flex-row.flex > .hover\:-mt-2.transition-all.duration-300:nth-child(2),52c1513c8a5675fd,auto-detected
F001787,P063,W13,meta-viewport,1.4.4,AA,critical,1,"meta[name=""viewport""]:nth-child(61)",c7aceb966e64a1e1,auto-detected
F001788,P063,W13,region,,,moderate,10,#pojo-a11y-skip-content,65670bc572a2c8c9,auto-detected
F001789,P063,W13,region,,,moderate,10,".breadcrumb > a[href$=""jatengprov.go.id""]:nth-child(1)",d6720d19fd7247f1,auto-detected
F001790,P063,W13,region,,,moderate,10,"a[href$=""jatengprov.go.id""]:nth-child(3)",a450ab465fe8d28a,auto-detected
F001791,P063,W13,region,,,moderate,10,.breadcrumb > a:nth-child(5),87d8c0e7e87f25f8,auto-detected
F001792,P063,W13,region,,,moderate,10,h1,e573732c4fdafe93,auto-detected
F001793,P063,W13,region,,,moderate,10,.shrink-0,ef3491c75e5e028e,auto-detected
F001794,P063,W13,region,,,moderate,10,#padhang-mascot-typing,8dc54e26a8a8e191,auto-detected
F001795,P063,W13,region,,,moderate,10,#header-widget-radio,64f4fccaf3610c97,auto-detected
F001796,P063,W13,region,,,moderate,10,#visualizer,f1c3ff9680d37d5a,auto-detected
F001797,P063,W13,region,,,moderate,10,#textrunning,b0fb93d67c8cd03c,auto-detected
F001798,P063,W13,skip-link,,,moderate,1,#pojo-a11y-skip-content,39e723686f9a6875,auto-detected
F001799,P063,W13,tabindex,,,serious,1,#pojo-a11y-skip-content,460a12afaf11a9f7,auto-detected
F001800,P064,W13,aria-allowed-role,,,minor,5,#splide_layanan_publik-slide01,529825f1440d79c7,auto-detected
F001801,P064,W13,aria-allowed-role,,,minor,5,#splide_layanan_publik-slide02,1b932adc5d331a40,auto-detected
F001802,P064,W13,aria-allowed-role,,,minor,5,#splide_layanan_publik-slide03,5888e9ccdd6a99c0,auto-detected
F001803,P064,W13,aria-allowed-role,,,minor,5,#splide_home_carousel-slide01,2c136638f5a0792d,auto-detected
F001804,P064,W13,aria-allowed-role,,,minor,5,#splide_home_carousel-slide02,c46736e06ad3add3,auto-detected
F001805,P064,W13,button-name,4.1.2,A,critical,1,#toggle,9888326c8465196d,auto-detected
F001806,P064,W13,color-contrast,1.4.3,AA,serious,13,#tab-publik > .px-\[25px\].py-\[30px\].border > .gap-y-8.flex-col.flex > .gap-y-2.flex-col.flex:nth-child(1) > .text-\[\#798ba5\].font-light.sm\:text-sm > div:nth-child(1),136db6d69a6df092,auto-detected
F001807,P064,W13,color-contrast,1.4.3,AA,serious,13,#tab-publik > .px-\[25px\].py-\[30px\].border > .gap-y-8.flex-col.flex > .gap-y-2.flex-col.flex:nth-child(1) > .text-\[\#798ba5\].font-light.sm\:text-sm > div:nth-child(3),70946cd3fa25dac4,auto-detected
F001808,P064,W13,color-contrast,1.4.3,AA,serious,13,#tab-publik > .px-\[25px\].py-\[30px\].border > .gap-y-8.flex-col.flex > .gap-y-2.flex-col.flex:nth-child(2) > .text-\[\#798ba5\].font-light.sm\:text-sm > div:nth-child(1),edaac857f8b29f12,auto-detected
F001809,P064,W13,color-contrast,1.4.3,AA,serious,13,#tab-publik > .px-\[25px\].py-\[30px\].border > .gap-y-8.flex-col.flex > .gap-y-2.flex-col.flex:nth-child(2) > .text-\[\#798ba5\].font-light.sm\:text-sm > div:nth-child(3),8d6441c10b7949d9,auto-detected
F001810,P064,W13,color-contrast,1.4.3,AA,serious,13,#tab-publik > .px-\[25px\].py-\[30px\].border > .gap-y-8.flex-col.flex > .gap-y-2.flex-col.flex:nth-child(3) > .text-\[\#798ba5\].font-light.sm\:text-sm > div:nth-child(1),7944899288de7f01,auto-detected
F001811,P064,W13,color-contrast,1.4.3,AA,serious,13,#tab-publik > .px-\[25px\].py-\[30px\].border > .gap-y-8.flex-col.flex > .gap-y-2.flex-col.flex:nth-child(3) > .text-\[\#798ba5\].font-light.sm\:text-sm > div:nth-child(3),2443a96cee2aa645,auto-detected
F001812,P064,W13,color-contrast,1.4.3,AA,serious,13,#tab-publik > .px-\[25px\].py-\[30px\].border > .gap-y-8.flex-col.flex > .gap-y-2.flex-col.flex:nth-child(4) > .text-\[\#798ba5\].font-light.sm\:text-sm > div:nth-child(1),33dca7990f98daf5,auto-detected
F001813,P064,W13,color-contrast,1.4.3,AA,serious,13,#tab-publik > .px-\[25px\].py-\[30px\].border > .gap-y-8.flex-col.flex > .gap-y-2.flex-col.flex:nth-child(4) > .text-\[\#798ba5\].font-light.sm\:text-sm > div:nth-child(3),3601f7a3d40be00c,auto-detected
F001814,P064,W13,color-contrast,1.4.3,AA,serious,13,#tab-publik > .px-\[25px\].py-\[30px\].border > .gap-y-8.flex-col.flex > .gap-y-2.flex-col.flex:nth-child(5) > .text-\[\#798ba5\].font-light.sm\:text-sm > div:nth-child(1),b43ddc7282a138c7,auto-detected
F001815,P064,W13,color-contrast,1.4.3,AA,serious,13,#tab-publik > .px-\[25px\].py-\[30px\].border > .gap-y-8.flex-col.flex > .gap-y-2.flex-col.flex:nth-child(5) > .text-\[\#798ba5\].font-light.sm\:text-sm > div:nth-child(3),cff4986261a73131,auto-detected
F001816,P064,W13,color-contrast,1.4.3,AA,serious,13,#tab-publik > .px-\[25px\].py-\[30px\].border > .gap-y-8.flex-col.flex > .gap-y-2.flex-col.flex:nth-child(6) > .text-\[\#798ba5\].font-light.sm\:text-sm > div:nth-child(1),22078617eff3e9c5,auto-detected
F001817,P064,W13,color-contrast,1.4.3,AA,serious,13,#tab-publik > .px-\[25px\].py-\[30px\].border > .gap-y-8.flex-col.flex > .gap-y-2.flex-col.flex:nth-child(6) > .text-\[\#798ba5\].font-light.sm\:text-sm > div:nth-child(3),fb334c6b5210f984,auto-detected
F001818,P064,W13,color-contrast,1.4.3,AA,serious,13,.jtg-laporgub-menu-trigger > span,6a996d225195d1cf,auto-detected
F001819,P064,W13,heading-order,,,moderate,1,.sm\:mb-0.mb-8.gap-y-2:nth-child(1) > .gap-x-2.flex-row.items-center > h4,d09dcd991e57e570,auto-detected
F001820,P064,W13,image-alt,1.1.1,A,critical,12,#popupimage,9440826ddd2079c5,auto-detected
F001821,P064,W13,image-alt,1.1.1,A,critical,12,.gap-y-4.hover\:bg-\[\#f8913a\].sm\:my-0:nth-child(1) > div:nth-child(1) > img,5fd3eeaf646ec304,auto-detected
F001822,P064,W13,image-alt,1.1.1,A,critical,12,.gap-y-4.hover\:bg-\[\#f8913a\].sm\:my-0:nth-child(2) > div:nth-child(1) > img,e8aa08c50cdd6884,auto-detected
F001823,P064,W13,image-alt,1.1.1,A,critical,12,"a[href$=""jdih.jatengprov.go.id/""] > div:nth-child(1) > img",68babc4c190f1332,auto-detected
F001824,P064,W13,image-alt,1.1.1,A,critical,12,.gap-y-4.hover\:bg-\[\#f8913a\].sm\:my-0:nth-child(4) > div:nth-child(1) > img,9a192fc04723509a,auto-detected
F001825,P064,W13,image-alt,1.1.1,A,critical,12,.gap-y-4.hover\:bg-\[\#f8913a\].sm\:my-0:nth-child(5) > div:nth-child(1) > img,7baaacceeb2aafb4,auto-detected
F001826,P064,W13,image-alt,1.1.1,A,critical,12,"a[href$=""ppid.jatengprov.go.id""] > div:nth-child(1) > img",8a883a0d872bca56,auto-detected
F001827,P064,W13,image-alt,1.1.1,A,critical,12,.gap-y-4.hover\:bg-\[\#f8913a\].sm\:my-0:nth-child(8) > div:nth-child(1) > img,7cc38d5110631d81,auto-detected
F001828,P064,W13,image-alt,1.1.1,A,critical,12,"a[href$=""hargajateng.org/""] > div:nth-child(1) > img",86cf2083104866ea,auto-detected
F001829,P064,W13,image-alt,1.1.1,A,critical,12,.gap-y-4.hover\:bg-\[\#f8913a\].sm\:my-0:nth-child(10) > div:nth-child(1) > img,4f8e37013bb099b7,auto-detected
F001830,P064,W13,image-alt,1.1.1,A,critical,12,.w-\[150px\],ee14f95cf0d50672,auto-detected
F001831,P064,W13,image-alt,1.1.1,A,critical,12,.h-\[120px\],f65ccac8eab22f16,auto-detected
F001832,P064,W13,link-name,2.4.4;4.1.2,A,serious,11,"#splide_layanan_publik-slide01 > .card.hover\:bg-\[\#e3e4e5\].m-2 > .ml-auto.group[target=""_blank""]",291952531be3f291,auto-detected
F001833,P064,W13,link-name,2.4.4;4.1.2,A,serious,11,"#splide_layanan_publik-slide02 > .card.hover\:bg-\[\#e3e4e5\].m-2 > .ml-auto.group[target=""_blank""]",7ec9d8765b2bb9ed,auto-detected
F001834,P064,W13,link-name,2.4.4;4.1.2,A,serious,11,"#splide_layanan_publik-slide03 > .card.hover\:bg-\[\#e3e4e5\].m-2 > .ml-auto.group[target=""_blank""]",43b75b92c865ce24,auto-detected
F001835,P064,W13,link-name,2.4.4;4.1.2,A,serious,11,#splide_home_carousel-slide01 > a,855bc49cc2a28592,auto-detected
F001836,P064,W13,link-name,2.4.4;4.1.2,A,serious,11,#splide_home_carousel-slide02 > a,6bc1064668c5852c,auto-detected
F001837,P064,W13,link-name,2.4.4;4.1.2,A,serious,11,.sm\:mb-0.mb-8.gap-y-2:nth-child(4) > .gap-x-4.flex-row.flex > .hover\:-mt-2.transition-all:nth-child(1),932a8eb161006744,auto-detected
F001838,P064,W13,link-name,2.4.4;4.1.2,A,serious,11,"a[href$=""kominfo_jtg""]",ccd6beee8211f01c,auto-detected
F001839,P064,W13,link-name,2.4.4;4.1.2,A,serious,11,.hover\:-mt-2.transition-all:nth-child(3),fb54cf6d49dfdf5a,auto-detected
F001840,P064,W13,link-name,2.4.4;4.1.2,A,serious,11,.hover\:-mt-2.transition-all:nth-child(4),5a1e028b00adc71b,auto-detected
F001841,P064,W13,link-name,2.4.4;4.1.2,A,serious,11,.sm\:mb-0.mb-8.gap-y-2:nth-child(5) > .gap-x-4.flex-row.flex > .hover\:-mt-2.transition-all:nth-child(1),1d979d99d29de24c,auto-detected
F001842,P064,W13,link-name,2.4.4;4.1.2,A,serious,11,.sm\:mb-0.mb-8.gap-y-2:nth-child(5) > .gap-x-4.flex-row.flex > .hover\:-mt-2.transition-all:nth-child(2),4f595e54f27c87c6,auto-detected
F001843,P064,W13,region,,,moderate,63,#pojo-a11y-skip-content,74eb0bc1d8d8442f,auto-detected
F001844,P064,W13,region,,,moderate,63,#popupimage,dff9bdbaa9fd2abc,auto-detected
F001845,P064,W13,region,,,moderate,63,#popupinfo,82911f07ad4dc38a,auto-detected
F001846,P064,W13,region,,,moderate,63,#popupclose > span,a76a82fb5b7eaafc,auto-detected
F001847,P064,W13,region,,,moderate,63,#hero-slider,a4b693c5b3021f3b,auto-detected
F001848,P064,W13,region,,,moderate,63,.hero-head,aef206cc0204f64a,auto-detected
F001849,P064,W13,region,,,moderate,63,#key-search,35419b7100e990bc,auto-detected
F001850,P064,W13,region,,,moderate,63,.sm\:gap-y-0.mt-4.sm\:flex-row,19d152f63db6867a,auto-detected
F001851,P064,W13,region,,,moderate,63,.home-layanan-publik > .gap-x-6.head.flex-row,ae2b099d360eb0cd,auto-detected
F001852,P064,W13,region,,,moderate,63,.gap-x-6.head.justify-between,893f9becf526f515,auto-detected
F001853,P064,W13,region,,,moderate,63,.-ml-\[12px\],ddaf4efe0b7c9760,auto-detected
F001854,P064,W13,region,,,moderate,63,#tab-publik > .col-span-2.gap-y-6.flex-col > .sm\:h-\[485px\].h-\[300px\].overflow-hidden > .items-end.p-6.z-10 > .gap-y-2.flex-col.flex > .sm\:text-sm.text-\[11px\].gap-x-2 > div:nth-child(1),0271b3463f25baf1,auto-detected
F001855,P064,W13,region,,,moderate,63,#tab-publik > .col-span-2.gap-y-6.flex-col > .sm\:h-\[485px\].h-\[300px\].overflow-hidden > .items-end.p-6.z-10 > .gap-y-2.flex-col.flex > .sm\:text-sm.text-\[11px\].gap-x-2 > div:nth-child(3),5c31acc11ec5fd72,auto-detected
F001856,P064,W13,region,,,moderate,63,#tab-publik > .col-span-2.gap-y-6.flex-col > .sm\:h-\[485px\].h-\[300px\].overflow-hidden > .items-end.p-6.z-10 > .gap-y-2.flex-col.flex > .sm\:text-2xl.text-md.font-black,e08afd3ed1476b25,auto-detected
F001857,P064,W13,region,,,moderate,63,#tab-publik > .col-span-2.gap-y-6.flex-col > .md\:grid-cols-2.md\:grid.gap-6 > .bg-black.h-\[230px\].overflow-hidden:nth-child(1) > .items-end.p-6.z-10 > .gap-y-2.flex-col.flex > .sm\:text-sm.text-\[11px\].gap-x-2 > div:nth-child(1),6e89d957adf0bce4,auto-detected
F001858,P064,W13,region,,,moderate,63,#tab-publik > .col-span-2.gap-y-6.flex-col > .md\:grid-cols-2.md\:grid.gap-6 > .bg-black.h-\[230px\].overflow-hidden:nth-child(1) > .items-end.p-6.z-10 > .gap-y-2.flex-col.flex > .sm\:text-sm.text-\[11px\].gap-x-2 > div:nth-child(3),463b5bc129409909,auto-detected
F001859,P064,W13,region,,,moderate,63,#tab-publik > .col-span-2.gap-y-6.flex-col > .md\:grid-cols-2.md\:grid.gap-6 > .bg-black.h-\[230px\].overflow-hidden:nth-child(1) > .items-end.p-6.z-10 > .gap-y-2.flex-col.flex > .font-black.sm\:text-xl.hover\:text-\[\#f8913a\],12d12d1a0d53327a,auto-detected
F001860,P064,W13,region,,,moderate,63,#tab-publik > .col-span-2.gap-y-6.flex-col > .md\:grid-cols-2.md\:grid.gap-6 > .bg-black.h-\[230px\].overflow-hidden:nth-child(2) > .items-end.p-6.z-10 > .gap-y-2.flex-col.flex > .sm\:text-sm.text-\[11px\].gap-x-2 > div:nth-child(1),f839e760c86c2a78,auto-detected
F001861,P064,W13,region,,,moderate,63,#tab-publik > .col-span-2.gap-y-6.flex-col > .md\:grid-cols-2.md\:grid.gap-6 > .bg-black.h-\[230px\].overflow-hidden:nth-child(2) > .items-end.p-6.z-10 > .gap-y-2.flex-col.flex > .sm\:text-sm.text-\[11px\].gap-x-2 > div:nth-child(3),b89b8fd3014e40f4,auto-detected
F001862,P064,W13,region,,,moderate,63,#tab-publik > .col-span-2.gap-y-6.flex-col > .md\:grid-cols-2.md\:grid.gap-6 > .bg-black.h-\[230px\].overflow-hidden:nth-child(2) > .items-end.p-6.z-10 > .gap-y-2.flex-col.flex > .font-black.sm\:text-xl.hover\:text-\[\#f8913a\],af4c6d2fe0e440f7,auto-detected
F001863,P064,W13,region,,,moderate,63,#tab-publik > .px-\[25px\].py-\[30px\].border > .gap-y-8.flex-col.flex > .gap-y-2.flex-col.flex:nth-child(1) > .leading-\[1\.2\].font-normal.sm\:text-xl,0fbf1caad6ade95b,auto-detected
F001864,P064,W13,region,,,moderate,63,#tab-publik > .px-\[25px\].py-\[30px\].border > .gap-y-8.flex-col.flex > .gap-y-2.flex-col.flex:nth-child(1) > .text-\[\#798ba5\].font-light.sm\:text-sm > div:nth-child(1),2805642832453ce8,auto-detected
F001865,P064,W13,region,,,moderate,63,#tab-publik > .px-\[25px\].py-\[30px\].border > .gap-y-8.flex-col.flex > .gap-y-2.flex-col.flex:nth-child(1) > .text-\[\#798ba5\].font-light.sm\:text-sm > div:nth-child(3),a6ccf142921c485f,auto-detected
F001866,P064,W13,region,,,moderate,63,#tab-publik > .px-\[25px\].py-\[30px\].border > .gap-y-8.flex-col.flex > .gap-y-2.flex-col.flex:nth-child(2) > .leading-\[1\.2\].font-normal.sm\:text-xl,992562e859233125,auto-detected
F001867,P064,W13,region,,,moderate,63,#tab-publik > .px-\[25px\].py-\[30px\].border > .gap-y-8.flex-col.flex > .gap-y-2.flex-col.flex:nth-child(2) > .text-\[\#798ba5\].font-light.sm\:text-sm > div:nth-child(1),67d46cc26461dc0c,auto-detected
F001868,P064,W13,region,,,moderate,63,#tab-publik > .px-\[25px\].py-\[30px\].border > .gap-y-8.flex-col.flex > .gap-y-2.flex-col.flex:nth-child(2) > .text-\[\#798ba5\].font-light.sm\:text-sm > div:nth-child(3),5e9c9de47e7c6ed9,auto-detected
F001869,P064,W13,region,,,moderate,63,#tab-publik > .px-\[25px\].py-\[30px\].border > .gap-y-8.flex-col.flex > .gap-y-2.flex-col.flex:nth-child(3) > .leading-\[1\.2\].font-normal.sm\:text-xl,73616bd06c0ee579,auto-detected
F001870,P064,W13,region,,,moderate,63,#tab-publik > .px-\[25px\].py-\[30px\].border > .gap-y-8.flex-col.flex > .gap-y-2.flex-col.flex:nth-child(3) > .text-\[\#798ba5\].font-light.sm\:text-sm > div:nth-child(1),76d9cd82f7afe00c,auto-detected
F001871,P064,W13,region,,,moderate,63,#tab-publik > .px-\[25px\].py-\[30px\].border > .gap-y-8.flex-col.flex > .gap-y-2.flex-col.flex:nth-child(3) > .text-\[\#798ba5\].font-light.sm\:text-sm > div:nth-child(3),40afff9c8b3d4699,auto-detected
F001872,P064,W13,region,,,moderate,63,#tab-publik > .px-\[25px\].py-\[30px\].border > .gap-y-8.flex-col.flex > .gap-y-2.flex-col.flex:nth-child(4) > .leading-\[1\.2\].font-normal.sm\:text-xl,b50b1eae9cc7361f,auto-detected
F001873,P064,W13,region,,,moderate,63,#tab-publik > .px-\[25px\].py-\[30px\].border > .gap-y-8.flex-col.flex > .gap-y-2.flex-col.flex:nth-child(4) > .text-\[\#798ba5\].font-light.sm\:text-sm > div:nth-child(1),8ce20978d864ef9e,auto-detected
F001874,P064,W13,region,,,moderate,63,#tab-publik > .px-\[25px\].py-\[30px\].border > .gap-y-8.flex-col.flex > .gap-y-2.flex-col.flex:nth-child(4) > .text-\[\#798ba5\].font-light.sm\:text-sm > div:nth-child(3),73c99add2a106051,auto-detected
F001875,P064,W13,region,,,moderate,63,#tab-publik > .px-\[25px\].py-\[30px\].border > .gap-y-8.flex-col.flex > .gap-y-2.flex-col.flex:nth-child(5) > .leading-\[1\.2\].font-normal.sm\:text-xl,bface5e8c6636dbf,auto-detected
F001876,P064,W13,region,,,moderate,63,#tab-publik > .px-\[25px\].py-\[30px\].border > .gap-y-8.flex-col.flex > .gap-y-2.flex-col.flex:nth-child(5) > .text-\[\#798ba5\].font-light.sm\:text-sm > div:nth-child(1),a8b48b83fc6feff3,auto-detected
F001877,P064,W13,region,,,moderate,63,#tab-publik > .px-\[25px\].py-\[30px\].border > .gap-y-8.flex-col.flex > .gap-y-2.flex-col.flex:nth-child(5) > .text-\[\#798ba5\].font-light.sm\:text-sm > div:nth-child(3),37f0d67fbf22237e,auto-detected
F001878,P064,W13,region,,,moderate,63,#tab-publik > .px-\[25px\].py-\[30px\].border > .gap-y-8.flex-col.flex > .gap-y-2.flex-col.flex:nth-child(6) > .leading-\[1\.2\].font-normal.sm\:text-xl,d206db1b434568aa,auto-detected
F001879,P064,W13,region,,,moderate,63,#tab-publik > .px-\[25px\].py-\[30px\].border > .gap-y-8.flex-col.flex > .gap-y-2.flex-col.flex:nth-child(6) > .text-\[\#798ba5\].font-light.sm\:text-sm > div:nth-child(1),f3cf12f27b101d5b,auto-detected
F001880,P064,W13,region,,,moderate,63,#tab-publik > .px-\[25px\].py-\[30px\].border > .gap-y-8.flex-col.flex > .gap-y-2.flex-col.flex:nth-child(6) > .text-\[\#798ba5\].font-light.sm\:text-sm > div:nth-child(3),8ded11f9f9eb7c46,auto-detected
F001881,P064,W13,region,,,moderate,63,.md\:flex-row,d3e602c46c2c5e15,auto-detected
F001882,P064,W13,region,,,moderate,63,div:nth-child(1) > .bg-\[\#ffffff\].bg-black.h-\[230px\] > .items-end.p-6.z-10 > .gap-y-2.flex-col.flex > .sm\:text-sm.text-\[11px\].gap-x-2 > div:nth-child(1),b68478522860c437,auto-detected
F001883,P064,W13,region,,,moderate,63,div:nth-child(1) > .bg-\[\#ffffff\].bg-black.h-\[230px\] > .items-end.p-6.z-10 > .gap-y-2.flex-col.flex > .sm\:text-sm.text-\[11px\].gap-x-2 > div:nth-child(3),4612579dae083b1e,auto-detected
F001884,P064,W13,region,,,moderate,63,div:nth-child(1) > .bg-\[\#ffffff\].bg-black.h-\[230px\] > .items-end.p-6.z-10 > .gap-y-2.flex-col.flex > .font-black.sm\:text-xl.hover\:text-\[\#f8913a\],52382ef21e2bb305,auto-detected
F001885,P064,W13,region,,,moderate,63,div:nth-child(2) > .bg-\[\#ffffff\].bg-black.h-\[230px\] > .items-end.p-6.z-10 > .gap-y-2.flex-col.flex > .sm\:text-sm.text-\[11px\].gap-x-2 > div:nth-child(1),36fa0b273a3bfe3a,auto-detected
F001886,P064,W13,region,,,moderate,63,div:nth-child(2) > .bg-\[\#ffffff\].bg-black.h-\[230px\] > .items-end.p-6.z-10 > .gap-y-2.flex-col.flex > .sm\:text-sm.text-\[11px\].gap-x-2 > div:nth-child(3),2eaaa04b81de16fd,auto-detected
F001887,P064,W13,region,,,moderate,63,div:nth-child(2) > .bg-\[\#ffffff\].bg-black.h-\[230px\] > .items-end.p-6.z-10 > .gap-y-2.flex-col.flex > .font-black.sm\:text-xl.hover\:text-\[\#f8913a\],a1082429a1caaef2,auto-detected
F001888,P064,W13,region,,,moderate,63,.bg-white\/70,8d14b4a13cd35eea,auto-detected
F001889,P064,W13,region,,,moderate,63,.jtg-laporgub-menu-trigger > span,235efb4a842c1a8d,auto-detected
F001890,P064,W13,region,,,moderate,63,.mb-10,3b6d0f4d3901db2a,auto-detected
F001891,P064,W13,region,,,moderate,63,.gap-y-4.hover\:bg-\[\#f8913a\].sm\:my-0:nth-child(1),07ef372025ce167c,auto-detected
F001892,P064,W13,region,,,moderate,63,.gap-y-4.hover\:bg-\[\#f8913a\].sm\:my-0:nth-child(2),4883e0cb7445a949,auto-detected
F001893,P064,W13,region,,,moderate,63,"a[href$=""jdih.jatengprov.go.id/""]",228bb28b223712b9,auto-detected
F001894,P064,W13,region,,,moderate,63,.gap-y-4.hover\:bg-\[\#f8913a\].sm\:my-0:nth-child(4),97d5dc415bdbfa0a,auto-detected
F001895,P064,W13,region,,,moderate,63,.gap-y-4.hover\:bg-\[\#f8913a\].sm\:my-0:nth-child(5),33efd9aae864c16a,auto-detected
F001896,P064,W13,region,,,moderate,63,"a[href$=""ppid.jatengprov.go.id""]",d1aebce98f668004,auto-detected
F001897,P064,W13,region,,,moderate,63,.text-lg,0fc58b0ac969f1ce,auto-detected
F001898,P064,W13,region,,,moderate,63,.gap-y-4.hover\:bg-\[\#f8913a\].sm\:my-0:nth-child(8),7f01ed51f38b6e1c,auto-detected
F001899,P064,W13,region,,,moderate,63,"a[href$=""hargajateng.org/""]",36d25441a55ae613,auto-detected
F001900,P064,W13,region,,,moderate,63,.gap-y-4.hover\:bg-\[\#f8913a\].sm\:my-0:nth-child(10),8993a1f5192fb16c,auto-detected
F001901,P064,W13,region,,,moderate,63,.shrink-0,4c9dae3db1490cb0,auto-detected
F001902,P064,W13,region,,,moderate,63,#padhang-mascot-typing,5933b55865935668,auto-detected
F001903,P064,W13,region,,,moderate,63,#header-widget-radio,badadc1ba4d1a788,auto-detected
F001904,P064,W13,region,,,moderate,63,#visualizer,4c0228eb200f9b5a,auto-detected
F001905,P064,W13,region,,,moderate,63,#textrunning,4356150207ec38d0,auto-detected
F001906,P064,W13,skip-link,,,moderate,1,#pojo-a11y-skip-content,1b81f175bccf8d25,auto-detected
F001907,P064,W13,tabindex,,,serious,1,#pojo-a11y-skip-content,012868212489e98d,auto-detected
F001908,P065,W13,aria-allowed-role,,,minor,5,#splide_layanan_publik-slide01,e5b016686af9c9dd,auto-detected
F001909,P065,W13,aria-allowed-role,,,minor,5,#splide_layanan_publik-slide02,767a112c1ef3e3e7,auto-detected
F001910,P065,W13,aria-allowed-role,,,minor,5,#splide_layanan_publik-slide03,4851344fbad805bf,auto-detected
F001911,P065,W13,aria-allowed-role,,,minor,5,#splide_home_carousel-slide01,445538c81d1c6734,auto-detected
F001912,P065,W13,aria-allowed-role,,,minor,5,#splide_home_carousel-slide02,e373a855b1515dd6,auto-detected
F001913,P065,W13,button-name,4.1.2,A,critical,1,#toggle,52b1ef26cf44e676,auto-detected
F001914,P065,W13,color-contrast,1.4.3,AA,serious,12,#tab-publik > .px-\[25px\].py-\[30px\].border > .gap-y-8.flex-col.flex > .gap-y-2.flex-col.flex:nth-child(1) > .text-\[\#798ba5\].font-light.sm\:text-sm > div:nth-child(1),f4b02f87902cfe2b,auto-detected
F001915,P065,W13,color-contrast,1.4.3,AA,serious,12,#tab-publik > .px-\[25px\].py-\[30px\].border > .gap-y-8.flex-col.flex > .gap-y-2.flex-col.flex:nth-child(1) > .text-\[\#798ba5\].font-light.sm\:text-sm > div:nth-child(3),7182c3df8370fa28,auto-detected
F001916,P065,W13,color-contrast,1.4.3,AA,serious,12,#tab-publik > .px-\[25px\].py-\[30px\].border > .gap-y-8.flex-col.flex > .gap-y-2.flex-col.flex:nth-child(2) > .text-\[\#798ba5\].font-light.sm\:text-sm > div:nth-child(1),9a7a5141edd0b313,auto-detected
F001917,P065,W13,color-contrast,1.4.3,AA,serious,12,#tab-publik > .px-\[25px\].py-\[30px\].border > .gap-y-8.flex-col.flex > .gap-y-2.flex-col.flex:nth-child(2) > .text-\[\#798ba5\].font-light.sm\:text-sm > div:nth-child(3),97fcbd8de9aa6bba,auto-detected
F001918,P065,W13,color-contrast,1.4.3,AA,serious,12,#tab-publik > .px-\[25px\].py-\[30px\].border > .gap-y-8.flex-col.flex > .gap-y-2.flex-col.flex:nth-child(3) > .text-\[\#798ba5\].font-light.sm\:text-sm > div:nth-child(1),a53e4ba61da73150,auto-detected
F001919,P065,W13,color-contrast,1.4.3,AA,serious,12,#tab-publik > .px-\[25px\].py-\[30px\].border > .gap-y-8.flex-col.flex > .gap-y-2.flex-col.flex:nth-child(3) > .text-\[\#798ba5\].font-light.sm\:text-sm > div:nth-child(3),6bfc3fbd5dfc8d14,auto-detected
F001920,P065,W13,color-contrast,1.4.3,AA,serious,12,#tab-publik > .px-\[25px\].py-\[30px\].border > .gap-y-8.flex-col.flex > .gap-y-2.flex-col.flex:nth-child(4) > .text-\[\#798ba5\].font-light.sm\:text-sm > div:nth-child(1),aee316b35980fd43,auto-detected
F001921,P065,W13,color-contrast,1.4.3,AA,serious,12,#tab-publik > .px-\[25px\].py-\[30px\].border > .gap-y-8.flex-col.flex > .gap-y-2.flex-col.flex:nth-child(4) > .text-\[\#798ba5\].font-light.sm\:text-sm > div:nth-child(3),3333c3aefe59b76f,auto-detected
F001922,P065,W13,color-contrast,1.4.3,AA,serious,12,#tab-publik > .px-\[25px\].py-\[30px\].border > .gap-y-8.flex-col.flex > .gap-y-2.flex-col.flex:nth-child(5) > .text-\[\#798ba5\].font-light.sm\:text-sm > div:nth-child(1),6b6bb8d787741410,auto-detected
F001923,P065,W13,color-contrast,1.4.3,AA,serious,12,#tab-publik > .px-\[25px\].py-\[30px\].border > .gap-y-8.flex-col.flex > .gap-y-2.flex-col.flex:nth-child(5) > .text-\[\#798ba5\].font-light.sm\:text-sm > div:nth-child(3),258f0265f8c2d727,auto-detected
F001924,P065,W13,color-contrast,1.4.3,AA,serious,12,#tab-publik > .px-\[25px\].py-\[30px\].border > .gap-y-8.flex-col.flex > .gap-y-2.flex-col.flex:nth-child(6) > .text-\[\#798ba5\].font-light.sm\:text-sm > div:nth-child(1),01170c00f730659a,auto-detected
F001925,P065,W13,color-contrast,1.4.3,AA,serious,12,#tab-publik > .px-\[25px\].py-\[30px\].border > .gap-y-8.flex-col.flex > .gap-y-2.flex-col.flex:nth-child(6) > .text-\[\#798ba5\].font-light.sm\:text-sm > div:nth-child(3),4b2016303fa6e5eb,auto-detected
F001926,P065,W13,heading-order,,,moderate,1,.sm\:mb-0.mb-8.gap-y-2:nth-child(1) > .gap-x-2.flex-row.items-center > h4,d1753126281e81fe,auto-detected
F001927,P065,W13,image-alt,1.1.1,A,critical,12,#popupimage,e99f548d2ed8f033,auto-detected
F001928,P065,W13,image-alt,1.1.1,A,critical,12,.gap-y-4.hover\:bg-\[\#f8913a\].sm\:my-0:nth-child(1) > div:nth-child(1) > img,a212cc4c650b25d3,auto-detected
F001929,P065,W13,image-alt,1.1.1,A,critical,12,.gap-y-4.hover\:bg-\[\#f8913a\].sm\:my-0:nth-child(2) > div:nth-child(1) > img,dc6240dd0df4db2e,auto-detected
F001930,P065,W13,image-alt,1.1.1,A,critical,12,"a[href$=""jdih.jatengprov.go.id/""] > div:nth-child(1) > img",41be07a1badb3c57,auto-detected
F001931,P065,W13,image-alt,1.1.1,A,critical,12,.gap-y-4.hover\:bg-\[\#f8913a\].sm\:my-0:nth-child(4) > div:nth-child(1) > img,41a22e8d3233d5e8,auto-detected
F001932,P065,W13,image-alt,1.1.1,A,critical,12,.gap-y-4.hover\:bg-\[\#f8913a\].sm\:my-0:nth-child(5) > div:nth-child(1) > img,911adb813e99c3a6,auto-detected
F001933,P065,W13,image-alt,1.1.1,A,critical,12,"a[href$=""ppid.jatengprov.go.id""] > div:nth-child(1) > img",baa643748b786607,auto-detected
F001934,P065,W13,image-alt,1.1.1,A,critical,12,.gap-y-4.hover\:bg-\[\#f8913a\].sm\:my-0:nth-child(8) > div:nth-child(1) > img,c3ad492e92ed14f7,auto-detected
F001935,P065,W13,image-alt,1.1.1,A,critical,12,"a[href$=""hargajateng.org/""] > div:nth-child(1) > img",925f335a1ea4808c,auto-detected
F001936,P065,W13,image-alt,1.1.1,A,critical,12,.gap-y-4.hover\:bg-\[\#f8913a\].sm\:my-0:nth-child(10) > div:nth-child(1) > img,9522b3b20df03a98,auto-detected
F001937,P065,W13,image-alt,1.1.1,A,critical,12,.w-\[150px\],3d5c635d28ee9975,auto-detected
F001938,P065,W13,image-alt,1.1.1,A,critical,12,.h-\[120px\],fd53831e0ef0cf48,auto-detected
F001939,P065,W13,link-name,2.4.4;4.1.2,A,serious,11,"#splide_layanan_publik-slide01 > .card.hover\:bg-\[\#e3e4e5\].m-2 > .ml-auto.group[target=""_blank""]",ed508cd9764892fb,auto-detected
F001940,P065,W13,link-name,2.4.4;4.1.2,A,serious,11,"#splide_layanan_publik-slide02 > .card.hover\:bg-\[\#e3e4e5\].m-2 > .ml-auto.group[target=""_blank""]",ccda45083e39c793,auto-detected
F001941,P065,W13,link-name,2.4.4;4.1.2,A,serious,11,"#splide_layanan_publik-slide03 > .card.hover\:bg-\[\#e3e4e5\].m-2 > .ml-auto.group[target=""_blank""]",1f35d87cd1ce1aa3,auto-detected
F001942,P065,W13,link-name,2.4.4;4.1.2,A,serious,11,#splide_home_carousel-slide01 > a,8828fa44a64be366,auto-detected
F001943,P065,W13,link-name,2.4.4;4.1.2,A,serious,11,#splide_home_carousel-slide02 > a,6a35f0471cde5dec,auto-detected
F001944,P065,W13,link-name,2.4.4;4.1.2,A,serious,11,.sm\:mb-0.mb-8.gap-y-2:nth-child(4) > .gap-x-4.flex-row.flex > .hover\:-mt-2.transition-all:nth-child(1),3340525ad6b6cec6,auto-detected
F001945,P065,W13,link-name,2.4.4;4.1.2,A,serious,11,"a[href$=""kominfo_jtg""]",0b0ce52384984a27,auto-detected
F001946,P065,W13,link-name,2.4.4;4.1.2,A,serious,11,.hover\:-mt-2.transition-all:nth-child(3),e2bccc454bbb8563,auto-detected
F001947,P065,W13,link-name,2.4.4;4.1.2,A,serious,11,.hover\:-mt-2.transition-all:nth-child(4),e59bf6ddca2d8276,auto-detected
F001948,P065,W13,link-name,2.4.4;4.1.2,A,serious,11,.sm\:mb-0.mb-8.gap-y-2:nth-child(5) > .gap-x-4.flex-row.flex > .hover\:-mt-2.transition-all:nth-child(1),07742d118baedbc7,auto-detected
F001949,P065,W13,link-name,2.4.4;4.1.2,A,serious,11,.sm\:mb-0.mb-8.gap-y-2:nth-child(5) > .gap-x-4.flex-row.flex > .hover\:-mt-2.transition-all:nth-child(2),0bfee35a2fd57bec,auto-detected
F001950,P065,W13,region,,,moderate,63,#pojo-a11y-skip-content,995cb10a2aa0c18a,auto-detected
F001951,P065,W13,region,,,moderate,63,#popupimage,0253d70371a3f674,auto-detected
F001952,P065,W13,region,,,moderate,63,#popupinfo,414495bb3e1e2e31,auto-detected
F001953,P065,W13,region,,,moderate,63,#popupclose > span,7c113fe8f9fdda51,auto-detected
F001954,P065,W13,region,,,moderate,63,#hero-slider,25a0238ec90ee588,auto-detected
F001955,P065,W13,region,,,moderate,63,.hero-head,279b875eeae494f0,auto-detected
F001956,P065,W13,region,,,moderate,63,#key-search,641556ca68885aa6,auto-detected
F001957,P065,W13,region,,,moderate,63,.sm\:gap-y-0.mt-4.sm\:flex-row,61ef9dbf094e3980,auto-detected
F001958,P065,W13,region,,,moderate,63,.home-layanan-publik > .gap-x-6.head.flex-row,5458493b1f90c486,auto-detected
F001959,P065,W13,region,,,moderate,63,.gap-x-6.head.justify-between,9a8d6eee755ed2a7,auto-detected
F001960,P065,W13,region,,,moderate,63,.-ml-\[12px\],65fed856127098c6,auto-detected
F001961,P065,W13,region,,,moderate,63,#tab-publik > .col-span-2.gap-y-6.flex-col > .sm\:h-\[485px\].h-\[300px\].overflow-hidden > .items-end.p-6.z-10 > .gap-y-2.flex-col.flex > .sm\:text-sm.text-\[11px\].gap-x-2 > div:nth-child(1),a46a552f0e456177,auto-detected
F001962,P065,W13,region,,,moderate,63,#tab-publik > .col-span-2.gap-y-6.flex-col > .sm\:h-\[485px\].h-\[300px\].overflow-hidden > .items-end.p-6.z-10 > .gap-y-2.flex-col.flex > .sm\:text-sm.text-\[11px\].gap-x-2 > div:nth-child(3),d19c58264df8b37c,auto-detected
F001963,P065,W13,region,,,moderate,63,#tab-publik > .col-span-2.gap-y-6.flex-col > .sm\:h-\[485px\].h-\[300px\].overflow-hidden > .items-end.p-6.z-10 > .gap-y-2.flex-col.flex > .sm\:text-2xl.text-md.font-black,0355d85ef3ef00e8,auto-detected
F001964,P065,W13,region,,,moderate,63,#tab-publik > .col-span-2.gap-y-6.flex-col > .md\:grid-cols-2.md\:grid.gap-6 > .bg-black.h-\[230px\].overflow-hidden:nth-child(1) > .items-end.p-6.z-10 > .gap-y-2.flex-col.flex > .sm\:text-sm.text-\[11px\].gap-x-2 > div:nth-child(1),93424ffa7674ed05,auto-detected
F001965,P065,W13,region,,,moderate,63,#tab-publik > .col-span-2.gap-y-6.flex-col > .md\:grid-cols-2.md\:grid.gap-6 > .bg-black.h-\[230px\].overflow-hidden:nth-child(1) > .items-end.p-6.z-10 > .gap-y-2.flex-col.flex > .sm\:text-sm.text-\[11px\].gap-x-2 > div:nth-child(3),58482bd24ac693aa,auto-detected
F001966,P065,W13,region,,,moderate,63,#tab-publik > .col-span-2.gap-y-6.flex-col > .md\:grid-cols-2.md\:grid.gap-6 > .bg-black.h-\[230px\].overflow-hidden:nth-child(1) > .items-end.p-6.z-10 > .gap-y-2.flex-col.flex > .font-black.sm\:text-xl.hover\:text-\[\#f8913a\],ee2a538b4d998927,auto-detected
F001967,P065,W13,region,,,moderate,63,#tab-publik > .col-span-2.gap-y-6.flex-col > .md\:grid-cols-2.md\:grid.gap-6 > .bg-black.h-\[230px\].overflow-hidden:nth-child(2) > .items-end.p-6.z-10 > .gap-y-2.flex-col.flex > .sm\:text-sm.text-\[11px\].gap-x-2 > div:nth-child(1),e2aba26ea732acd0,auto-detected
F001968,P065,W13,region,,,moderate,63,#tab-publik > .col-span-2.gap-y-6.flex-col > .md\:grid-cols-2.md\:grid.gap-6 > .bg-black.h-\[230px\].overflow-hidden:nth-child(2) > .items-end.p-6.z-10 > .gap-y-2.flex-col.flex > .sm\:text-sm.text-\[11px\].gap-x-2 > div:nth-child(3),f2c6aa5b25e4d6c4,auto-detected
F001969,P065,W13,region,,,moderate,63,#tab-publik > .col-span-2.gap-y-6.flex-col > .md\:grid-cols-2.md\:grid.gap-6 > .bg-black.h-\[230px\].overflow-hidden:nth-child(2) > .items-end.p-6.z-10 > .gap-y-2.flex-col.flex > .font-black.sm\:text-xl.hover\:text-\[\#f8913a\],e9108abe5538e9e3,auto-detected
F001970,P065,W13,region,,,moderate,63,#tab-publik > .px-\[25px\].py-\[30px\].border > .gap-y-8.flex-col.flex > .gap-y-2.flex-col.flex:nth-child(1) > .leading-\[1\.2\].font-normal.sm\:text-xl,f25f1eae16746318,auto-detected
F001971,P065,W13,region,,,moderate,63,#tab-publik > .px-\[25px\].py-\[30px\].border > .gap-y-8.flex-col.flex > .gap-y-2.flex-col.flex:nth-child(1) > .text-\[\#798ba5\].font-light.sm\:text-sm > div:nth-child(1),a51568b9f0c28930,auto-detected
F001972,P065,W13,region,,,moderate,63,#tab-publik > .px-\[25px\].py-\[30px\].border > .gap-y-8.flex-col.flex > .gap-y-2.flex-col.flex:nth-child(1) > .text-\[\#798ba5\].font-light.sm\:text-sm > div:nth-child(3),48bc62e24b1db3ff,auto-detected
F001973,P065,W13,region,,,moderate,63,#tab-publik > .px-\[25px\].py-\[30px\].border > .gap-y-8.flex-col.flex > .gap-y-2.flex-col.flex:nth-child(2) > .leading-\[1\.2\].font-normal.sm\:text-xl,6d61e86695bdbaf6,auto-detected
F001974,P065,W13,region,,,moderate,63,#tab-publik > .px-\[25px\].py-\[30px\].border > .gap-y-8.flex-col.flex > .gap-y-2.flex-col.flex:nth-child(2) > .text-\[\#798ba5\].font-light.sm\:text-sm > div:nth-child(1),8a794b526dfba5c7,auto-detected
F001975,P065,W13,region,,,moderate,63,#tab-publik > .px-\[25px\].py-\[30px\].border > .gap-y-8.flex-col.flex > .gap-y-2.flex-col.flex:nth-child(2) > .text-\[\#798ba5\].font-light.sm\:text-sm > div:nth-child(3),2908b72d69d06236,auto-detected
F001976,P065,W13,region,,,moderate,63,#tab-publik > .px-\[25px\].py-\[30px\].border > .gap-y-8.flex-col.flex > .gap-y-2.flex-col.flex:nth-child(3) > .leading-\[1\.2\].font-normal.sm\:text-xl,842013d2a54d1b65,auto-detected
F001977,P065,W13,region,,,moderate,63,#tab-publik > .px-\[25px\].py-\[30px\].border > .gap-y-8.flex-col.flex > .gap-y-2.flex-col.flex:nth-child(3) > .text-\[\#798ba5\].font-light.sm\:text-sm > div:nth-child(1),2cc5055bee02b1b2,auto-detected
F001978,P065,W13,region,,,moderate,63,#tab-publik > .px-\[25px\].py-\[30px\].border > .gap-y-8.flex-col.flex > .gap-y-2.flex-col.flex:nth-child(3) > .text-\[\#798ba5\].font-light.sm\:text-sm > div:nth-child(3),6daf52e5cdf57d5d,auto-detected
F001979,P065,W13,region,,,moderate,63,#tab-publik > .px-\[25px\].py-\[30px\].border > .gap-y-8.flex-col.flex > .gap-y-2.flex-col.flex:nth-child(4) > .leading-\[1\.2\].font-normal.sm\:text-xl,d13992f3c418a268,auto-detected
F001980,P065,W13,region,,,moderate,63,#tab-publik > .px-\[25px\].py-\[30px\].border > .gap-y-8.flex-col.flex > .gap-y-2.flex-col.flex:nth-child(4) > .text-\[\#798ba5\].font-light.sm\:text-sm > div:nth-child(1),92eff35948f24be8,auto-detected
F001981,P065,W13,region,,,moderate,63,#tab-publik > .px-\[25px\].py-\[30px\].border > .gap-y-8.flex-col.flex > .gap-y-2.flex-col.flex:nth-child(4) > .text-\[\#798ba5\].font-light.sm\:text-sm > div:nth-child(3),931f44d8d92120b6,auto-detected
F001982,P065,W13,region,,,moderate,63,#tab-publik > .px-\[25px\].py-\[30px\].border > .gap-y-8.flex-col.flex > .gap-y-2.flex-col.flex:nth-child(5) > .leading-\[1\.2\].font-normal.sm\:text-xl,c27b7e2e09936dd2,auto-detected
F001983,P065,W13,region,,,moderate,63,#tab-publik > .px-\[25px\].py-\[30px\].border > .gap-y-8.flex-col.flex > .gap-y-2.flex-col.flex:nth-child(5) > .text-\[\#798ba5\].font-light.sm\:text-sm > div:nth-child(1),88861616e377a3e5,auto-detected
F001984,P065,W13,region,,,moderate,63,#tab-publik > .px-\[25px\].py-\[30px\].border > .gap-y-8.flex-col.flex > .gap-y-2.flex-col.flex:nth-child(5) > .text-\[\#798ba5\].font-light.sm\:text-sm > div:nth-child(3),975c1f03bee1d775,auto-detected
F001985,P065,W13,region,,,moderate,63,#tab-publik > .px-\[25px\].py-\[30px\].border > .gap-y-8.flex-col.flex > .gap-y-2.flex-col.flex:nth-child(6) > .leading-\[1\.2\].font-normal.sm\:text-xl,8bb33fae90d521dd,auto-detected
F001986,P065,W13,region,,,moderate,63,#tab-publik > .px-\[25px\].py-\[30px\].border > .gap-y-8.flex-col.flex > .gap-y-2.flex-col.flex:nth-child(6) > .text-\[\#798ba5\].font-light.sm\:text-sm > div:nth-child(1),f9010b761e384c69,auto-detected
F001987,P065,W13,region,,,moderate,63,#tab-publik > .px-\[25px\].py-\[30px\].border > .gap-y-8.flex-col.flex > .gap-y-2.flex-col.flex:nth-child(6) > .text-\[\#798ba5\].font-light.sm\:text-sm > div:nth-child(3),1e5f6aa6d07b1cb6,auto-detected
F001988,P065,W13,region,,,moderate,63,.md\:flex-row,2b5219d7a1f9928b,auto-detected
F001989,P065,W13,region,,,moderate,63,div:nth-child(1) > .bg-\[\#ffffff\].bg-black.h-\[230px\] > .items-end.p-6.z-10 > .gap-y-2.flex-col.flex > .sm\:text-sm.text-\[11px\].gap-x-2 > div:nth-child(1),465266c497f11d96,auto-detected
F001990,P065,W13,region,,,moderate,63,div:nth-child(1) > .bg-\[\#ffffff\].bg-black.h-\[230px\] > .items-end.p-6.z-10 > .gap-y-2.flex-col.flex > .sm\:text-sm.text-\[11px\].gap-x-2 > div:nth-child(3),aa6f3081b3d43b61,auto-detected
F001991,P065,W13,region,,,moderate,63,div:nth-child(1) > .bg-\[\#ffffff\].bg-black.h-\[230px\] > .items-end.p-6.z-10 > .gap-y-2.flex-col.flex > .font-black.sm\:text-xl.hover\:text-\[\#f8913a\],321fd23f19f6c712,auto-detected
F001992,P065,W13,region,,,moderate,63,div:nth-child(2) > .bg-\[\#ffffff\].bg-black.h-\[230px\] > .items-end.p-6.z-10 > .gap-y-2.flex-col.flex > .sm\:text-sm.text-\[11px\].gap-x-2 > div:nth-child(1),6a6664852173ba3f,auto-detected
F001993,P065,W13,region,,,moderate,63,div:nth-child(2) > .bg-\[\#ffffff\].bg-black.h-\[230px\] > .items-end.p-6.z-10 > .gap-y-2.flex-col.flex > .sm\:text-sm.text-\[11px\].gap-x-2 > div:nth-child(3),2c79996a96f58aa6,auto-detected
F001994,P065,W13,region,,,moderate,63,div:nth-child(2) > .bg-\[\#ffffff\].bg-black.h-\[230px\] > .items-end.p-6.z-10 > .gap-y-2.flex-col.flex > .font-black.sm\:text-xl.hover\:text-\[\#f8913a\],abea0bb99fffb436,auto-detected
F001995,P065,W13,region,,,moderate,63,.bg-white\/70,f7fbca5a96a9bcd7,auto-detected
F001996,P065,W13,region,,,moderate,63,.jtg-laporgub-menu-trigger > span,529ba3d59c4c5afd,auto-detected
F001997,P065,W13,region,,,moderate,63,.mb-10,7cc50e45c0119221,auto-detected
F001998,P065,W13,region,,,moderate,63,.gap-y-4.hover\:bg-\[\#f8913a\].sm\:my-0:nth-child(1),f8ce6fa8dec2236b,auto-detected
F001999,P065,W13,region,,,moderate,63,.gap-y-4.hover\:bg-\[\#f8913a\].sm\:my-0:nth-child(2),47bd49e488867529,auto-detected
F002000,P065,W13,region,,,moderate,63,"a[href$=""jdih.jatengprov.go.id/""]",f48d36e471b79867,auto-detected
F002001,P065,W13,region,,,moderate,63,.gap-y-4.hover\:bg-\[\#f8913a\].sm\:my-0:nth-child(4),c7d274848a7127ae,auto-detected
F002002,P065,W13,region,,,moderate,63,.gap-y-4.hover\:bg-\[\#f8913a\].sm\:my-0:nth-child(5),4633bb9cf9553ba4,auto-detected
F002003,P065,W13,region,,,moderate,63,"a[href$=""ppid.jatengprov.go.id""]",1d6eb3f1c390a334,auto-detected
F002004,P065,W13,region,,,moderate,63,.text-lg,cda81846ef306dad,auto-detected
F002005,P065,W13,region,,,moderate,63,.gap-y-4.hover\:bg-\[\#f8913a\].sm\:my-0:nth-child(8),f42ec55e2613485f,auto-detected
F002006,P065,W13,region,,,moderate,63,"a[href$=""hargajateng.org/""]",1eb89237bef910bb,auto-detected
F002007,P065,W13,region,,,moderate,63,.gap-y-4.hover\:bg-\[\#f8913a\].sm\:my-0:nth-child(10),af659f64ea12e9a6,auto-detected
F002008,P065,W13,region,,,moderate,63,.shrink-0,de8bc7f591021e90,auto-detected
F002009,P065,W13,region,,,moderate,63,#padhang-mascot-typing,fcdfca66643cae41,auto-detected
F002010,P065,W13,region,,,moderate,63,#header-widget-radio,bf97d9e8f30cfc90,auto-detected
F002011,P065,W13,region,,,moderate,63,#visualizer,3055c14514233602,auto-detected
F002012,P065,W13,region,,,moderate,63,#textrunning,cf437b7a5e29d917,auto-detected
F002013,P065,W13,skip-link,,,moderate,1,#pojo-a11y-skip-content,58f4831a5ff6373d,auto-detected
F002014,P065,W13,tabindex,,,serious,1,#pojo-a11y-skip-content,4d28c8f677fae00a,auto-detected
F002015,P066,W14,button-name,4.1.2,A,critical,2,.ring-1.ring-inset.ring-current:nth-child(1),7909214036ff1b2a,auto-detected
F002016,P066,W14,button-name,4.1.2,A,critical,2,.ring-1.ring-inset.ring-current:nth-child(2),bd19584e472a5c20,auto-detected
F002017,P066,W14,html-has-lang,3.1.1,A,serious,1,html,192ae73b8e199ce3,auto-detected
F002018,P066,W14,region,,,moderate,9,section:nth-child(1),dea323b59e753440,auto-detected
F002019,P066,W14,region,,,moderate,9,".mb-12.text-center[data-v-0c4dcdb2=""""]",68300d759565c645,auto-detected
F002020,P066,W14,region,,,moderate,9,.text-xl,a141c74dfc2da58f,auto-detected
F002021,P066,W14,region,,,moderate,9,.text-lg,97e0729cf495101a,auto-detected
F002022,P066,W14,region,,,moderate,9,"a[href$=""layanan""] > span:nth-child(1)",be521f7d7770a238,auto-detected
F002023,P066,W14,region,,,moderate,9,".mb-12.text-center[data-v-77db300f=""""]",85ba17b1c1156ee3,auto-detected
F002024,P066,W14,region,,,moderate,9,.to-blue-500 > span:nth-child(1),83b81f71274728ea,auto-detected
F002025,P066,W14,region,,,moderate,9,".mb-12.text-center[data-v-8dfd637b=""""]",252fe24270e658b9,auto-detected
F002026,P066,W14,region,,,moderate,9,.from-slate-100.to-blue-100.py-14:nth-child(5),44501478c927605b,auto-detected
F002027,P067,W14,aria-dialog-name,,,serious,1,#headlessui-dialog-v-0-0-1,9093ddae4b9de0f0,auto-detected
F002028,P067,W14,html-has-lang,3.1.1,A,serious,1,html,6ae5f0dfd0396aed,auto-detected
F002029,P068,W14,button-name,4.1.2,A,critical,2,.p-1\.5.hover\:bg-blue-50.disabled\:bg-transparent:nth-child(1),f5faf94ff2f292fb,auto-detected
F002030,P068,W14,button-name,4.1.2,A,critical,2,.p-1\.5.hover\:bg-blue-50.disabled\:bg-transparent:nth-child(2),ba8698b7d195033d,auto-detected
F002031,P068,W14,color-contrast,1.4.3,AA,serious,3,.text-gray-500,8e4d7fc4d715a216,auto-detected
F002032,P068,W14,color-contrast,1.4.3,AA,serious,3,.text-slate-500,0e70b377602d8dfc,auto-detected
F002033,P068,W14,color-contrast,1.4.3,AA,serious,3,.px-2\.5,b8acd8c09f7e7260,auto-detected
F002034,P068,W14,heading-order,,,moderate,1,h3,e0d8a67a9d80418d,auto-detected
F002035,P068,W14,html-has-lang,3.1.1,A,serious,1,html,1a9f3766c753146b,auto-detected
F002036,P068,W14,landmark-one-main,,,moderate,1,html,01c0413efec932a5,auto-detected
F002037,P068,W14,region,,,moderate,5,".space-x-4 > div[data-v-42485c18=""""]:nth-child(2)",d2758628d41bb16c,auto-detected
F002038,P068,W14,region,,,moderate,5,input,4ff0e8ae4019aacb,auto-detected
F002039,P068,W14,region,,,moderate,5,select,c4fec7c65be65cf6,auto-detected
F002040,P068,W14,region,,,moderate,5,h3,34f11ec982074248,auto-detected
F002041,P068,W14,region,,,moderate,5,.text-slate-500,c21627e64acd21cd,auto-detected
F002042,P068,W14,select-name,4.1.2,A,critical,1,select,97fd8918c17afd24,auto-detected
F002043,P069,W14,button-name,4.1.2,A,critical,2,.p-1\.5.hover\:bg-blue-50.disabled\:bg-transparent:nth-child(1),b475e37d47950d4d,auto-detected
F002044,P069,W14,button-name,4.1.2,A,critical,2,.p-1\.5.hover\:bg-blue-50.disabled\:bg-transparent:nth-child(2),774a95bfd7c90fdd,auto-detected
F002045,P069,W14,color-contrast,1.4.3,AA,serious,3,.text-gray-500,86cd7802479f8f39,auto-detected
F002046,P069,W14,color-contrast,1.4.3,AA,serious,3,.text-slate-500,d1fcacd55298e559,auto-detected
F002047,P069,W14,color-contrast,1.4.3,AA,serious,3,.bg-blue-50,906d7c3460aef10a,auto-detected
F002048,P069,W14,heading-order,,,moderate,1,h3,80b5fb9647a938fa,auto-detected
F002049,P069,W14,html-has-lang,3.1.1,A,serious,1,html,2faf183145184e6e,auto-detected
F002050,P069,W14,landmark-one-main,,,moderate,1,html,f9ecfdc6fac9d054,auto-detected
F002051,P069,W14,region,,,moderate,6,".sm\:justify-between > .space-x-4.items-center[data-v-0a06f864=""""] > div[data-v-0a06f864=""""]:nth-child(2)",7aecfd70a4968420,auto-detected
F002052,P069,W14,region,,,moderate,6,input,54aeee80c6c55b01,auto-detected
F002053,P069,W14,region,,,moderate,6,.pe-11,ac2f8129e9003b11,auto-detected
F002054,P069,W14,region,,,moderate,6,.pe-9,4279a0b78c54a023,auto-detected
F002055,P069,W14,region,,,moderate,6,h3,09cb206ebe798eef,auto-detected
F002056,P069,W14,region,,,moderate,6,.text-slate-500,8c0dfd6a81bfc503,auto-detected
F002057,P069,W14,select-name,4.1.2,A,critical,2,.pe-11,5d6b698e76cf2a53,auto-detected
F002058,P069,W14,select-name,4.1.2,A,critical,2,.pe-9,e816b935f0204372,auto-detected
F002059,P070,W14,button-name,4.1.2,A,critical,2,.ring-1.ring-inset.ring-current:nth-child(1),c528380e206b1ee4,auto-detected
F002060,P070,W14,button-name,4.1.2,A,critical,2,.ring-1.ring-inset.ring-current:nth-child(2),63e938398560627e,auto-detected
F002061,P070,W14,html-has-lang,3.1.1,A,serious,1,html,6075ac482f8888fe,auto-detected
F002062,P070,W14,region,,,moderate,9,section:nth-child(1),fb0d83fd18c3f0b6,auto-detected
F002063,P070,W14,region,,,moderate,9,".mb-12.text-center[data-v-0c4dcdb2=""""]",75f5b02d63c1af7b,auto-detected
F002064,P070,W14,region,,,moderate,9,.text-xl,4f70386ecf3a880b,auto-detected
F002065,P070,W14,region,,,moderate,9,.text-lg,3a2fea8eba567520,auto-detected
F002066,P070,W14,region,,,moderate,9,"a[href$=""layanan""] > span:nth-child(1)",98ba115b18ee022d,auto-detected
F002067,P070,W14,region,,,moderate,9,".mb-12.text-center[data-v-77db300f=""""]",edc18dd4b1851338,auto-detected
F002068,P070,W14,region,,,moderate,9,.to-blue-500 > span:nth-child(1),38467b03617d54b7,auto-detected
F002069,P070,W14,region,,,moderate,9,".mb-12.text-center[data-v-8dfd637b=""""]",087ce66a116ad711,auto-detected
F002070,P070,W14,region,,,moderate,9,.from-slate-100.to-blue-100.py-14:nth-child(5),5c5ed9929a58539e,auto-detected
F002071,P071,W15,color-contrast,1.4.3,AA,serious,1,a,a31d1b6cb02f282f,auto-detected
F002072,P071,W15,landmark-one-main,,,moderate,1,html,baf8b59b72268620,auto-detected
F002073,P071,W15,meta-refresh,2.2.1,A,critical,1,"meta[http-equiv=""refresh""]",5568a2fb4ab5d687,auto-detected
F002074,P071,W15,region,,,moderate,1,div,3010dd2698cc09a6,auto-detected
F002075,P072,W15,color-contrast,1.4.3,AA,serious,1,a,05c04dcfbc706703,auto-detected
F002076,P072,W15,landmark-one-main,,,moderate,1,html,73ebbe4721a29033,auto-detected
F002077,P072,W15,meta-refresh,2.2.1,A,critical,1,"meta[http-equiv=""refresh""]",7a256955c2f5478d,auto-detected
F002078,P072,W15,region,,,moderate,1,div,374eac1232120882,auto-detected
F002079,P073,W15,color-contrast,1.4.3,AA,serious,1,a,4df118f3c17213d1,auto-detected
F002080,P073,W15,landmark-one-main,,,moderate,1,html,beee320c333d19ce,auto-detected
F002081,P073,W15,meta-refresh,2.2.1,A,critical,1,"meta[http-equiv=""refresh""]",188e70909846b02b,auto-detected
F002082,P073,W15,region,,,moderate,1,div,4d314d6d318ef90b,auto-detected
F002083,P074,W15,color-contrast,1.4.3,AA,serious,1,a,58c21159a6b32f5d,auto-detected
F002084,P074,W15,landmark-one-main,,,moderate,1,html,4a0ba64d147b69a1,auto-detected
F002085,P074,W15,meta-refresh,2.2.1,A,critical,1,"meta[http-equiv=""refresh""]",4a78dc22f0e85f3d,auto-detected
F002086,P074,W15,region,,,moderate,1,div,432b6bedd3e553c4,auto-detected
F002087,P075,W15,color-contrast,1.4.3,AA,serious,1,a,3d35f64f8fce6b36,auto-detected
F002088,P075,W15,landmark-one-main,,,moderate,1,html,574725d15f291ceb,auto-detected
F002089,P075,W15,meta-refresh,2.2.1,A,critical,1,"meta[http-equiv=""refresh""]",29d1a9df14b2f736,auto-detected
F002090,P075,W15,region,,,moderate,1,div,51c1777d0ee85220,auto-detected
F002091,P076,W16,html-has-lang,3.1.1,A,serious,1,html,1d3dafdc3aeb1860,auto-detected
F002092,P076,W16,landmark-one-main,,,moderate,1,html,fb4c0adbdefb947c,auto-detected
F002093,P076,W16,meta-viewport,1.4.4,AA,critical,1,meta,6b6e4baf3076565d,auto-detected
F002094,P076,W16,page-has-heading-one,,,moderate,1,html,bdf2d83538ef9158,auto-detected
F002095,P076,W16,region,,,moderate,2,.sidebar,aa0bb32428faee9a,auto-detected
F002096,P076,W16,region,,,moderate,2,.main,8adc5b6c7f9d736b,auto-detected
F002097,P077,W16,html-has-lang,3.1.1,A,serious,1,html,8c7713ac44fa920a,auto-detected
F002098,P077,W16,landmark-one-main,,,moderate,1,html,30742e83c9aea1a2,auto-detected
F002099,P077,W16,meta-viewport,1.4.4,AA,critical,1,meta,022fe640bf66a8e6,auto-detected
F002100,P077,W16,page-has-heading-one,,,moderate,1,html,73ea6843f5136860,auto-detected
F002101,P077,W16,region,,,moderate,2,.sidebar,453fe0a9681f2baf,auto-detected
F002102,P077,W16,region,,,moderate,2,.main,2bb6733c2dd847dc,auto-detected
F002103,P078,W16,html-has-lang,3.1.1,A,serious,1,html,48c2b2899a84217e,auto-detected
F002104,P078,W16,landmark-one-main,,,moderate,1,html,044686f17eba8ca7,auto-detected
F002105,P078,W16,meta-viewport,1.4.4,AA,critical,1,meta,1abe56552f8cd5f6,auto-detected
F002106,P078,W16,page-has-heading-one,,,moderate,1,html,8db3334306f1de93,auto-detected
F002107,P078,W16,region,,,moderate,2,.sidebar,5580a5d9dace2d16,auto-detected
F002108,P078,W16,region,,,moderate,2,.main,96614e7e3be20422,auto-detected
F002109,P079,W16,html-has-lang,3.1.1,A,serious,1,html,cb46beba26ca5062,auto-detected
F002110,P079,W16,landmark-one-main,,,moderate,1,html,b485a221080986e1,auto-detected
F002111,P079,W16,meta-viewport,1.4.4,AA,critical,1,meta,381e52cc2fe8abcc,auto-detected
F002112,P079,W16,page-has-heading-one,,,moderate,1,html,e359e18e6e57b5c3,auto-detected
F002113,P079,W16,region,,,moderate,2,.sidebar,821de4c4d6fb457d,auto-detected
F002114,P079,W16,region,,,moderate,2,.main,690e594463172b6b,auto-detected
F002115,P080,W16,html-has-lang,3.1.1,A,serious,1,html,3248824493c483bf,auto-detected
F002116,P080,W16,landmark-one-main,,,moderate,1,html,762d65f2b160cb63,auto-detected
F002117,P080,W16,meta-viewport,1.4.4,AA,critical,1,meta,314cb86f2297ce9e,auto-detected
F002118,P080,W16,page-has-heading-one,,,moderate,1,html,77697f8f04ac176a,auto-detected
F002119,P080,W16,region,,,moderate,2,.sidebar,09b7ed6de147864f,auto-detected
F002120,P080,W16,region,,,moderate,2,.main,8c7f42aee1b44f37,auto-detected
F002121,P081,W17,color-contrast,1.4.3,AA,serious,16,"a[rel=""bookmark""] > .entry-date.published[datetime=""2026-06-30t04:11:48+00:00""]",5332d5a1d5b941ad,auto-detected
F002122,P081,W17,color-contrast,1.4.3,AA,serious,16,.hm-dualc-left > .hmbd-post > .hmb-entry-meta > .byline,8d9cf76177755ea0,auto-detected
F002123,P081,W17,color-contrast,1.4.3,AA,serious,16,.hm-dualc-left > .hmbd-post > .hmb-entry-meta > .byline > .author.vcard > .url.fn.n,c6ac6be0c1fb49e2,auto-detected
F002124,P081,W17,color-contrast,1.4.3,AA,serious,16,".hms-details > .hms-meta > .entry-date.published[datetime=""2026-05-31t03:17:25+00:00""]",fa0a3dd30e1a2a81,auto-detected
F002125,P081,W17,color-contrast,1.4.3,AA,serious,16,"time[datetime=""2026-04-22t12:44:00+00:00""]",b65dc38507e2fe29,auto-detected
F002126,P081,W17,color-contrast,1.4.3,AA,serious,16,"a[rel=""bookmark""] > .entry-date.published[datetime=""2026-06-04t16:14:52+00:00""]",27db5ba19baa5eef,auto-detected
F002127,P081,W17,color-contrast,1.4.3,AA,serious,16,.hm-dualc-right > .hmbd-post > .hmb-entry-meta > .byline,a42a4ee85a76f860,auto-detected
F002128,P081,W17,color-contrast,1.4.3,AA,serious,16,.hm-dualc-right > .hmbd-post > .hmb-entry-meta > .byline > .author.vcard > .url.fn.n,f5893240cb11c77b,auto-detected
F002129,P081,W17,color-contrast,1.4.3,AA,serious,16,"time[datetime=""2026-05-19t00:18:00+00:00""]",fe2e1d18e98b2b50,auto-detected
F002130,P081,W17,color-contrast,1.4.3,AA,serious,16,".hms-meta > .entry-date.published[datetime=""2026-05-07t12:35:00+00:00""]",dd982c6bc6d15a23,auto-detected
F002131,P081,W17,color-contrast,1.4.3,AA,serious,16,".hms-meta > .entry-date.published[datetime=""2026-06-30t04:11:48+00:00""]",fdc867a7bcc9e7a6,auto-detected
F002132,P081,W17,color-contrast,1.4.3,AA,serious,16,".hms-meta > .entry-date.published[datetime=""2026-06-04t16:14:52+00:00""]",a82f52de19e0d3b7,auto-detected
F002133,P081,W17,color-contrast,1.4.3,AA,serious,16,".hms-meta > .entry-date.published[datetime=""2026-06-04t16:00:45+00:00""]",011a299fb5e0d263,auto-detected
F002134,P081,W17,color-contrast,1.4.3,AA,serious,16,".hm-grid-details > .hms-meta > .entry-date.published[datetime=""2026-05-31t03:17:25+00:00""]",29f0987cfc4cfe9a,auto-detected
F002135,P081,W17,color-contrast,1.4.3,AA,serious,16,".hms-meta > .entry-date.published[datetime=""2026-05-23t02:44:54+00:00""]",d9f96b19e0fa6c95,auto-detected
F002136,P081,W17,color-contrast,1.4.3,AA,serious,16,".hms-meta > .entry-date.published[datetime=""2026-05-21t08:46:25+00:00""]",62c9f855a353e67d,auto-detected
F002137,P081,W17,document-title,2.4.2,A,serious,1,html,996835241c09b750,auto-detected
F002138,P081,W17,frame-title,4.1.2,A,serious,2,"iframe[allow=""autoplay""]",5955b674657163b6,auto-detected
F002139,P081,W17,frame-title,4.1.2,A,serious,2,"iframe[referrerpolicy=""no-referrer-when-downgrade""]",15ef744eda9e105c,auto-detected
F002140,P081,W17,image-alt,1.1.1,A,critical,1,.sgpb-background-image-108224,dc1972364982605a,auto-detected
F002141,P081,W17,landmark-complementary-is-top-level,,,moderate,8,".footer-sidebar[role=""complementary""]:nth-child(1)",5f523273f65c939c,auto-detected
F002142,P081,W17,landmark-complementary-is-top-level,,,moderate,8,#block-36,5f894f367ff9b1bc,auto-detected
F002143,P081,W17,landmark-complementary-is-top-level,,,moderate,8,#block-40,2647f13f94bc199c,auto-detected
F002144,P081,W17,landmark-complementary-is-top-level,,,moderate,8,#block-62,9e57554c0d6b024c,auto-detected
F002145,P081,W17,landmark-complementary-is-top-level,,,moderate,8,".footer-sidebar[role=""complementary""]:nth-child(2)",e8ff6716737a2a76,auto-detected
F002146,P081,W17,landmark-complementary-is-top-level,,,moderate,8,#block-70,af0e854fcd969413,auto-detected
F002147,P081,W17,landmark-complementary-is-top-level,,,moderate,8,".footer-sidebar[role=""complementary""]:nth-child(3)",248271f36ac02b8c,auto-detected
F002148,P081,W17,landmark-complementary-is-top-level,,,moderate,8,#block-41,3718186533e3b14f,auto-detected
F002149,P081,W17,landmark-unique,,,moderate,1,#secondary,6807e071658d3785,auto-detected
F002150,P081,W17,link-in-text-block,1.4.1,A,serious,2,"a[href$=""wordpress.org""]",10b2e4771e16d84f,auto-detected
F002151,P081,W17,link-in-text-block,1.4.1,A,serious,2,"a[title=""hitmag wordpress theme""]",6aeddd20b965bf15,auto-detected
F002152,P081,W17,link-name,2.4.4;4.1.2,A,serious,3,#block-67 > figure > a,1b2dccdd42ff1137,auto-detected
F002153,P081,W17,link-name,2.4.4;4.1.2,A,serious,3,#block-68 > figure > a,87b1bcf7473d9832,auto-detected
F002154,P081,W17,link-name,2.4.4;4.1.2,A,serious,3,"a[title=""""]",aca7d28b914c03f8,auto-detected
F002155,P081,W17,region,,,moderate,3,.yy-button,0403b32ae8d767e4,auto-detected
F002156,P081,W17,region,,,moderate,3,.sgpb-background-image-108224,652af050f8e412cc,auto-detected
F002157,P081,W17,region,,,moderate,3,#sgpb-popup-dialog-main-div-wrapper,adc7ece810584d11,auto-detected
F002158,P082,W17,frame-title,4.1.2,A,serious,1,iframe,dbc10dbc4263b479,auto-detected
F002159,P082,W17,image-alt,1.1.1,A,critical,1,.sgpb-background-image-108224,b0bf565f3b8c005c,auto-detected
F002160,P082,W17,landmark-complementary-is-top-level,,,moderate,8,".footer-sidebar[role=""complementary""]:nth-child(1)",40cd77f5518e3b2b,auto-detected
F002161,P082,W17,landmark-complementary-is-top-level,,,moderate,8,#block-36,4ce348e1b0291227,auto-detected
F002162,P082,W17,landmark-complementary-is-top-level,,,moderate,8,#block-40,29d0f42e33264f9a,auto-detected
F002163,P082,W17,landmark-complementary-is-top-level,,,moderate,8,#block-62,63e7133e71215e45,auto-detected
F002164,P082,W17,landmark-complementary-is-top-level,,,moderate,8,".footer-sidebar[role=""complementary""]:nth-child(2)",2cc9fafe13afef47,auto-detected
F002165,P082,W17,landmark-complementary-is-top-level,,,moderate,8,#block-70,af8560d1527db41f,auto-detected
F002166,P082,W17,landmark-complementary-is-top-level,,,moderate,8,".footer-sidebar[role=""complementary""]:nth-child(3)",c325a9265bffef73,auto-detected
F002167,P082,W17,landmark-complementary-is-top-level,,,moderate,8,#block-41,7e69b8f124473d0d,auto-detected
F002168,P082,W17,landmark-unique,,,moderate,1,".footer-sidebar[role=""complementary""]:nth-child(1)",482df32ef1c0e022,auto-detected
F002169,P082,W17,link-in-text-block,1.4.1,A,serious,2,"a[href$=""wordpress.org""]",4777d101585586fe,auto-detected
F002170,P082,W17,link-in-text-block,1.4.1,A,serious,2,"a[title=""hitmag wordpress theme""]",14d5a8318bbc9e0e,auto-detected
F002171,P082,W17,link-name,2.4.4;4.1.2,A,serious,1,"a[title=""""]",c24d5846b71e850d,auto-detected
F002172,P082,W17,region,,,moderate,3,.yy-button,0599af61715ffae2,auto-detected
F002173,P082,W17,region,,,moderate,3,.sgpb-background-image-108224,1dd9c2473ca60e72,auto-detected
F002174,P082,W17,region,,,moderate,3,#sgpb-popup-dialog-main-div-wrapper,4b50c023075f9ab2,auto-detected
F002175,P083,W17,frame-title,4.1.2,A,serious,1,iframe,de62721fcba6d36d,auto-detected
F002176,P083,W17,image-alt,1.1.1,A,critical,1,.sgpb-background-image-108224,d1496eceecb93a8c,auto-detected
F002177,P083,W17,landmark-complementary-is-top-level,,,moderate,8,".footer-sidebar[role=""complementary""]:nth-child(1)",fbb5316dcb9d6c0a,auto-detected
F002178,P083,W17,landmark-complementary-is-top-level,,,moderate,8,#block-36,f4a7096cc726f7b0,auto-detected
F002179,P083,W17,landmark-complementary-is-top-level,,,moderate,8,#block-40,222cebf4abba5cbd,auto-detected
F002180,P083,W17,landmark-complementary-is-top-level,,,moderate,8,#block-62,8758bdff219358e1,auto-detected
F002181,P083,W17,landmark-complementary-is-top-level,,,moderate,8,".footer-sidebar[role=""complementary""]:nth-child(2)",c2c2ec6f8858643f,auto-detected
F002182,P083,W17,landmark-complementary-is-top-level,,,moderate,8,#block-70,5f3474d7f0088e05,auto-detected
F002183,P083,W17,landmark-complementary-is-top-level,,,moderate,8,".footer-sidebar[role=""complementary""]:nth-child(3)",9ddb6356df1876d7,auto-detected
F002184,P083,W17,landmark-complementary-is-top-level,,,moderate,8,#block-41,088c6cf32d8d947e,auto-detected
F002185,P083,W17,landmark-unique,,,moderate,1,".footer-sidebar[role=""complementary""]:nth-child(1)",4c099ddc282c70ea,auto-detected
F002186,P083,W17,link-in-text-block,1.4.1,A,serious,2,"a[href$=""wordpress.org""]",ab18664938bcc3ec,auto-detected
F002187,P083,W17,link-in-text-block,1.4.1,A,serious,2,"a[title=""hitmag wordpress theme""]",6aaa27b35f075371,auto-detected
F002188,P083,W17,link-name,2.4.4;4.1.2,A,serious,1,"a[title=""""]",980d57b08046b7d5,auto-detected
F002189,P083,W17,region,,,moderate,3,.yy-button,0fa252f00a0ddcdc,auto-detected
F002190,P083,W17,region,,,moderate,3,.sgpb-background-image-108224,8084afd9c9a77617,auto-detected
F002191,P083,W17,region,,,moderate,3,#sgpb-popup-dialog-main-div-wrapper,6a722989564711f7,auto-detected
F002192,P084,W17,color-contrast,1.4.3,AA,serious,10,"time[datetime=""2026-06-30t04:11:48+00:00""]",e1585eba5444e49c,auto-detected
F002193,P084,W17,color-contrast,1.4.3,AA,serious,10,"time[datetime=""2026-06-04t16:14:52+00:00""]",ff4756fb93e6dceb,auto-detected
F002194,P084,W17,color-contrast,1.4.3,AA,serious,10,"time[datetime=""2026-06-04t16:00:45+00:00""]",f18ebfdd76332d48,auto-detected
F002195,P084,W17,color-contrast,1.4.3,AA,serious,10,"time[datetime=""2026-05-31t03:17:25+00:00""]",ffcb32d0a7e6fed7,auto-detected
F002196,P084,W17,color-contrast,1.4.3,AA,serious,10,"time[datetime=""2026-05-23t02:44:54+00:00""]",ff7189e34a1c9468,auto-detected
F002197,P084,W17,color-contrast,1.4.3,AA,serious,10,"time[datetime=""2026-05-21t08:46:25+00:00""]",5a6e97321cacb7ff,auto-detected
F002198,P084,W17,color-contrast,1.4.3,AA,serious,10,"time[datetime=""2026-05-20t14:40:18+00:00""]",44ab4c98a04373f9,auto-detected
F002199,P084,W17,color-contrast,1.4.3,AA,serious,10,"time[datetime=""2026-05-19t00:18:00+00:00""]",0c20735800d2fd5b,auto-detected
F002200,P084,W17,color-contrast,1.4.3,AA,serious,10,"time[datetime=""2026-05-07t12:35:00+00:00""]",b90fae2a1d80e766,auto-detected
F002201,P084,W17,color-contrast,1.4.3,AA,serious,10,"time[datetime=""2026-04-22t12:44:00+00:00""]",c0c8524cdd89943b,auto-detected
F002202,P084,W17,frame-title,4.1.2,A,serious,1,iframe,ed90e0c5a1e476f3,auto-detected
F002203,P084,W17,heading-order,,,moderate,1,#post-108369 > .archive-content > .entry-header > h3,d5934bf344bb6cd1,auto-detected
F002204,P084,W17,image-alt,1.1.1,A,critical,1,.sgpb-background-image-108224,232ef82dba835c40,auto-detected
F002205,P084,W17,landmark-complementary-is-top-level,,,moderate,8,".footer-sidebar[role=""complementary""]:nth-child(1)",8b654972990b8f5b,auto-detected
F002206,P084,W17,landmark-complementary-is-top-level,,,moderate,8,#block-36,9cea07ca98648790,auto-detected
F002207,P084,W17,landmark-complementary-is-top-level,,,moderate,8,#block-40,02334e7b2578e234,auto-detected
F002208,P084,W17,landmark-complementary-is-top-level,,,moderate,8,#block-62,d7bdf8ec102399cb,auto-detected
F002209,P084,W17,landmark-complementary-is-top-level,,,moderate,8,".footer-sidebar[role=""complementary""]:nth-child(2)",6dca94cb990a2100,auto-detected
F002210,P084,W17,landmark-complementary-is-top-level,,,moderate,8,#block-70,6f2f099697c13382,auto-detected
F002211,P084,W17,landmark-complementary-is-top-level,,,moderate,8,".footer-sidebar[role=""complementary""]:nth-child(3)",afcc24e43d89e9b3,auto-detected
F002212,P084,W17,landmark-complementary-is-top-level,,,moderate,8,#block-41,45777d5727ea4c47,auto-detected
F002213,P084,W17,landmark-unique,,,moderate,1,".footer-sidebar[role=""complementary""]:nth-child(1)",d9339f42e2446519,auto-detected
F002214,P084,W17,link-in-text-block,1.4.1,A,serious,2,"a[href$=""wordpress.org""]",b59f9689a4887d89,auto-detected
F002215,P084,W17,link-in-text-block,1.4.1,A,serious,2,"a[title=""hitmag wordpress theme""]",33cee42a241f8605,auto-detected
F002216,P084,W17,link-name,2.4.4;4.1.2,A,serious,1,"a[title=""""]",87896ef93ec97939,auto-detected
F002217,P084,W17,region,,,moderate,3,.yy-button,55862e8ea006f379,auto-detected
F002218,P084,W17,region,,,moderate,3,.sgpb-background-image-108224,117226da2767fcf8,auto-detected
F002219,P084,W17,region,,,moderate,3,#sgpb-popup-dialog-main-div-wrapper,f034f00f49459b75,auto-detected
F002220,P085,W17,color-contrast,1.4.3,AA,serious,16,"a[rel=""bookmark""] > .entry-date.published[datetime=""2026-06-30t04:11:48+00:00""]",9f665438c297454e,auto-detected
F002221,P085,W17,color-contrast,1.4.3,AA,serious,16,.hm-dualc-left > .hmbd-post > .hmb-entry-meta > .byline,a807d9d6b79f5ca5,auto-detected
F002222,P085,W17,color-contrast,1.4.3,AA,serious,16,.hm-dualc-left > .hmbd-post > .hmb-entry-meta > .byline > .author.vcard > .url.fn.n,2ac8a2898f390be1,auto-detected
F002223,P085,W17,color-contrast,1.4.3,AA,serious,16,".hms-details > .hms-meta > .entry-date.published[datetime=""2026-05-31t03:17:25+00:00""]",219baf5c1c18bdbe,auto-detected
F002224,P085,W17,color-contrast,1.4.3,AA,serious,16,"time[datetime=""2026-04-22t12:44:00+00:00""]",36dafb9016f2a1a6,auto-detected
F002225,P085,W17,color-contrast,1.4.3,AA,serious,16,"a[rel=""bookmark""] > .entry-date.published[datetime=""2026-06-04t16:14:52+00:00""]",99ce3792aaf14bd5,auto-detected
F002226,P085,W17,color-contrast,1.4.3,AA,serious,16,.hm-dualc-right > .hmbd-post > .hmb-entry-meta > .byline,3b3cd03495ffc559,auto-detected
F002227,P085,W17,color-contrast,1.4.3,AA,serious,16,.hm-dualc-right > .hmbd-post > .hmb-entry-meta > .byline > .author.vcard > .url.fn.n,1709886ddc181124,auto-detected
F002228,P085,W17,color-contrast,1.4.3,AA,serious,16,"time[datetime=""2026-05-19t00:18:00+00:00""]",948c1f437ad304b9,auto-detected
F002229,P085,W17,color-contrast,1.4.3,AA,serious,16,".hms-meta > .entry-date.published[datetime=""2026-05-07t12:35:00+00:00""]",703af9e6d33d942c,auto-detected
F002230,P085,W17,color-contrast,1.4.3,AA,serious,16,".hms-meta > .entry-date.published[datetime=""2026-06-30t04:11:48+00:00""]",1d0dbd140971c576,auto-detected
F002231,P085,W17,color-contrast,1.4.3,AA,serious,16,".hms-meta > .entry-date.published[datetime=""2026-06-04t16:14:52+00:00""]",7fe99757477a66b3,auto-detected
F002232,P085,W17,color-contrast,1.4.3,AA,serious,16,".hms-meta > .entry-date.published[datetime=""2026-06-04t16:00:45+00:00""]",296aa361a5e87c82,auto-detected
F002233,P085,W17,color-contrast,1.4.3,AA,serious,16,".hm-grid-details > .hms-meta > .entry-date.published[datetime=""2026-05-31t03:17:25+00:00""]",c5d442e52b3e7f42,auto-detected
F002234,P085,W17,color-contrast,1.4.3,AA,serious,16,".hms-meta > .entry-date.published[datetime=""2026-05-23t02:44:54+00:00""]",fc83482fa771a572,auto-detected
F002235,P085,W17,color-contrast,1.4.3,AA,serious,16,".hms-meta > .entry-date.published[datetime=""2026-05-21t08:46:25+00:00""]",cef663317802bad3,auto-detected
F002236,P085,W17,document-title,2.4.2,A,serious,1,html,fae70c4060e6fe5a,auto-detected
F002237,P085,W17,frame-title,4.1.2,A,serious,2,"iframe[allow=""autoplay""]",2c5b417b39f92ab5,auto-detected
F002238,P085,W17,frame-title,4.1.2,A,serious,2,"iframe[referrerpolicy=""no-referrer-when-downgrade""]",b9775372932b15b0,auto-detected
F002239,P085,W17,image-alt,1.1.1,A,critical,1,.sgpb-background-image-108224,2aa68021b007732c,auto-detected
F002240,P085,W17,landmark-complementary-is-top-level,,,moderate,8,".footer-sidebar[role=""complementary""]:nth-child(1)",911fd53d68207ed7,auto-detected
F002241,P085,W17,landmark-complementary-is-top-level,,,moderate,8,#block-36,5b8b7fa3e0b57ac2,auto-detected
F002242,P085,W17,landmark-complementary-is-top-level,,,moderate,8,#block-40,289760a3f07a2b8c,auto-detected
F002243,P085,W17,landmark-complementary-is-top-level,,,moderate,8,#block-62,9ef2c3aeed899ad7,auto-detected
F002244,P085,W17,landmark-complementary-is-top-level,,,moderate,8,".footer-sidebar[role=""complementary""]:nth-child(2)",9056fc93fc964c14,auto-detected
F002245,P085,W17,landmark-complementary-is-top-level,,,moderate,8,#block-70,8f391d519c2f8c85,auto-detected
F002246,P085,W17,landmark-complementary-is-top-level,,,moderate,8,".footer-sidebar[role=""complementary""]:nth-child(3)",84509e681e46c882,auto-detected
F002247,P085,W17,landmark-complementary-is-top-level,,,moderate,8,#block-41,611af6de41ce295e,auto-detected
F002248,P085,W17,landmark-unique,,,moderate,1,#secondary,b26de4f5fdb433ba,auto-detected
F002249,P085,W17,link-in-text-block,1.4.1,A,serious,2,"a[href$=""wordpress.org""]",b16d0b0eb999377f,auto-detected
F002250,P085,W17,link-in-text-block,1.4.1,A,serious,2,"a[title=""hitmag wordpress theme""]",39be008b12212e52,auto-detected
F002251,P085,W17,link-name,2.4.4;4.1.2,A,serious,3,#block-67 > figure > a,1b400d8350d32d91,auto-detected
F002252,P085,W17,link-name,2.4.4;4.1.2,A,serious,3,#block-68 > figure > a,5e3d4bb153be58d6,auto-detected
F002253,P085,W17,link-name,2.4.4;4.1.2,A,serious,3,"a[title=""""]",4e6d0f472a80ac2c,auto-detected
F002254,P085,W17,region,,,moderate,3,.yy-button,a0fad8bd99c6aa4e,auto-detected
F002255,P085,W17,region,,,moderate,3,.sgpb-background-image-108224,31213401817fcec2,auto-detected
F002256,P085,W17,region,,,moderate,3,#sgpb-popup-dialog-main-div-wrapper,766f138228f9300c,auto-detected
F002257,P086,W18,button-name,4.1.2,A,critical,7,".owl-themex > .owl-dots > .owl-dot.active[role=""button""]",22291973fc0f6109,auto-detected
F002258,P086,W18,button-name,4.1.2,A,critical,7,".owl-themex > .owl-dots > .owl-dot[role=""button""]:nth-child(2)",5008633570e33213,auto-detected
F002259,P086,W18,button-name,4.1.2,A,critical,7,".owl-dot[role=""button""]:nth-child(3)",c503a8587723cdb9,auto-detected
F002260,P086,W18,button-name,4.1.2,A,critical,7,".section-service-link > .owl-section-service-link.owl-carousel.owl-loaded > .owl-dots > .owl-dot.active[role=""button""]",94446ed6d5f83b7b,auto-detected
F002261,P086,W18,button-name,4.1.2,A,critical,7,".section-service-link > .owl-section-service-link.owl-carousel.owl-loaded > .owl-dots > .owl-dot[role=""button""]:nth-child(2)",7264398096bd7754,auto-detected
F002262,P086,W18,button-name,4.1.2,A,critical,7,".section-heyzine > .owl-section-service-link.owl-carousel.owl-loaded > .owl-dots > .owl-dot.active[role=""button""]",4a744a87d78a3ff6,auto-detected
F002263,P086,W18,button-name,4.1.2,A,critical,7,".section-heyzine > .owl-section-service-link.owl-carousel.owl-loaded > .owl-dots > .owl-dot[role=""button""]:nth-child(2)",25decb07a374313c,auto-detected
F002264,P086,W18,color-contrast,1.4.3,AA,serious,2,".btn.btn-light[href$=""video-informasi/""]",e1c6ac673bf0b222,auto-detected
F002265,P086,W18,color-contrast,1.4.3,AA,serious,2,"a[href$=""ebook-weekly/""]",443817cd9dc46fc1,auto-detected
F002266,P086,W18,heading-order,,,moderate,2,".cloned.owl-item:nth-child(1) > .news-card.to-animate[data-animation=""animate__fadeinright""] > a > .content > h4",b1e1e8bcac43c64f,auto-detected
F002267,P086,W18,heading-order,,,moderate,2,".program-card[data-animation=""animate__fadeinleft""][data-delay=""0.1s""] > div > h6[data-asw-org-font-size=""20""]",e855fa04fe8e89e7,auto-detected
F002268,P086,W18,image-alt,1.1.1,A,critical,16,".cloned.owl-item:nth-child(1) > .heyzine-card.item[data-delay=""0.3s""] > a > .rounded.w-100[src$=""0bbbb1dc59.jpg""]",7da7bb88670c3ca9,auto-detected
F002269,P086,W18,image-alt,1.1.1,A,critical,16,".cloned.owl-item:nth-child(2) > .heyzine-card.item[data-delay=""0.3s""] > a > .rounded.w-100[src=""img/798d5fa986.jpg""]",f426ab8c9d13b718,auto-detected
F002270,P086,W18,image-alt,1.1.1,A,critical,16,".cloned.owl-item:nth-child(3) > .heyzine-card.item[data-delay=""0.3s""] > a > .rounded.w-100[src$=""2ec3440acf.jpg""]",222f329bad4c4f0c,auto-detected
F002271,P086,W18,image-alt,1.1.1,A,critical,16,".cloned.owl-item:nth-child(4) > .heyzine-card.item[data-delay=""0.3s""] > a > .rounded.w-100[src$=""5a578c68ab.jpg""]",fe8b58f334962d4e,auto-detected
F002272,P086,W18,image-alt,1.1.1,A,critical,16,".active.owl-item:nth-child(5) > .heyzine-card.item[data-delay=""0.3s""] > a > .rounded.w-100[src$=""95760c8eab.jpg""]",f923fca526ea20be,auto-detected
F002273,P086,W18,image-alt,1.1.1,A,critical,16,".active.owl-item:nth-child(6) > .heyzine-card.item[data-delay=""0.3s""] > a > .rounded.w-100[src$=""2c42f2a2cd.jpg""]",478f8bb589583984,auto-detected
F002274,P086,W18,image-alt,1.1.1,A,critical,16,".active.owl-item:nth-child(7) > .heyzine-card.item[data-delay=""0.3s""] > .rounded.w-100[src=""img/43730ef498.jpg""]",0051fed111a0b949,auto-detected
F002275,P086,W18,image-alt,1.1.1,A,critical,16,".active.owl-item:nth-child(8) > .heyzine-card.item[data-delay=""0.3s""] > a > .rounded.w-100[src=""img/5e30279c12.jpg""]",76b4a6833946710e,auto-detected
F002276,P086,W18,image-alt,1.1.1,A,critical,16,".owl-item:nth-child(9) > .heyzine-card.item[data-delay=""0.3s""] > a > .rounded.w-100[src$=""0bbbb1dc59.jpg""]",503d915c86a0af36,auto-detected
F002277,P086,W18,image-alt,1.1.1,A,critical,16,".owl-item:nth-child(10) > .heyzine-card.item[data-delay=""0.3s""] > a > .rounded.w-100[src=""img/798d5fa986.jpg""]",e3f3c607504272f7,auto-detected
F002278,P086,W18,image-alt,1.1.1,A,critical,16,".owl-item:nth-child(11) > .heyzine-card.item[data-delay=""0.3s""] > a > .rounded.w-100[src$=""2ec3440acf.jpg""]",ca9dd339bfa60bcd,auto-detected
F002279,P086,W18,image-alt,1.1.1,A,critical,16,".owl-item:nth-child(12) > .heyzine-card.item[data-delay=""0.3s""] > a > .rounded.w-100[src$=""5a578c68ab.jpg""]",86cccefb216389d1,auto-detected
F002280,P086,W18,image-alt,1.1.1,A,critical,16,".cloned.owl-item:nth-child(13) > .heyzine-card.item[data-delay=""0.3s""] > a > .rounded.w-100[src$=""95760c8eab.jpg""]",e48300cd37d6029b,auto-detected
F002281,P086,W18,image-alt,1.1.1,A,critical,16,".cloned.owl-item:nth-child(14) > .heyzine-card.item[data-delay=""0.3s""] > a > .rounded.w-100[src$=""2c42f2a2cd.jpg""]",3b87c2b431648a4d,auto-detected
F002282,P086,W18,image-alt,1.1.1,A,critical,16,".cloned.owl-item:nth-child(15) > .heyzine-card.item[data-delay=""0.3s""] > .rounded.w-100[src=""img/43730ef498.jpg""]",d20a5948b36c0071,auto-detected
F002283,P086,W18,image-alt,1.1.1,A,critical,16,".cloned.owl-item:nth-child(16) > .heyzine-card.item[data-delay=""0.3s""] > a > .rounded.w-100[src=""img/5e30279c12.jpg""]",113d38331e3b8f65,auto-detected
F002284,P086,W18,landmark-one-main,,,moderate,1,html,1c13aa0e03a2b9b5,auto-detected
F002285,P086,W18,link-name,2.4.4;4.1.2,A,serious,11,".subitem-alamat > a[href=""/""][data-asw-org-font-size=""12""][target=""_blank""]",e4d04359316eec45,auto-detected
F002286,P086,W18,link-name,2.4.4;4.1.2,A,serious,11,".item-alamat > a[href=""/""][data-asw-org-font-size=""12""][target=""_blank""]",9cef8afd041abfdf,auto-detected
F002287,P086,W18,link-name,2.4.4;4.1.2,A,serious,11,".col-sm-9 > a[href=""/""][target=""_blank""]",e058bad829aa3b58,auto-detected
F002288,P086,W18,link-name,2.4.4;4.1.2,A,serious,11,".box-info-footer > .row > a[href=""/""][target=""_blank""]",6cbd3d713469c6f9,auto-detected
F002289,P086,W18,link-name,2.4.4;4.1.2,A,serious,11,".box-info-footer > a[href=""/""][target=""_blank""]",9caa79a801813f4b,auto-detected
F002290,P086,W18,link-name,2.4.4;4.1.2,A,serious,11,".col-md-4 > a[href=""/""][target=""_blank""]",7405b2eadb22f58c,auto-detected
F002291,P086,W18,link-name,2.4.4;4.1.2,A,serious,11,".container > .row:nth-child(2) > a[href=""/""][target=""_blank""]",e4219e72588f4742,auto-detected
F002292,P086,W18,link-name,2.4.4;4.1.2,A,serious,11,".col-md-8 > a[href=""/""][target=""_blank""]",b5bb4532e2158853,auto-detected
F002293,P086,W18,link-name,2.4.4;4.1.2,A,serious,11,"a[data-asw-org-font-size=""0""]",83a2f4cf555f0407,auto-detected
F002294,P086,W18,link-name,2.4.4;4.1.2,A,serious,11,".ul.menu-footer > a[href=""/""][target=""_blank""][data-asw-org-font-size=""14""]",7ef44da928b24e2e,auto-detected
F002295,P086,W18,link-name,2.4.4;4.1.2,A,serious,11,"a[href=""/""][data-asw-org-font-size=""13""][target=""_blank""]",a8fa2c5e853d9e12,auto-detected
F002296,P086,W18,list,1.3.1,A,serious,1,.item-menu-footer:nth-child(2) > .ul.menu-footer,e756c35bf058458b,auto-detected
F002297,P086,W18,page-has-heading-one,,,moderate,1,html,ddb75714c10ae793,auto-detected
F002298,P086,W18,region,,,moderate,14,.section-banner-beranda,e469dd4272bff8f1,auto-detected
F002299,P086,W18,region,,,moderate,14,#j-vscreen-news-sm,9b0bd07a7d9fe740,auto-detected
F002300,P086,W18,region,,,moderate,14,#j-vscreen-news-lg,8fcef711c42e8748,auto-detected
F002301,P086,W18,region,,,moderate,14,.owl-themex > .owl-stage-outer,a116a4d63fa0e30d,auto-detected
F002302,P086,W18,region,,,moderate,14,.owl-banner-carousel > .owl-stage-outer,6dc1ba849008b1ac,auto-detected
F002303,P086,W18,region,,,moderate,14,#pills-tab,d6a17fab9a14b754,auto-detected
F002304,P086,W18,region,,,moderate,14,#bansos,8ea2ee49ef3b9813,auto-detected
F002305,P086,W18,region,,,moderate,14,.tag-konten:nth-child(2),68ed5bb1ed07f335,auto-detected
F002306,P086,W18,region,,,moderate,14,.owl-youtube > .owl-stage-outer,91ee0471415dfae7,auto-detected
F002307,P086,W18,region,,,moderate,14,.tag-konten:nth-child(4),98de8ae8817e0b0a,auto-detected
F002308,P086,W18,region,,,moderate,14,.section-service-link > .owl-section-service-link.owl-carousel.owl-loaded > .owl-stage-outer,243476a831b16602,auto-detected
F002309,P086,W18,region,,,moderate,14,.tag-konten:nth-child(6),ab7a31132c10c532,auto-detected
F002310,P086,W18,region,,,moderate,14,.section-heyzine > .owl-section-service-link.owl-carousel.owl-loaded > .owl-stage-outer,b79908067cb3a482,auto-detected
F002311,P086,W18,region,,,moderate,14,.section-footer,2924f0088c3be5b4,auto-detected
F002312,P087,W18,landmark-one-main,,,moderate,1,html,de9d8f6776acda36,auto-detected
F002313,P087,W18,link-name,2.4.4;4.1.2,A,serious,11,".subitem-alamat > a[data-asw-org-font-size=""12""][href=""/""][target=""_blank""]",302fe919b56856f1,auto-detected
F002314,P087,W18,link-name,2.4.4;4.1.2,A,serious,11,".item-alamat > a[data-asw-org-font-size=""12""][href=""/""][target=""_blank""]",80c5b6aee3b4ba86,auto-detected
F002315,P087,W18,link-name,2.4.4;4.1.2,A,serious,11,".col-sm-9 > a[href=""/""][target=""_blank""][data-asw-org-font-size=""16""]",1b6518491390affc,auto-detected
F002316,P087,W18,link-name,2.4.4;4.1.2,A,serious,11,".box-info-footer > .row > a[href=""/""][target=""_blank""][data-asw-org-font-size=""16""]",36274eddd5f28107,auto-detected
F002317,P087,W18,link-name,2.4.4;4.1.2,A,serious,11,".box-info-footer > a[href=""/""][target=""_blank""][data-asw-org-font-size=""16""]",dc6386d690329aa4,auto-detected
F002318,P087,W18,link-name,2.4.4;4.1.2,A,serious,11,".col-md-4 > a[href=""/""][target=""_blank""][data-asw-org-font-size=""16""]",26700b08a1867446,auto-detected
F002319,P087,W18,link-name,2.4.4;4.1.2,A,serious,11,".wrap-footer > .row:nth-child(2) > a[href=""/""][target=""_blank""][data-asw-org-font-size=""16""]",df5624968b726e81,auto-detected
F002320,P087,W18,link-name,2.4.4;4.1.2,A,serious,11,".col-md-8 > a[href=""/""][target=""_blank""][data-asw-org-font-size=""16""]",a0b8af091fdb50ed,auto-detected
F002321,P087,W18,link-name,2.4.4;4.1.2,A,serious,11,"a[data-asw-org-font-size=""0""]",b8ca44f8e8df4994,auto-detected
F002322,P087,W18,link-name,2.4.4;4.1.2,A,serious,11,".ul.menu-footer > a[href=""/""][target=""_blank""][data-asw-org-font-size=""14""]",03c5f5f88c0e3f58,auto-detected
F002323,P087,W18,link-name,2.4.4;4.1.2,A,serious,11,"a[href=""/""][target=""_blank""][data-asw-org-font-size=""13""]",bf208df809c9ede3,auto-detected
F002324,P087,W18,list,1.3.1,A,serious,1,.item-menu-footer:nth-child(2) > .ul.menu-footer,864baad1be81c252,auto-detected
F002325,P087,W18,page-has-heading-one,,,moderate,1,html,16d0dc10f1d2a019,auto-detected
F002326,P087,W18,region,,,moderate,5,.tag-konten,1e6fde303d5f0684,auto-detected
F002327,P087,W18,region,,,moderate,5,.mb-5,ee9c28c7609337ad,auto-detected
F002328,P087,W18,region,,,moderate,5,#nav-tab,4c97d3ec1616b37c,auto-detected
F002329,P087,W18,region,,,moderate,5,#pills-1,5d9457646ff633ae,auto-detected
F002330,P087,W18,region,,,moderate,5,.section-footer,ba513f8431118401,auto-detected
F002331,P088,W18,landmark-one-main,,,moderate,1,html,05805e509d942de7,auto-detected
F002332,P088,W18,link-name,2.4.4;4.1.2,A,serious,11,".subitem-alamat > a[data-asw-org-font-size=""12""][href$=""#alamat-dinas-sosial""]",a7ae35db667fea15,auto-detected
F002333,P088,W18,link-name,2.4.4;4.1.2,A,serious,11,".item-alamat > a[data-asw-org-font-size=""12""][href$=""#alamat-dinas-sosial""]",352281fa2c00858b,auto-detected
F002334,P088,W18,link-name,2.4.4;4.1.2,A,serious,11,".col-sm-9 > a[href$=""#alamat-dinas-sosial""][data-asw-org-font-size=""16""]",08724841a68791a5,auto-detected
F002335,P088,W18,link-name,2.4.4;4.1.2,A,serious,11,".box-info-footer > .row > a[href$=""#alamat-dinas-sosial""][data-asw-org-font-size=""16""]",6fd9466aa9cb8af7,auto-detected
F002336,P088,W18,link-name,2.4.4;4.1.2,A,serious,11,".box-info-footer > a[href$=""#alamat-dinas-sosial""][data-asw-org-font-size=""16""]",544b130329d2a565,auto-detected
F002337,P088,W18,link-name,2.4.4;4.1.2,A,serious,11,".col-md-4 > a[href$=""#alamat-dinas-sosial""][data-asw-org-font-size=""16""]",1f9469e47ae43134,auto-detected
F002338,P088,W18,link-name,2.4.4;4.1.2,A,serious,11,".wrap-footer > .row:nth-child(2) > a[href$=""#alamat-dinas-sosial""][data-asw-org-font-size=""16""]",42f116d20c571b37,auto-detected
F002339,P088,W18,link-name,2.4.4;4.1.2,A,serious,11,".col-md-8 > a[href$=""#alamat-dinas-sosial""][data-asw-org-font-size=""16""]",42ba9865f9c0dadf,auto-detected
F002340,P088,W18,link-name,2.4.4;4.1.2,A,serious,11,"a[data-asw-org-font-size=""0""]",b377e6318a8d1818,auto-detected
F002341,P088,W18,link-name,2.4.4;4.1.2,A,serious,11,".ul.menu-footer > a[href$=""#alamat-dinas-sosial""][data-asw-org-font-size=""14""]",292a6efa3c4f6d21,auto-detected
F002342,P088,W18,link-name,2.4.4;4.1.2,A,serious,11,"a[href$=""#alamat-dinas-sosial""][data-asw-org-font-size=""13""]",12400621088870d5,auto-detected
F002343,P088,W18,list,1.3.1,A,serious,1,.item-menu-footer:nth-child(2) > .ul.menu-footer,7af44e6a3dd711ad,auto-detected
F002344,P088,W18,region,,,moderate,2,.profile,c9c3d3a043fb8b04,auto-detected
F002345,P088,W18,region,,,moderate,2,.section-footer,06169c5e37a041c5,auto-detected
F002346,P089,W18,landmark-one-main,,,moderate,1,html,e065f10eb11bd864,auto-detected
F002347,P089,W18,link-name,2.4.4;4.1.2,A,serious,11,".subitem-alamat > a[data-asw-org-font-size=""12""][href$=""#alamat-dinas-sosial""]",4815ab3cb4785f20,auto-detected
F002348,P089,W18,link-name,2.4.4;4.1.2,A,serious,11,".item-alamat > a[data-asw-org-font-size=""12""][href$=""#alamat-dinas-sosial""]",31a5fbe8c2ea9980,auto-detected
F002349,P089,W18,link-name,2.4.4;4.1.2,A,serious,11,".col-sm-9 > a[href$=""#alamat-dinas-sosial""][data-asw-org-font-size=""16""]",fc353ac6cc12e425,auto-detected
F002350,P089,W18,link-name,2.4.4;4.1.2,A,serious,11,".box-info-footer > .row > a[href$=""#alamat-dinas-sosial""][data-asw-org-font-size=""16""]",d8e00450e3d8dbce,auto-detected
F002351,P089,W18,link-name,2.4.4;4.1.2,A,serious,11,".box-info-footer > a[href$=""#alamat-dinas-sosial""][data-asw-org-font-size=""16""]",94d1db2fdc6b61cc,auto-detected
F002352,P089,W18,link-name,2.4.4;4.1.2,A,serious,11,".col-md-4 > a[href$=""#alamat-dinas-sosial""][data-asw-org-font-size=""16""]",e80d6c4fc03c8dd2,auto-detected
F002353,P089,W18,link-name,2.4.4;4.1.2,A,serious,11,".wrap-footer > .row:nth-child(2) > a[href$=""#alamat-dinas-sosial""][data-asw-org-font-size=""16""]",7245fc9f4600ce85,auto-detected
F002354,P089,W18,link-name,2.4.4;4.1.2,A,serious,11,".col-md-8 > a[href$=""#alamat-dinas-sosial""][data-asw-org-font-size=""16""]",bb827ebd60fad408,auto-detected
F002355,P089,W18,link-name,2.4.4;4.1.2,A,serious,11,"a[data-asw-org-font-size=""0""]",3eb69ef4c9a88379,auto-detected
F002356,P089,W18,link-name,2.4.4;4.1.2,A,serious,11,".ul.menu-footer > a[href$=""#alamat-dinas-sosial""][data-asw-org-font-size=""14""]",be66d469711aa451,auto-detected
F002357,P089,W18,link-name,2.4.4;4.1.2,A,serious,11,"a[href$=""#alamat-dinas-sosial""][data-asw-org-font-size=""13""]",3927f1c9743a2cf8,auto-detected
F002358,P089,W18,list,1.3.1,A,serious,1,.item-menu-footer:nth-child(2) > .ul.menu-footer,343f073abdc89f76,auto-detected
F002359,P089,W18,region,,,moderate,2,.profile,37138127d41357ec,auto-detected
F002360,P089,W18,region,,,moderate,2,.section-footer,bce6fa49583f894b,auto-detected
F002361,P090,W18,button-name,4.1.2,A,critical,7,".owl-themex > .owl-dots > .owl-dot.active[role=""button""]",e9c2593105a6b70b,auto-detected
F002362,P090,W18,button-name,4.1.2,A,critical,7,".owl-themex > .owl-dots > .owl-dot[role=""button""]:nth-child(2)",fd2d72bfe0310b85,auto-detected
F002363,P090,W18,button-name,4.1.2,A,critical,7,".owl-dot[role=""button""]:nth-child(3)",b5b386232b29ca5b,auto-detected
F002364,P090,W18,button-name,4.1.2,A,critical,7,".section-service-link > .owl-section-service-link.owl-carousel.owl-loaded > .owl-dots > .owl-dot.active[role=""button""]",4df73fbdc4eff67f,auto-detected
F002365,P090,W18,button-name,4.1.2,A,critical,7,".section-service-link > .owl-section-service-link.owl-carousel.owl-loaded > .owl-dots > .owl-dot[role=""button""]:nth-child(2)",c8259c88334a930b,auto-detected
F002366,P090,W18,button-name,4.1.2,A,critical,7,".section-heyzine > .owl-section-service-link.owl-carousel.owl-loaded > .owl-dots > .owl-dot.active[role=""button""]",6321b474c7e8693f,auto-detected
F002367,P090,W18,button-name,4.1.2,A,critical,7,".section-heyzine > .owl-section-service-link.owl-carousel.owl-loaded > .owl-dots > .owl-dot[role=""button""]:nth-child(2)",da2ccd1d8e2716c7,auto-detected
F002368,P090,W18,color-contrast,1.4.3,AA,serious,2,".btn.btn-light[href$=""video-informasi/""]",c81f74c78a836c40,auto-detected
F002369,P090,W18,color-contrast,1.4.3,AA,serious,2,"a[href$=""ebook-weekly/""]",e83287b62cea7729,auto-detected
F002370,P090,W18,heading-order,,,moderate,2,".cloned.owl-item:nth-child(1) > .news-card.to-animate[data-animation=""animate__fadeinright""] > a > .content > h4",df44c7f0fc9c8dc7,auto-detected
F002371,P090,W18,heading-order,,,moderate,2,".program-card[data-animation=""animate__fadeinleft""][data-delay=""0.1s""] > div > h6[data-asw-org-font-size=""20""]",e6204217904fb535,auto-detected
F002372,P090,W18,image-alt,1.1.1,A,critical,16,".cloned.owl-item:nth-child(1) > .heyzine-card.item[data-delay=""0.3s""] > a > .rounded.w-100[src$=""0bbbb1dc59.jpg""]",91234fea4e024921,auto-detected
F002373,P090,W18,image-alt,1.1.1,A,critical,16,".cloned.owl-item:nth-child(2) > .heyzine-card.item[data-delay=""0.3s""] > a > .rounded.w-100[src=""img/798d5fa986.jpg""]",0ffaed95eb7b2f8e,auto-detected
F002374,P090,W18,image-alt,1.1.1,A,critical,16,".cloned.owl-item:nth-child(3) > .heyzine-card.item[data-delay=""0.3s""] > a > .rounded.w-100[src$=""2ec3440acf.jpg""]",690dadfadcc87087,auto-detected
F002375,P090,W18,image-alt,1.1.1,A,critical,16,".cloned.owl-item:nth-child(4) > .heyzine-card.item[data-delay=""0.3s""] > a > .rounded.w-100[src$=""5a578c68ab.jpg""]",21e2e440bc30ae7c,auto-detected
F002376,P090,W18,image-alt,1.1.1,A,critical,16,".active.owl-item:nth-child(5) > .heyzine-card.item[data-delay=""0.3s""] > a > .rounded.w-100[src$=""95760c8eab.jpg""]",5b0808db9694bcdf,auto-detected
F002377,P090,W18,image-alt,1.1.1,A,critical,16,".active.owl-item:nth-child(6) > .heyzine-card.item[data-delay=""0.3s""] > a > .rounded.w-100[src$=""2c42f2a2cd.jpg""]",f7b665c4166fb5dd,auto-detected
F002378,P090,W18,image-alt,1.1.1,A,critical,16,".active.owl-item:nth-child(7) > .heyzine-card.item[data-delay=""0.3s""] > .rounded.w-100[src=""img/43730ef498.jpg""]",74ace4d8afcd8b8b,auto-detected
F002379,P090,W18,image-alt,1.1.1,A,critical,16,".active.owl-item:nth-child(8) > .heyzine-card.item[data-delay=""0.3s""] > a > .rounded.w-100[src=""img/5e30279c12.jpg""]",dcfe1f85b07e3e97,auto-detected
F002380,P090,W18,image-alt,1.1.1,A,critical,16,".owl-item:nth-child(9) > .heyzine-card.item[data-delay=""0.3s""] > a > .rounded.w-100[src$=""0bbbb1dc59.jpg""]",1688af93f9b37ad0,auto-detected
F002381,P090,W18,image-alt,1.1.1,A,critical,16,".owl-item:nth-child(10) > .heyzine-card.item[data-delay=""0.3s""] > a > .rounded.w-100[src=""img/798d5fa986.jpg""]",9da4a3be5dbb147e,auto-detected
F002382,P090,W18,image-alt,1.1.1,A,critical,16,".owl-item:nth-child(11) > .heyzine-card.item[data-delay=""0.3s""] > a > .rounded.w-100[src$=""2ec3440acf.jpg""]",b2c698e0dedef9c8,auto-detected
F002383,P090,W18,image-alt,1.1.1,A,critical,16,".owl-item:nth-child(12) > .heyzine-card.item[data-delay=""0.3s""] > a > .rounded.w-100[src$=""5a578c68ab.jpg""]",06e515cf0bbf3354,auto-detected
F002384,P090,W18,image-alt,1.1.1,A,critical,16,".cloned.owl-item:nth-child(13) > .heyzine-card.item[data-delay=""0.3s""] > a > .rounded.w-100[src$=""95760c8eab.jpg""]",e5308f485bdb0d06,auto-detected
F002385,P090,W18,image-alt,1.1.1,A,critical,16,".cloned.owl-item:nth-child(14) > .heyzine-card.item[data-delay=""0.3s""] > a > .rounded.w-100[src$=""2c42f2a2cd.jpg""]",4cb3f2ae3b43b8ae,auto-detected
F002386,P090,W18,image-alt,1.1.1,A,critical,16,".cloned.owl-item:nth-child(15) > .heyzine-card.item[data-delay=""0.3s""] > .rounded.w-100[src=""img/43730ef498.jpg""]",c6b61dae14f50817,auto-detected
F002387,P090,W18,image-alt,1.1.1,A,critical,16,".cloned.owl-item:nth-child(16) > .heyzine-card.item[data-delay=""0.3s""] > a > .rounded.w-100[src=""img/5e30279c12.jpg""]",bbd0372175429955,auto-detected
F002388,P090,W18,landmark-one-main,,,moderate,1,html,5e550a39c41b3a70,auto-detected
F002389,P090,W18,link-name,2.4.4;4.1.2,A,serious,11,".subitem-alamat > a[href=""/""][data-asw-org-font-size=""12""][target=""_blank""]",272be0b19f55c1b7,auto-detected
F002390,P090,W18,link-name,2.4.4;4.1.2,A,serious,11,".item-alamat > a[href=""/""][data-asw-org-font-size=""12""][target=""_blank""]",8f9914c0e66da487,auto-detected
F002391,P090,W18,link-name,2.4.4;4.1.2,A,serious,11,".col-sm-9 > a[href=""/""][target=""_blank""]",9aabf7769e08c3d0,auto-detected
F002392,P090,W18,link-name,2.4.4;4.1.2,A,serious,11,".box-info-footer > .row > a[href=""/""][target=""_blank""]",6f9fca9590d8098d,auto-detected
F002393,P090,W18,link-name,2.4.4;4.1.2,A,serious,11,".box-info-footer > a[href=""/""][target=""_blank""]",08e4fa14a69a9d30,auto-detected
F002394,P090,W18,link-name,2.4.4;4.1.2,A,serious,11,".col-md-4 > a[href=""/""][target=""_blank""]",42f2377797b23878,auto-detected
F002395,P090,W18,link-name,2.4.4;4.1.2,A,serious,11,".container > .row:nth-child(2) > a[href=""/""][target=""_blank""]",3667af3ad56d7b38,auto-detected
F002396,P090,W18,link-name,2.4.4;4.1.2,A,serious,11,".col-md-8 > a[href=""/""][target=""_blank""]",e5abdfc4547a2e42,auto-detected
F002397,P090,W18,link-name,2.4.4;4.1.2,A,serious,11,"a[data-asw-org-font-size=""0""]",b86a91d24c9eb728,auto-detected
F002398,P090,W18,link-name,2.4.4;4.1.2,A,serious,11,".ul.menu-footer > a[href=""/""][target=""_blank""][data-asw-org-font-size=""14""]",490b71525d5d7d78,auto-detected
F002399,P090,W18,link-name,2.4.4;4.1.2,A,serious,11,"a[href=""/""][data-asw-org-font-size=""13""][target=""_blank""]",19577ce0bca588f4,auto-detected
F002400,P090,W18,list,1.3.1,A,serious,1,.item-menu-footer:nth-child(2) > .ul.menu-footer,0a8a87b128ee795f,auto-detected
F002401,P090,W18,page-has-heading-one,,,moderate,1,html,55758cb16222af74,auto-detected
F002402,P090,W18,region,,,moderate,14,.section-banner-beranda,6e3a8d5cef3a599d,auto-detected
F002403,P090,W18,region,,,moderate,14,#j-vscreen-news-sm,586e871dd312e955,auto-detected
F002404,P090,W18,region,,,moderate,14,#j-vscreen-news-lg,1fa46e0a6f751215,auto-detected
F002405,P090,W18,region,,,moderate,14,.owl-themex > .owl-stage-outer,5999165c7cdf287d,auto-detected
F002406,P090,W18,region,,,moderate,14,.owl-banner-carousel > .owl-stage-outer,a99304b5bdb7eddc,auto-detected
F002407,P090,W18,region,,,moderate,14,#pills-tab,1f9b64534b2f10b9,auto-detected
F002408,P090,W18,region,,,moderate,14,#bansos,0aae4d22344f15a2,auto-detected
F002409,P090,W18,region,,,moderate,14,.tag-konten:nth-child(2),d86680b09cba1e61,auto-detected
F002410,P090,W18,region,,,moderate,14,.owl-youtube > .owl-stage-outer,4ecbc0e62833b18e,auto-detected
F002411,P090,W18,region,,,moderate,14,.tag-konten:nth-child(4),b27f7808994958c2,auto-detected
F002412,P090,W18,region,,,moderate,14,.section-service-link > .owl-section-service-link.owl-carousel.owl-loaded > .owl-stage-outer,bb4ea50c3ea22c28,auto-detected
F002413,P090,W18,region,,,moderate,14,.tag-konten:nth-child(6),ca2d66ac59dd5ff8,auto-detected
F002414,P090,W18,region,,,moderate,14,.section-heyzine > .owl-section-service-link.owl-carousel.owl-loaded > .owl-stage-outer,e6554704f88eb941,auto-detected
F002415,P090,W18,region,,,moderate,14,.section-footer,4d4a9483ab639d4e,auto-detected
F002416,P091,W19,aria-prohibited-attr,4.1.2,A,serious,2,.swiper-pagination-bullet-active,0c266ce5085d72d7,auto-detected
F002417,P091,W19,aria-prohibited-attr,4.1.2,A,serious,2,"span[aria-label=""go to slide 02""]",c6ef3d76b87a0612,auto-detected
F002418,P091,W19,color-contrast,1.4.3,AA,serious,3,".mt-50 > .th-btn.th-icon[href=""#""]",ef214adc89f5336a,auto-detected
F002419,P091,W19,color-contrast,1.4.3,AA,serious,3,div:nth-child(1) > strong,7e9218547246c39d,auto-detected
F002420,P091,W19,color-contrast,1.4.3,AA,serious,3,#btn-install,b09b0ccd845202dc,auto-detected
F002421,P091,W19,link-in-text-block,1.4.1,A,serious,1,"a[href=""/""]",7eda84949d8e1a25,auto-detected
F002422,P091,W19,link-name,2.4.4;4.1.2,A,serious,12,.video-play-btn,d5498bec280184ee,auto-detected
F002423,P091,W19,link-name,2.4.4;4.1.2,A,serious,12,"div[aria-label=""1 / 6""] > .block.transition-transform[href$=""kemensos.go.id/""]",668d2b5bf634c70d,auto-detected
F002424,P091,W19,link-name,2.4.4;4.1.2,A,serious,12,"a[href$=""lapor.go.id/""]",5e3f6c2968ba3923,auto-detected
F002425,P091,W19,link-name,2.4.4;4.1.2,A,serious,12,"div[aria-label=""3 / 6""] > .block.transition-transform[href$=""nttprov.go.id/""]",3072ceeae7dbcd69,auto-detected
F002426,P091,W19,link-name,2.4.4;4.1.2,A,serious,12,"div[aria-label=""4 / 6""] > .block.transition-transform[href$=""kemensos.go.id/""]",a3a4df54ec423bd3,auto-detected
F002427,P091,W19,link-name,2.4.4;4.1.2,A,serious,12,"a[href$=""kemendagri.go.id/""]",84b39c4f7977509b,auto-detected
F002428,P091,W19,link-name,2.4.4;4.1.2,A,serious,12,"div[aria-label=""6 / 6""] > .block.transition-transform[href$=""nttprov.go.id/""]",3227f89ed38ba950,auto-detected
F002429,P091,W19,link-name,2.4.4;4.1.2,A,serious,12,".pt-5 > .th-social > a[target=""_blank""]:nth-child(1)",95e815629e1899f4,auto-detected
F002430,P091,W19,link-name,2.4.4;4.1.2,A,serious,12,".pt-5 > .th-social > a[target=""_blank""]:nth-child(2)",75cfb3ef51ed8b17,auto-detected
F002431,P091,W19,link-name,2.4.4;4.1.2,A,serious,12,".pt-5 > .th-social > a[target=""_blank""]:nth-child(3)",bed2e4ea8450f918,auto-detected
F002432,P091,W19,link-name,2.4.4;4.1.2,A,serious,12,".pt-5 > .th-social > a[target=""_blank""]:nth-child(4)",faf44061a2dc9cb9,auto-detected
F002433,P091,W19,link-name,2.4.4;4.1.2,A,serious,12,".pt-5 > .th-social > a[target=""_blank""]:nth-child(5)",876fc0c987dbc060,auto-detected
F002434,P091,W19,region,,,moderate,1,#install-banner > div > div:nth-child(1),eec1d836cfc52a1a,auto-detected
F002435,P092,W19,color-contrast,1.4.3,AA,serious,4,.breadcumb-menu > li:nth-child(3),45f34d577f303ce2,auto-detected
F002436,P092,W19,color-contrast,1.4.3,AA,serious,4,#tab-selayang-desk,c3f5e7dc73c15e7c,auto-detected
F002437,P092,W19,color-contrast,1.4.3,AA,serious,4,div:nth-child(1) > strong,2a8a6cecd174bc66,auto-detected
F002438,P092,W19,color-contrast,1.4.3,AA,serious,4,#btn-install,ad3510431f51c964,auto-detected
F002439,P092,W19,heading-order,,,moderate,1,.fs-5,c040690e6bf0fc34,auto-detected
F002440,P092,W19,link-in-text-block,1.4.1,A,serious,1,"a[href=""/""]",0072864cac2c895f,auto-detected
F002441,P092,W19,link-name,2.4.4;4.1.2,A,serious,5,".pt-5 > .th-social > a[target=""_blank""]:nth-child(1)",9a15270f69fa46ad,auto-detected
F002442,P092,W19,link-name,2.4.4;4.1.2,A,serious,5,".pt-5 > .th-social > a[target=""_blank""]:nth-child(2)",1fc2f4a716884795,auto-detected
F002443,P092,W19,link-name,2.4.4;4.1.2,A,serious,5,".pt-5 > .th-social > a[target=""_blank""]:nth-child(3)",2c5a5fb280731235,auto-detected
F002444,P092,W19,link-name,2.4.4;4.1.2,A,serious,5,".pt-5 > .th-social > a[target=""_blank""]:nth-child(4)",c880e07fe1fda9a2,auto-detected
F002445,P092,W19,link-name,2.4.4;4.1.2,A,serious,5,".pt-5 > .th-social > a[target=""_blank""]:nth-child(5)",96a90eed94d21ebf,auto-detected
F002446,P092,W19,region,,,moderate,1,#install-banner > div > div:nth-child(1),3141c885c16e2d9e,auto-detected
F002447,P093,W19,color-contrast,1.4.3,AA,serious,4,.breadcumb-menu > li:nth-child(2),359f28f8ad7d9f05,auto-detected
F002448,P093,W19,color-contrast,1.4.3,AA,serious,4,#tab-sop-desk,fbc42af82d7ae0e8,auto-detected
F002449,P093,W19,color-contrast,1.4.3,AA,serious,4,div:nth-child(1) > strong,2c7c0411965d5dda,auto-detected
F002450,P093,W19,color-contrast,1.4.3,AA,serious,4,#btn-install,9c69ee64e9a0e560,auto-detected
F002451,P093,W19,heading-order,,,moderate,1,.fs-5.widget_title.pb-2,7bae67c30c5963db,auto-detected
F002452,P093,W19,link-in-text-block,1.4.1,A,serious,1,"a[href=""/""]",2ad8b040c631d16c,auto-detected
F002453,P093,W19,link-name,2.4.4;4.1.2,A,serious,5,".pt-5 > .th-social > a[target=""_blank""]:nth-child(1)",72b236b4ed027142,auto-detected
F002454,P093,W19,link-name,2.4.4;4.1.2,A,serious,5,".pt-5 > .th-social > a[target=""_blank""]:nth-child(2)",c76440cc940a53ff,auto-detected
F002455,P093,W19,link-name,2.4.4;4.1.2,A,serious,5,".pt-5 > .th-social > a[target=""_blank""]:nth-child(3)",2ef09b344c45e87a,auto-detected
F002456,P093,W19,link-name,2.4.4;4.1.2,A,serious,5,".pt-5 > .th-social > a[target=""_blank""]:nth-child(4)",9fd8539a0f5f65e1,auto-detected
F002457,P093,W19,link-name,2.4.4;4.1.2,A,serious,5,".pt-5 > .th-social > a[target=""_blank""]:nth-child(5)",0dcb04f68c9f79b3,auto-detected
F002458,P093,W19,region,,,moderate,1,#install-banner > div > div:nth-child(1),b402fe315312d852,auto-detected
F002459,P094,W19,button-name,4.1.2,A,critical,1,"button[type=""submit""]",cf7a5ed1c6331214,auto-detected
F002460,P094,W19,color-contrast,1.4.3,AA,serious,2,div:nth-child(1) > strong,7daf770ad660e8ff,auto-detected
F002461,P094,W19,color-contrast,1.4.3,AA,serious,2,#btn-install,f2a602d05b2c72b4,auto-detected
F002462,P094,W19,heading-order,,,moderate,1,.col-md-6:nth-child(1) > .pb-2.border-bottom.widget_title > h5,fc7e43e72abc65f0,auto-detected
F002463,P094,W19,landmark-unique,,,moderate,1,.main-menu,bd689a914697f5ef,auto-detected
F002464,P094,W19,link-in-text-block,1.4.1,A,serious,1,"a[href=""/""]",b5452ae0de3a3fde,auto-detected
F002465,P094,W19,link-name,2.4.4;4.1.2,A,serious,5,".pt-5 > .th-social > a[target=""_blank""]:nth-child(1)",5059a20bdeae8255,auto-detected
F002466,P094,W19,link-name,2.4.4;4.1.2,A,serious,5,".pt-5 > .th-social > a[target=""_blank""]:nth-child(2)",1a0a130db7759691,auto-detected
F002467,P094,W19,link-name,2.4.4;4.1.2,A,serious,5,".pt-5 > .th-social > a[target=""_blank""]:nth-child(3)",0a511669ff3eb271,auto-detected
F002468,P094,W19,link-name,2.4.4;4.1.2,A,serious,5,".pt-5 > .th-social > a[target=""_blank""]:nth-child(4)",8a0169f2d8ad4a9b,auto-detected
F002469,P094,W19,link-name,2.4.4;4.1.2,A,serious,5,".pt-5 > .th-social > a[target=""_blank""]:nth-child(5)",36dca68a889408f8,auto-detected
F002470,P094,W19,region,,,moderate,1,#install-banner > div > div:nth-child(1),c74adfed9a35d1ce,auto-detected
F002471,P095,W19,color-contrast,1.4.3,AA,serious,13,.mb-5.justify-content-center.row > .col-lg-8.text-center > .title-area > .sub-title,e03ebc1e0fea388b,auto-detected
F002472,P095,W19,color-contrast,1.4.3,AA,serious,13,"a[href=""tel:+62380821309""]",59d5e4536a84971d,auto-detected
F002473,P095,W19,color-contrast,1.4.3,AA,serious,13,"a[href=""tel:+62380821310""]",fa0d9d7de5e7e3dc,auto-detected
F002474,P095,W19,color-contrast,1.4.3,AA,serious,13,"a[href=""mailto:dinsos@nttprov.go.id""]",503cc78e81593ea5,auto-detected
F002475,P095,W19,color-contrast,1.4.3,AA,serious,13,.col-lg-4.col-md-6:nth-child(3) > .contact-feature > .media-body > .box-text > a:nth-child(2),806f0244449b82cf,auto-detected
F002476,P095,W19,color-contrast,1.4.3,AA,serious,13,"a[href=""https://wa.me/6281234567890""]",bc5125dc869ff097,auto-detected
F002477,P095,W19,color-contrast,1.4.3,AA,serious,13,".col-lg-4.col-md-6:nth-child(6) > .contact-feature > .media-body > .box-text > a[target=""_blank""]:nth-child(1)",17f246086f1d44f1,auto-detected
F002478,P095,W19,color-contrast,1.4.3,AA,serious,13,"a[href$=""dinsosntt""]:nth-child(3)",7a53410fd4333fed,auto-detected
F002479,P095,W19,color-contrast,1.4.3,AA,serious,13,.mb-40 > .sub-title,b487ad64c2a2d261,auto-detected
F002480,P095,W19,color-contrast,1.4.3,AA,serious,13,.mt-4 > p,d7d8bbc15e3ec9da,auto-detected
F002481,P095,W19,color-contrast,1.4.3,AA,serious,13,.col-lg-8.mb-5.text-center > .title-area > .sub-title,c49904f9dfd17aae,auto-detected
F002482,P095,W19,color-contrast,1.4.3,AA,serious,13,div:nth-child(1) > strong,4ff4dd13ae35cc90,auto-detected
F002483,P095,W19,color-contrast,1.4.3,AA,serious,13,#btn-install,8acb906f063ba686,auto-detected
F002484,P095,W19,frame-title,4.1.2,A,serious,1,iframe,3b52ab90dcacef41,auto-detected
F002485,P095,W19,heading-order,,,moderate,1,h4,6963467073b4e89d,auto-detected
F002486,P095,W19,link-in-text-block,1.4.1,A,serious,1,"a[href=""/""]",1a40068184f27976,auto-detected
F002487,P095,W19,link-name,2.4.4;4.1.2,A,serious,5,".pt-5 > .th-social > a[target=""_blank""]:nth-child(1)",13bf0092d44ab1a4,auto-detected
F002488,P095,W19,link-name,2.4.4;4.1.2,A,serious,5,".pt-5 > .th-social > a[target=""_blank""]:nth-child(2)",8d312b390c2c2120,auto-detected
F002489,P095,W19,link-name,2.4.4;4.1.2,A,serious,5,".pt-5 > .th-social > a[target=""_blank""]:nth-child(3)",dab7b6c6382395ff,auto-detected
F002490,P095,W19,link-name,2.4.4;4.1.2,A,serious,5,".pt-5 > .th-social > a[target=""_blank""]:nth-child(4)",9f13894fc21cb2ae,auto-detected
F002491,P095,W19,link-name,2.4.4;4.1.2,A,serious,5,".pt-5 > .th-social > a[target=""_blank""]:nth-child(5)",d95f7874b84aafd7,auto-detected
F002492,P095,W19,region,,,moderate,1,#install-banner > div > div:nth-child(1),e372ff7f21c5e114,auto-detected
F002493,P095,W19,select-name,4.1.2,A,critical,1,#subjek,6bce4fd85c6e4bc2,auto-detected
F002494,P096,W20,button-name,4.1.2,A,critical,1,.open-toolbar,0417854a500dfcb3,auto-detected
F002495,P096,W20,color-contrast,1.4.3,AA,serious,14,".my-4:nth-child(1) > a[href=""/""]",0e82a9e2c2c58c3e,auto-detected
F002496,P096,W20,color-contrast,1.4.3,AA,serious,14,.md\:px-1.cursor-pointer:nth-child(2) > .gap-2.language-switcher.items-center > a,67568932f194c1a2,auto-detected
F002497,P096,W20,color-contrast,1.4.3,AA,serious,14,"a[href$=""berita""]",f16d80a49494c113,auto-detected
F002498,P096,W20,color-contrast,1.4.3,AA,serious,14,.md\:px-1.cursor-pointer:nth-child(4) > .gap-2.language-switcher.items-center > a,f67f477d6454b821,auto-detected
F002499,P096,W20,color-contrast,1.4.3,AA,serious,14,.md\:px-1.cursor-pointer:nth-child(5) > .gap-2.language-switcher.items-center > a,cc462d92caf766b5,auto-detected
F002500,P096,W20,color-contrast,1.4.3,AA,serious,14,.md\:px-1.cursor-pointer:nth-child(6) > .gap-2.language-switcher.items-center > a,b04b841dcfddc1a9,auto-detected
F002501,P096,W20,color-contrast,1.4.3,AA,serious,14,.md\:px-1.cursor-pointer:nth-child(7) > .gap-2.language-switcher.items-center > a,1e942e081887c07f,auto-detected
F002502,P096,W20,color-contrast,1.4.3,AA,serious,14,.md\:px-1.cursor-pointer:nth-child(8) > .gap-2.language-switcher.items-center > a,9d2787c636a4f6dc,auto-detected
F002503,P096,W20,color-contrast,1.4.3,AA,serious,14,.dark\:text-white.items-center.flex:nth-child(1) > .ml-2,65cc38c7914c7240,auto-detected
F002504,P096,W20,color-contrast,1.4.3,AA,serious,14,.gap-3 > .dark\:text-white.items-center.flex:nth-child(2) > .ml-2,6cab594809d8d55a,auto-detected
F002505,P096,W20,color-contrast,1.4.3,AA,serious,14,.mt-3.dark\:text-white.items-center > .ml-2,76259cc4d6dfc6fe,auto-detected
F002506,P096,W20,color-contrast,1.4.3,AA,serious,14,.flex-col.dark\:text-white.flex > div:nth-child(1),fe47275ff2cf8fd0,auto-detected
F002507,P096,W20,color-contrast,1.4.3,AA,serious,14,"a[href$=""sitemap""]",3e564966ccfc7a80,auto-detected
F002508,P096,W20,color-contrast,1.4.3,AA,serious,14,.bottom-5 > .text-sm.relative,13f0afee585c009f,auto-detected
F002509,P096,W20,image-redundant-alt,,,minor,1,.mx-5,c492240bb1cfb479,auto-detected
F002510,P096,W20,region,,,moderate,12,#taccessbility,38f45e12cfa7e88e,auto-detected
F002511,P096,W20,region,,,moderate,12,.btn-container,518c2cefaeef7a6f,auto-detected
F002512,P096,W20,region,,,moderate,12,#mobileapp,7ec11ce21456abe6,auto-detected
F002513,P096,W20,region,,,moderate,12,#tincreasetext,db8eee44be500750,auto-detected
F002514,P096,W20,region,,,moderate,12,#tdecreasetext,58f63d0ee24cf3fa,auto-detected
F002515,P096,W20,region,,,moderate,12,#tegrayscale,4acff9396d3486c3,auto-detected
F002516,P096,W20,region,,,moderate,12,#thcontrash,34fffb7a21d7d51f,auto-detected
F002517,P096,W20,region,,,moderate,12,#tncontrash,ce7030b7ed592cf9,auto-detected
F002518,P096,W20,region,,,moderate,12,#tlgcontrash,f0bfd453f7ccbc19,auto-detected
F002519,P096,W20,region,,,moderate,12,#treadablefont,2a306bf0a8dfe4c7,auto-detected
F002520,P096,W20,region,,,moderate,12,#tlinkunderline,670abb4eaa01e9c3,auto-detected
F002521,P096,W20,region,,,moderate,12,#tidreset,4185db8fcd903299,auto-detected
F002522,P097,W20,button-name,4.1.2,A,critical,1,.open-toolbar,c3b6f7d2d8fbe9a2,auto-detected
F002523,P097,W20,color-contrast,1.4.3,AA,serious,17,".my-4:nth-child(1) > a[href=""/""]",462cf9193b7c3158,auto-detected
F002524,P097,W20,color-contrast,1.4.3,AA,serious,17,.my-2.md\:px-1.px-4:nth-child(2) > .gap-2.language-switcher.items-center > a,75c0491ea6013d25,auto-detected
F002525,P097,W20,color-contrast,1.4.3,AA,serious,17,"a[href$=""berita""]",c738fa3e557eea97,auto-detected
F002526,P097,W20,color-contrast,1.4.3,AA,serious,17,.my-2.md\:px-1.px-4:nth-child(4) > .gap-2.language-switcher.items-center > a,627251063b2be113,auto-detected
F002527,P097,W20,color-contrast,1.4.3,AA,serious,17,.my-2.md\:px-1.px-4:nth-child(5) > .gap-2.language-switcher.items-center > a,7c2efa02940f6013,auto-detected
F002528,P097,W20,color-contrast,1.4.3,AA,serious,17,.my-2.md\:px-1.px-4:nth-child(6) > .gap-2.language-switcher.items-center > a,a8dc29417a3b6063,auto-detected
F002529,P097,W20,color-contrast,1.4.3,AA,serious,17,.my-2.md\:px-1.px-4:nth-child(7) > .gap-2.language-switcher.items-center > a,6df350f9234bbc3e,auto-detected
F002530,P097,W20,color-contrast,1.4.3,AA,serious,17,.my-2.md\:px-1.px-4:nth-child(8) > .gap-2.language-switcher.items-center > a,031080423b645aa2,auto-detected
F002531,P097,W20,color-contrast,1.4.3,AA,serious,17,.dark\:text-white.items-center.flex:nth-child(1) > .ml-2,ad039356449135d6,auto-detected
F002532,P097,W20,color-contrast,1.4.3,AA,serious,17,.gap-3 > .dark\:text-white.items-center.flex:nth-child(2) > .ml-2,5ff6f310f4a4d12b,auto-detected
F002533,P097,W20,color-contrast,1.4.3,AA,serious,17,.mt-3.dark\:text-white.items-center > .ml-2,f60a07bb6e2e697d,auto-detected
F002534,P097,W20,color-contrast,1.4.3,AA,serious,17,.flex-col.dark\:text-white.flex > div:nth-child(1),dfcf2ae56bb366f8,auto-detected
F002535,P097,W20,color-contrast,1.4.3,AA,serious,17,#visitor-count-today,5344a38c213895bb,auto-detected
F002536,P097,W20,color-contrast,1.4.3,AA,serious,17,#visitor-count-this-month,55e869724a843038,auto-detected
F002537,P097,W20,color-contrast,1.4.3,AA,serious,17,#visitor-count-this-year,3fbffe4fede8cfea,auto-detected
F002538,P097,W20,color-contrast,1.4.3,AA,serious,17,"a[href$=""sitemap""]",64fc9d254e1c1dd8,auto-detected
F002539,P097,W20,color-contrast,1.4.3,AA,serious,17,.bottom-5 > .text-sm.relative,eb13cc3b3ea5bc20,auto-detected
F002540,P097,W20,image-alt,1.1.1,A,critical,1,"img[width=""1600""]",b542f5f604a803d1,auto-detected
F002541,P097,W20,image-redundant-alt,,,minor,1,.mx-5,9586b72da0cebb39,auto-detected
F002542,P097,W20,region,,,moderate,12,#taccessbility,263d22261efc0008,auto-detected
F002543,P097,W20,region,,,moderate,12,.btn-container,ae4da5a9d087ff6f,auto-detected
F002544,P097,W20,region,,,moderate,12,#mobileapp,a2ab7218ff10e3aa,auto-detected
F002545,P097,W20,region,,,moderate,12,#tincreasetext,a3f5849f1895e044,auto-detected
F002546,P097,W20,region,,,moderate,12,#tdecreasetext,4fdf41a2266529bc,auto-detected
F002547,P097,W20,region,,,moderate,12,#tegrayscale,364ea6eb6ccdc1d0,auto-detected
F002548,P097,W20,region,,,moderate,12,#thcontrash,801c5499c82df2fc,auto-detected
F002549,P097,W20,region,,,moderate,12,#tncontrash,8aae517f791cf3ba,auto-detected
F002550,P097,W20,region,,,moderate,12,#tlgcontrash,cc306176e1144654,auto-detected
F002551,P097,W20,region,,,moderate,12,#treadablefont,f9af0f6cb75e0409,auto-detected
F002552,P097,W20,region,,,moderate,12,#tlinkunderline,21d35261a3248149,auto-detected
F002553,P097,W20,region,,,moderate,12,#tidreset,5cedd2b6ec7cc178,auto-detected
F002554,P098,W20,button-name,4.1.2,A,critical,1,.open-toolbar,887834be869551df,auto-detected
F002555,P098,W20,color-contrast,1.4.3,AA,serious,14,".my-4:nth-child(1) > a[href=""/""]",f29b68a523583ee9,auto-detected
F002556,P098,W20,color-contrast,1.4.3,AA,serious,14,.my-2.md\:px-1.px-4:nth-child(2) > .gap-2.language-switcher.items-center > a,c619e7c635e76eb1,auto-detected
F002557,P098,W20,color-contrast,1.4.3,AA,serious,14,"a[href$=""berita""]",0e0d99cf787658f1,auto-detected
F002558,P098,W20,color-contrast,1.4.3,AA,serious,14,.my-2.md\:px-1.px-4:nth-child(4) > .gap-2.language-switcher.items-center > a,43dc791ecc799caa,auto-detected
F002559,P098,W20,color-contrast,1.4.3,AA,serious,14,.my-2.md\:px-1.px-4:nth-child(5) > .gap-2.language-switcher.items-center > a,aa2de07f69431058,auto-detected
F002560,P098,W20,color-contrast,1.4.3,AA,serious,14,.my-2.md\:px-1.px-4:nth-child(6) > .gap-2.language-switcher.items-center > a,db5c6eaf1478105a,auto-detected
F002561,P098,W20,color-contrast,1.4.3,AA,serious,14,.my-2.md\:px-1.px-4:nth-child(7) > .gap-2.language-switcher.items-center > a,e2582763a252926e,auto-detected
F002562,P098,W20,color-contrast,1.4.3,AA,serious,14,.my-2.md\:px-1.px-4:nth-child(8) > .gap-2.language-switcher.items-center > a,9198bbba4877512e,auto-detected
F002563,P098,W20,color-contrast,1.4.3,AA,serious,14,.dark\:text-white.items-center.flex:nth-child(1) > .ml-2,05f1118dd6a41e52,auto-detected
F002564,P098,W20,color-contrast,1.4.3,AA,serious,14,.gap-3 > .dark\:text-white.items-center.flex:nth-child(2) > .ml-2,dc3c0e1e33cc3063,auto-detected
F002565,P098,W20,color-contrast,1.4.3,AA,serious,14,.mt-3.dark\:text-white.items-center > .ml-2,e980e8b896f559bc,auto-detected
F002566,P098,W20,color-contrast,1.4.3,AA,serious,14,.flex-col.dark\:text-white.flex > div:nth-child(1),943c224c9aee6056,auto-detected
F002567,P098,W20,color-contrast,1.4.3,AA,serious,14,"a[href$=""sitemap""]",9cced087ec4bf25c,auto-detected
F002568,P098,W20,color-contrast,1.4.3,AA,serious,14,.bottom-5 > .text-sm.relative,f720c1ef8b9e6bc4,auto-detected
F002569,P098,W20,image-redundant-alt,,,minor,1,img,56fca5cf9a86f1e9,auto-detected
F002570,P098,W20,region,,,moderate,12,#taccessbility,05fd1f11cfcff95a,auto-detected
F002571,P098,W20,region,,,moderate,12,.btn-container,2a5e38636f58cd51,auto-detected
F002572,P098,W20,region,,,moderate,12,#mobileapp,0208bb1ee3527650,auto-detected
F002573,P098,W20,region,,,moderate,12,#tincreasetext,5e10a90a34509180,auto-detected
F002574,P098,W20,region,,,moderate,12,#tdecreasetext,ecddd45de773cf77,auto-detected
F002575,P098,W20,region,,,moderate,12,#tegrayscale,3887babadea3c137,auto-detected
F002576,P098,W20,region,,,moderate,12,#thcontrash,bd1c7ec953289352,auto-detected
F002577,P098,W20,region,,,moderate,12,#tncontrash,485295d783ab4dcb,auto-detected
F002578,P098,W20,region,,,moderate,12,#tlgcontrash,1f75307a072a50b4,auto-detected
F002579,P098,W20,region,,,moderate,12,#treadablefont,40afafb04c46a328,auto-detected
F002580,P098,W20,region,,,moderate,12,#tlinkunderline,743602621886ec93,auto-detected
F002581,P098,W20,region,,,moderate,12,#tidreset,b6ed259163fdba2d,auto-detected
F002582,P099,W20,button-name,4.1.2,A,critical,1,.open-toolbar,18048f113a4980e5,auto-detected
F002583,P099,W20,color-contrast,1.4.3,AA,serious,17,".my-4:nth-child(1) > a[href=""/""]",e2b42489949bbe15,auto-detected
F002584,P099,W20,color-contrast,1.4.3,AA,serious,17,.md\:px-1.cursor-pointer.my-2:nth-child(2) > .gap-2.language-switcher.items-center > a,cb0f8cd94e308606,auto-detected
F002585,P099,W20,color-contrast,1.4.3,AA,serious,17,"a[href$=""berita""]",29dace7c10fd67b4,auto-detected
F002586,P099,W20,color-contrast,1.4.3,AA,serious,17,.md\:px-1.cursor-pointer.my-2:nth-child(4) > .gap-2.language-switcher.items-center > a,b27bf0bddec980e5,auto-detected
F002587,P099,W20,color-contrast,1.4.3,AA,serious,17,.md\:px-1.cursor-pointer.my-2:nth-child(5) > .gap-2.language-switcher.items-center > a,064ba47624f49015,auto-detected
F002588,P099,W20,color-contrast,1.4.3,AA,serious,17,.md\:px-1.cursor-pointer.my-2:nth-child(6) > .gap-2.language-switcher.items-center > a,d80220f6726b8ca0,auto-detected
F002589,P099,W20,color-contrast,1.4.3,AA,serious,17,.md\:px-1.cursor-pointer.my-2:nth-child(7) > .gap-2.language-switcher.items-center > a,e92926bf5c71181f,auto-detected
F002590,P099,W20,color-contrast,1.4.3,AA,serious,17,.md\:px-1.cursor-pointer.my-2:nth-child(8) > .gap-2.language-switcher.items-center > a,0fe83b1827c9c92b,auto-detected
F002591,P099,W20,color-contrast,1.4.3,AA,serious,17,.dark\:text-white.items-center.flex:nth-child(1) > .ml-2,293acd3b4399ec23,auto-detected
F002592,P099,W20,color-contrast,1.4.3,AA,serious,17,.gap-3 > .dark\:text-white.items-center.flex:nth-child(2) > .ml-2,bf3faeee19e98db1,auto-detected
F002593,P099,W20,color-contrast,1.4.3,AA,serious,17,.mt-3.dark\:text-white.items-center > .ml-2,33529adddb9e0b60,auto-detected
F002594,P099,W20,color-contrast,1.4.3,AA,serious,17,.flex-col.dark\:text-white.flex > div:nth-child(1),2c7fb8ef30d9aa2b,auto-detected
F002595,P099,W20,color-contrast,1.4.3,AA,serious,17,#visitor-count-today,06b24be6c51a2ded,auto-detected
F002596,P099,W20,color-contrast,1.4.3,AA,serious,17,#visitor-count-this-month,15e976c63ee3a0cd,auto-detected
F002597,P099,W20,color-contrast,1.4.3,AA,serious,17,#visitor-count-this-year,ce64ccc282cf70ed,auto-detected
F002598,P099,W20,color-contrast,1.4.3,AA,serious,17,"a[href$=""sitemap""]",7c5a49c3985f2ec0,auto-detected
F002599,P099,W20,color-contrast,1.4.3,AA,serious,17,.bottom-5 > .text-sm.relative,53453b296901cf45,auto-detected
F002600,P099,W20,image-redundant-alt,,,minor,1,.mx-5,36596c5086b6f8ef,auto-detected
F002601,P099,W20,region,,,moderate,12,#taccessbility,cb6b6ab0f0e1fa5f,auto-detected
F002602,P099,W20,region,,,moderate,12,.btn-container,d2d52310593b435b,auto-detected
F002603,P099,W20,region,,,moderate,12,#mobileapp,0290306e9111b868,auto-detected
F002604,P099,W20,region,,,moderate,12,#tincreasetext,1f70d8559e3d1556,auto-detected
F002605,P099,W20,region,,,moderate,12,#tdecreasetext,5888bdc04f9ff5a9,auto-detected
F002606,P099,W20,region,,,moderate,12,#tegrayscale,886e26a0ce90770b,auto-detected
F002607,P099,W20,region,,,moderate,12,#thcontrash,11fa3968c77faf32,auto-detected
F002608,P099,W20,region,,,moderate,12,#tncontrash,5fbca6be5256a2aa,auto-detected
F002609,P099,W20,region,,,moderate,12,#tlgcontrash,e221f1baa1683a11,auto-detected
F002610,P099,W20,region,,,moderate,12,#treadablefont,f10673b5a614c333,auto-detected
F002611,P099,W20,region,,,moderate,12,#tlinkunderline,d363c94f61092b2e,auto-detected
F002612,P099,W20,region,,,moderate,12,#tidreset,34793b68c6eac030,auto-detected
F002613,P100,W20,button-name,4.1.2,A,critical,1,.open-toolbar,e581ba127132c049,auto-detected
F002614,P100,W20,color-contrast,1.4.3,AA,serious,14,".my-4:nth-child(1) > a[href=""/""]",d2082683f4cf13a5,auto-detected
F002615,P100,W20,color-contrast,1.4.3,AA,serious,14,.px-4.my-2.md\:px-1:nth-child(2) > .gap-2.language-switcher.items-center > a,fb0e609e8346730e,auto-detected
F002616,P100,W20,color-contrast,1.4.3,AA,serious,14,"a[href$=""berita""]",358cb8f854a18abe,auto-detected
F002617,P100,W20,color-contrast,1.4.3,AA,serious,14,.px-4.my-2.md\:px-1:nth-child(4) > .gap-2.language-switcher.items-center > a,ede86849fb731c79,auto-detected
F002618,P100,W20,color-contrast,1.4.3,AA,serious,14,.px-4.my-2.md\:px-1:nth-child(5) > .gap-2.language-switcher.items-center > a,6819b4d063ac66ba,auto-detected
F002619,P100,W20,color-contrast,1.4.3,AA,serious,14,.px-4.my-2.md\:px-1:nth-child(6) > .gap-2.language-switcher.items-center > a,53e8f4c6648b7b5e,auto-detected
F002620,P100,W20,color-contrast,1.4.3,AA,serious,14,.px-4.my-2.md\:px-1:nth-child(7) > .gap-2.language-switcher.items-center > a,af6de429697a3ea4,auto-detected
F002621,P100,W20,color-contrast,1.4.3,AA,serious,14,.px-4.my-2.md\:px-1:nth-child(8) > .gap-2.language-switcher.items-center > a,163dbad1dd476fc7,auto-detected
F002622,P100,W20,color-contrast,1.4.3,AA,serious,14,.dark\:text-white.items-center.flex:nth-child(1) > .ml-2,9c485b8887bad7f5,auto-detected
F002623,P100,W20,color-contrast,1.4.3,AA,serious,14,.gap-3 > .dark\:text-white.items-center.flex:nth-child(2) > .ml-2,991bfb8cfc9ae616,auto-detected
F002624,P100,W20,color-contrast,1.4.3,AA,serious,14,.mt-3.dark\:text-white.items-center > .ml-2,190c18ffc7990d93,auto-detected
F002625,P100,W20,color-contrast,1.4.3,AA,serious,14,.flex-col.dark\:text-white.flex > div:nth-child(1),1e1c9873350e07d6,auto-detected
F002626,P100,W20,color-contrast,1.4.3,AA,serious,14,"a[href$=""sitemap""]",94dba960818dc45d,auto-detected
F002627,P100,W20,color-contrast,1.4.3,AA,serious,14,.bottom-5 > .text-sm.relative,065ede0d88434407,auto-detected
F002628,P100,W20,image-redundant-alt,,,minor,1,img,e4d88cf22ee581e3,auto-detected
F002629,P100,W20,region,,,moderate,12,#taccessbility,3f2e624b6c9436d9,auto-detected
F002630,P100,W20,region,,,moderate,12,.btn-container,0b8b1ae588cff5e2,auto-detected
F002631,P100,W20,region,,,moderate,12,#mobileapp,f438afd7c46ae483,auto-detected
F002632,P100,W20,region,,,moderate,12,#tincreasetext,b478c9ae11119e0d,auto-detected
F002633,P100,W20,region,,,moderate,12,#tdecreasetext,6abb92b1b55234f7,auto-detected
F002634,P100,W20,region,,,moderate,12,#tegrayscale,92a990b4d15f0344,auto-detected
F002635,P100,W20,region,,,moderate,12,#thcontrash,801fe210b647b090,auto-detected
F002636,P100,W20,region,,,moderate,12,#tncontrash,9eb6afc666ebd650,auto-detected
F002637,P100,W20,region,,,moderate,12,#tlgcontrash,b2374209d545a954,auto-detected
F002638,P100,W20,region,,,moderate,12,#treadablefont,203037d898e96aa5,auto-detected
F002639,P100,W20,region,,,moderate,12,#tlinkunderline,80a3d776d307adc3,auto-detected
F002640,P100,W20,region,,,moderate,12,#tidreset,58ba8bd8e68cedc8,auto-detected
F002641,P101,W21,color-contrast,1.4.3,AA,serious,15,.w-90,4061365a7923780b,auto-detected
F002642,P101,W21,color-contrast,1.4.3,AA,serious,15,"li:nth-child(1) > a[href$=""kalteng.go.id/""]",5bd64933d74bff83,auto-detected
F002643,P101,W21,color-contrast,1.4.3,AA,serious,15,"a[href$=""lpse.kalteng.go.id/""]",8b8dcdce7d4b7df5,auto-detected
F002644,P101,W21,color-contrast,1.4.3,AA,serious,15,.order-sm-3 > ul > li:nth-child(3) > a,4579c3ba0f2e8019,auto-detected
F002645,P101,W21,color-contrast,1.4.3,AA,serious,15,"li:nth-child(1) > a[href$=""kemsos.go.id/""]",28da94b6a25a3c27,auto-detected
F002646,P101,W21,color-contrast,1.4.3,AA,serious,15,"a[href$=""jdih.kalteng.go.id/""]",ba242fa27764ce51,auto-detected
F002647,P101,W21,color-contrast,1.4.3,AA,serious,15,.col-md-5 > ul > li:nth-child(3) > a,ece555fa2712097e,auto-detected
F002648,P101,W21,color-contrast,1.4.3,AA,serious,15,.w-95,a356d8c615e5a007,auto-detected
F002649,P101,W21,color-contrast,1.4.3,AA,serious,15,address,ba0f26acd7f17dcd,auto-detected
F002650,P101,W21,color-contrast,1.4.3,AA,serious,15,td:nth-child(2) > a,d9f3e55cf5af7f5e,auto-detected
F002651,P101,W21,color-contrast,1.4.3,AA,serious,15,td:nth-child(2) > p,7a80525d012791f0,auto-detected
F002652,P101,W21,color-contrast,1.4.3,AA,serious,15,.col-lg-5 > p,af9930c5e1eae333,auto-detected
F002653,P101,W21,color-contrast,1.4.3,AA,serious,15,"li:nth-child(1) > .nav-link[href=""#""]",d879f970582a3cb9,auto-detected
F002654,P101,W21,color-contrast,1.4.3,AA,serious,15,".footer-navbar > li:nth-child(2) > .nav-link[href=""#""]",be92e6817f62cc09,auto-detected
F002655,P101,W21,color-contrast,1.4.3,AA,serious,15,".footer-navbar > li:nth-child(3) > .nav-link[href=""#""]",f86c2d6d5f573ac3,auto-detected
F002656,P101,W21,heading-order,,,moderate,2,h6,4e8faef684c112b3,auto-detected
F002657,P101,W21,heading-order,,,moderate,2,.col-xl-8 > h3,a411165d537717cf,auto-detected
F002658,P101,W21,landmark-one-main,,,moderate,1,html,2b7d5a576ffcf9d3,auto-detected
F002659,P101,W21,link-name,2.4.4;4.1.2,A,serious,7,.navbar-brand,88d0a7216ba0147c,auto-detected
F002660,P101,W21,link-name,2.4.4;4.1.2,A,serious,7,"#navbarnav > .navbar-nav > .nav-item:nth-child(9) > .modal-popup.nav-link[href$=""#modal-search""]",84d2561a5b1a3206,auto-detected
F002661,P101,W21,link-name,2.4.4;4.1.2,A,serious,7,.footer-logo,55e1545134b4cd57,auto-detected
F002662,P101,W21,link-name,2.4.4;4.1.2,A,serious,7,.facebook,7d44b462f4832781,auto-detected
F002663,P101,W21,link-name,2.4.4;4.1.2,A,serious,7,.dribbble,7f58a3ff634ff2d6,auto-detected
F002664,P101,W21,link-name,2.4.4;4.1.2,A,serious,7,.twitter,b32bdbb3d9cc4201,auto-detected
F002665,P101,W21,link-name,2.4.4;4.1.2,A,serious,7,.instagram,039e4d66b72aba52,auto-detected
F002666,P101,W21,region,,,moderate,8,.bg-base-color.container-fluid:nth-child(1),5a8a30bae3763e4b,auto-detected
F002667,P101,W21,region,,,moderate,8,#swiper-wrapper-b44258b1bdecef34,6f58563aad6e9da3,auto-detected
F002668,P101,W21,region,,,moderate,8,.bg-base-color.container-fluid:nth-child(3),8ff43e0db1e4d111,auto-detected
F002669,P101,W21,region,,,moderate,8,.pt-4,253f231d6e126263,auto-detected
F002670,P101,W21,region,,,moderate,8,.big-section,1a3c3211335b288a,auto-detected
F002671,P101,W21,region,,,moderate,8,.p-5,71af4d4e9cacc251,auto-detected
F002672,P101,W21,region,,,moderate,8,.col-lg-10,a85b9fedea997123,auto-detected
F002673,P101,W21,region,,,moderate,8,#swiper-wrapper-fcc83ee89ffec9101,9bec6f52e2e3e7dd,auto-detected
F002674,P102,W21,color-contrast,1.4.3,AA,serious,15,.w-90,1f0bf3868a02da1d,auto-detected
F002675,P102,W21,color-contrast,1.4.3,AA,serious,15,"li:nth-child(1) > a[href$=""kalteng.go.id/""]",58e328a0b97cd41a,auto-detected
F002676,P102,W21,color-contrast,1.4.3,AA,serious,15,"a[href$=""lpse.kalteng.go.id/""]",175f11568a8ad8d5,auto-detected
F002677,P102,W21,color-contrast,1.4.3,AA,serious,15,.order-sm-3 > ul > li:nth-child(3) > a,9a8858c531b82a4c,auto-detected
F002678,P102,W21,color-contrast,1.4.3,AA,serious,15,"li:nth-child(1) > a[href$=""kemsos.go.id/""]",34a2e459c5578113,auto-detected
F002679,P102,W21,color-contrast,1.4.3,AA,serious,15,"a[href$=""jdih.kalteng.go.id/""]",0b7cc61be7f6cb13,auto-detected
F002680,P102,W21,color-contrast,1.4.3,AA,serious,15,.col-md-5 > ul > li:nth-child(3) > a,3888e19c11594553,auto-detected
F002681,P102,W21,color-contrast,1.4.3,AA,serious,15,.w-95,95dfe021ea3d7a2c,auto-detected
F002682,P102,W21,color-contrast,1.4.3,AA,serious,15,address,27185f4ea6068487,auto-detected
F002683,P102,W21,color-contrast,1.4.3,AA,serious,15,td:nth-child(2) > a,609e7fff14d7fb37,auto-detected
F002684,P102,W21,color-contrast,1.4.3,AA,serious,15,td:nth-child(2) > p,63faff1265721f5a,auto-detected
F002685,P102,W21,color-contrast,1.4.3,AA,serious,15,.col-lg-5 > p,0a74dffc512f685a,auto-detected
F002686,P102,W21,color-contrast,1.4.3,AA,serious,15,"li:nth-child(1) > .nav-link[href=""#""]",add06fa0776353c7,auto-detected
F002687,P102,W21,color-contrast,1.4.3,AA,serious,15,".footer-navbar > li:nth-child(2) > .nav-link[href=""#""]",17c87c0161949779,auto-detected
F002688,P102,W21,color-contrast,1.4.3,AA,serious,15,".footer-navbar > li:nth-child(3) > .nav-link[href=""#""]",0cdafa4ae18232b0,auto-detected
F002689,P102,W21,heading-order,,,moderate,1,h5,eec048bcf36bff53,auto-detected
F002690,P102,W21,landmark-one-main,,,moderate,1,html,f10bce2b9359438e,auto-detected
F002691,P102,W21,link-name,2.4.4;4.1.2,A,serious,7,.navbar-brand,d2ad630e516eee99,auto-detected
F002692,P102,W21,link-name,2.4.4;4.1.2,A,serious,7,.modal-popup,cf8f77b7354b96c0,auto-detected
F002693,P102,W21,link-name,2.4.4;4.1.2,A,serious,7,.footer-logo,6eff7f0eb625731a,auto-detected
F002694,P102,W21,link-name,2.4.4;4.1.2,A,serious,7,.facebook,6bdf8aa7811e1e74,auto-detected
F002695,P102,W21,link-name,2.4.4;4.1.2,A,serious,7,.dribbble,bf24dd11ba7a2a58,auto-detected
F002696,P102,W21,link-name,2.4.4;4.1.2,A,serious,7,.twitter,e905794268e63605,auto-detected
F002697,P102,W21,link-name,2.4.4;4.1.2,A,serious,7,.instagram,8512b065170b3cc6,auto-detected
F002698,P102,W21,region,,,moderate,2,.pt-0 > .container,2ce18f7ed99c5aa9,auto-detected
F002699,P102,W21,region,,,moderate,2,.col,c33ee54a7368e27c,auto-detected
F002700,P103,W21,color-contrast,1.4.3,AA,serious,15,.w-90,a71934725928efad,auto-detected
F002701,P103,W21,color-contrast,1.4.3,AA,serious,15,"li:nth-child(1) > a[href$=""kalteng.go.id/""]",148b7d6968e6e7e2,auto-detected
F002702,P103,W21,color-contrast,1.4.3,AA,serious,15,"a[href$=""lpse.kalteng.go.id/""]",a79ac26305146690,auto-detected
F002703,P103,W21,color-contrast,1.4.3,AA,serious,15,.order-sm-3 > ul > li:nth-child(3) > a,a3f6d300dd977daa,auto-detected
F002704,P103,W21,color-contrast,1.4.3,AA,serious,15,"li:nth-child(1) > a[href$=""kemsos.go.id/""]",fe48cfa9f15f244e,auto-detected
F002705,P103,W21,color-contrast,1.4.3,AA,serious,15,"a[href$=""jdih.kalteng.go.id/""]",fa3eeb8262ce2b15,auto-detected
F002706,P103,W21,color-contrast,1.4.3,AA,serious,15,.col-md-5 > ul > li:nth-child(3) > a,6ea1ba16933deed5,auto-detected
F002707,P103,W21,color-contrast,1.4.3,AA,serious,15,.w-95,9ba051ae330152a6,auto-detected
F002708,P103,W21,color-contrast,1.4.3,AA,serious,15,address,d2eb137665e32480,auto-detected
F002709,P103,W21,color-contrast,1.4.3,AA,serious,15,td:nth-child(2) > a,e23391894219cef0,auto-detected
F002710,P103,W21,color-contrast,1.4.3,AA,serious,15,td:nth-child(2) > p,0d2bb4e6ef41aa71,auto-detected
F002711,P103,W21,color-contrast,1.4.3,AA,serious,15,.col-lg-5 > p,a3e198bdfd788e7a,auto-detected
F002712,P103,W21,color-contrast,1.4.3,AA,serious,15,"li:nth-child(1) > .nav-link[href=""#""]",e542fde756583b72,auto-detected
F002713,P103,W21,color-contrast,1.4.3,AA,serious,15,".footer-navbar > li:nth-child(2) > .nav-link[href=""#""]",d07abe5161f5b04d,auto-detected
F002714,P103,W21,color-contrast,1.4.3,AA,serious,15,".footer-navbar > li:nth-child(3) > .nav-link[href=""#""]",b484b21af0f73b7a,auto-detected
F002715,P103,W21,heading-order,,,moderate,1,.card.text-bg-light.mb-3:nth-child(4) > .card-body > h5,aa0ad1b5080e834a,auto-detected
F002716,P103,W21,landmark-one-main,,,moderate,1,html,347b64068138f260,auto-detected
F002717,P103,W21,link-name,2.4.4;4.1.2,A,serious,7,.navbar-brand,b991044b3a3b509e,auto-detected
F002718,P103,W21,link-name,2.4.4;4.1.2,A,serious,7,.modal-popup,a65927d0dd49d174,auto-detected
F002719,P103,W21,link-name,2.4.4;4.1.2,A,serious,7,.footer-logo,8aa4c4b48a3ddf5d,auto-detected
F002720,P103,W21,link-name,2.4.4;4.1.2,A,serious,7,.facebook,cd2fa9ac79c62f1d,auto-detected
F002721,P103,W21,link-name,2.4.4;4.1.2,A,serious,7,.dribbble,da9d907b40bfc8cf,auto-detected
F002722,P103,W21,link-name,2.4.4;4.1.2,A,serious,7,.twitter,de7b310b3fda45ce,auto-detected
F002723,P103,W21,link-name,2.4.4;4.1.2,A,serious,7,.instagram,22eb5874f46e3a8f,auto-detected
F002724,P103,W21,list,1.3.1,A,serious,1,.card.text-bg-light.mb-3:nth-child(28) > .card-body > ol,00ee853a81fa2d64,auto-detected
F002725,P103,W21,region,,,moderate,2,.pt-0 > .container,6c115f8b1d742598,auto-detected
F002726,P103,W21,region,,,moderate,2,.col,9f11ec462ab7cf87,auto-detected
F002727,P104,W21,color-contrast,1.4.3,AA,serious,16,.newsletter_form > form > .input-group > input,7bc99cead62bc901,auto-detected
F002728,P104,W21,color-contrast,1.4.3,AA,serious,16,.xl-w-100,1c4ddc36a847514e,auto-detected
F002729,P104,W21,color-contrast,1.4.3,AA,serious,16,"li:nth-child(1) > a[href$=""kalteng.go.id/""]",52b4c70947ed865d,auto-detected
F002730,P104,W21,color-contrast,1.4.3,AA,serious,16,"a[href$=""lpse.kalteng.go.id/""]",239ae70e90e5ad66,auto-detected
F002731,P104,W21,color-contrast,1.4.3,AA,serious,16,.order-sm-3 > ul > li:nth-child(3) > a,869ea6916a23cc0d,auto-detected
F002732,P104,W21,color-contrast,1.4.3,AA,serious,16,"li:nth-child(1) > a[href$=""kemsos.go.id/""]",2440ae24d97f9ba6,auto-detected
F002733,P104,W21,color-contrast,1.4.3,AA,serious,16,"a[href$=""jdih.kalteng.go.id/""]",c34438b7253ac585,auto-detected
F002734,P104,W21,color-contrast,1.4.3,AA,serious,16,.col-md-5 > ul > li:nth-child(3) > a,e1af1807af2bbaa2,auto-detected
F002735,P104,W21,color-contrast,1.4.3,AA,serious,16,.w-95,7d4013680baf576b,auto-detected
F002736,P104,W21,color-contrast,1.4.3,AA,serious,16,address,287cd654e12b552b,auto-detected
F002737,P104,W21,color-contrast,1.4.3,AA,serious,16,td:nth-child(2) > a,a565a2c327efc2db,auto-detected
F002738,P104,W21,color-contrast,1.4.3,AA,serious,16,td:nth-child(2) > p,78a9f6178648d7ed,auto-detected
F002739,P104,W21,color-contrast,1.4.3,AA,serious,16,.col-lg-5 > p,7e2d68e36871324e,auto-detected
F002740,P104,W21,color-contrast,1.4.3,AA,serious,16,"li:nth-child(1) > .nav-link[href=""#""]",d349a2045d820739,auto-detected
F002741,P104,W21,color-contrast,1.4.3,AA,serious,16,".footer-navbar > li:nth-child(2) > .nav-link[href=""#""]",01aa93b5cb4dcf79,auto-detected
F002742,P104,W21,color-contrast,1.4.3,AA,serious,16,".footer-navbar > li:nth-child(3) > .nav-link[href=""#""]",dce23db4fde7084b,auto-detected
F002743,P104,W21,landmark-one-main,,,moderate,1,html,7cf13d221919a4a2,auto-detected
F002744,P104,W21,link-name,2.4.4;4.1.2,A,serious,8,.navbar-brand,dc92ed425b0d41d3,auto-detected
F002745,P104,W21,link-name,2.4.4;4.1.2,A,serious,8,"#navbarnav > .navbar-nav > .nav-item:nth-child(9) > .modal-popup.nav-link[href$=""#modal-search""]",d3b748ce638da970,auto-detected
F002746,P104,W21,link-name,2.4.4;4.1.2,A,serious,8,.page-link,43f8227e75f62a7c,auto-detected
F002747,P104,W21,link-name,2.4.4;4.1.2,A,serious,8,.footer-logo,6681e4f4d5ebe750,auto-detected
F002748,P104,W21,link-name,2.4.4;4.1.2,A,serious,8,.facebook,7567faefe85e550e,auto-detected
F002749,P104,W21,link-name,2.4.4;4.1.2,A,serious,8,.dribbble,51cabc4b8049bd3b,auto-detected
F002750,P104,W21,link-name,2.4.4;4.1.2,A,serious,8,.twitter,155f7f904c22e429,auto-detected
F002751,P104,W21,link-name,2.4.4;4.1.2,A,serious,8,.instagram,0c9550c5077c1faa,auto-detected
F002752,P104,W21,region,,,moderate,5,.pt-0 > .container,0deb051318fe9840,auto-detected
F002753,P104,W21,region,,,moderate,5,.col-lg-9,8304319ed852eb08,auto-detected
F002754,P104,W21,region,,,moderate,5,.newsletter_form > form > .input-group > input,bd86d500378f8f9a,auto-detected
F002755,P104,W21,region,,,moderate,5,.widget.mt-5,ddea6989d7f4b684,auto-detected
F002756,P104,W21,region,,,moderate,5,.widget:nth-child(3),20bb01522724aca3,auto-detected
F002757,P105,W21,color-contrast,1.4.3,AA,serious,15,.w-90,be1d82e7aab0b6e3,auto-detected
F002758,P105,W21,color-contrast,1.4.3,AA,serious,15,"li:nth-child(1) > a[href$=""kalteng.go.id/""]",1f0211f1a2677447,auto-detected
F002759,P105,W21,color-contrast,1.4.3,AA,serious,15,"a[href$=""lpse.kalteng.go.id/""]",e432bc1c31c58c6a,auto-detected
F002760,P105,W21,color-contrast,1.4.3,AA,serious,15,.order-sm-3 > ul > li:nth-child(3) > a,7bcf265deeb2374b,auto-detected
F002761,P105,W21,color-contrast,1.4.3,AA,serious,15,"li:nth-child(1) > a[href$=""kemsos.go.id/""]",49f69043f9662733,auto-detected
F002762,P105,W21,color-contrast,1.4.3,AA,serious,15,"a[href$=""jdih.kalteng.go.id/""]",693f7c1fff84db7d,auto-detected
F002763,P105,W21,color-contrast,1.4.3,AA,serious,15,.col-md-5 > ul > li:nth-child(3) > a,ed1f1bf0521e803a,auto-detected
F002764,P105,W21,color-contrast,1.4.3,AA,serious,15,.w-95,414df934dfa3737c,auto-detected
F002765,P105,W21,color-contrast,1.4.3,AA,serious,15,address,85128d826cd10375,auto-detected
F002766,P105,W21,color-contrast,1.4.3,AA,serious,15,td:nth-child(2) > a,d0d8982dc8b34deb,auto-detected
F002767,P105,W21,color-contrast,1.4.3,AA,serious,15,td:nth-child(2) > p,95f12c5151f73c0a,auto-detected
F002768,P105,W21,color-contrast,1.4.3,AA,serious,15,.col-lg-5 > p,41bdff16d00d8300,auto-detected
F002769,P105,W21,color-contrast,1.4.3,AA,serious,15,"li:nth-child(1) > .nav-link[href=""#""]",c81a2947f8314818,auto-detected
F002770,P105,W21,color-contrast,1.4.3,AA,serious,15,".footer-navbar > li:nth-child(2) > .nav-link[href=""#""]",2a799d760fd7f852,auto-detected
F002771,P105,W21,color-contrast,1.4.3,AA,serious,15,".footer-navbar > li:nth-child(3) > .nav-link[href=""#""]",0e6121b446641936,auto-detected
F002772,P105,W21,frame-title,4.1.2,A,serious,1,iframe,6ff60b2be80cb18f,auto-detected
F002773,P105,W21,heading-order,,,moderate,1,h4,bcf9ef5e1315000d,auto-detected
F002774,P105,W21,landmark-one-main,,,moderate,1,html,0fef4a3e85011648,auto-detected
F002775,P105,W21,link-name,2.4.4;4.1.2,A,serious,7,.navbar-brand,840c7ee17d14bbe5,auto-detected
F002776,P105,W21,link-name,2.4.4;4.1.2,A,serious,7,.modal-popup,f1453c6a05fff2a1,auto-detected
F002777,P105,W21,link-name,2.4.4;4.1.2,A,serious,7,.footer-logo,ba0c41efe366b0de,auto-detected
F002778,P105,W21,link-name,2.4.4;4.1.2,A,serious,7,.facebook,72d459375bc15000,auto-detected
F002779,P105,W21,link-name,2.4.4;4.1.2,A,serious,7,.dribbble,2b44e1bb374475dd,auto-detected
F002780,P105,W21,link-name,2.4.4;4.1.2,A,serious,7,.twitter,0a33b94316c0472d,auto-detected
F002781,P105,W21,link-name,2.4.4;4.1.2,A,serious,7,.instagram,92d93a55c4f9fb3c,auto-detected
F002782,P105,W21,region,,,moderate,4,.pt-0 > .container,35ba0c9ba7aebe34,auto-detected
F002783,P105,W21,region,,,moderate,4,h4,b8ff134712f5b029,auto-detected
F002784,P105,W21,region,,,moderate,4,.card-text:nth-child(2),7b643580f1df3b66,auto-detected
F002785,P105,W21,region,,,moderate,4,.card-text:nth-child(3),c43b23095f207112,auto-detected
F002786,P106,W22,button-name,4.1.2,A,critical,1,button,feaa810b970f6e0a,auto-detected
F002787,P106,W22,color-contrast,1.4.3,AA,serious,9,.rts-brand-area > .container > .mb--30.row > .col-12 > .title-area.text-center > h3,723eba25c23cef0e,auto-detected
F002788,P106,W22,color-contrast,1.4.3,AA,serious,9,.statistik-item:nth-child(1) > .judul,2a63579740634728,auto-detected
F002789,P106,W22,color-contrast,1.4.3,AA,serious,9,.statistik-item:nth-child(1) > .nilai,bd5206939cae268d,auto-detected
F002790,P106,W22,color-contrast,1.4.3,AA,serious,9,.statistik-item:nth-child(2) > .judul,582fc8a65be56b86,auto-detected
F002791,P106,W22,color-contrast,1.4.3,AA,serious,9,.statistik-item:nth-child(2) > .nilai,857d8620f57de96e,auto-detected
F002792,P106,W22,color-contrast,1.4.3,AA,serious,9,.statistik-item:nth-child(3) > .judul,045e3efd9aaa144e,auto-detected
F002793,P106,W22,color-contrast,1.4.3,AA,serious,9,.statistik-item:nth-child(3) > .nilai,dd4aa76f7d440b56,auto-detected
F002794,P106,W22,color-contrast,1.4.3,AA,serious,9,.statistik-item:nth-child(4) > .judul,98f9852dbe1cb429,auto-detected
F002795,P106,W22,color-contrast,1.4.3,AA,serious,9,.statistik-item:nth-child(4) > .nilai,a83f3fa79b81ea71,auto-detected
F002796,P106,W22,heading-order,,,moderate,3,.col-xl-3.col-sm-6.col-lg-4:nth-child(1) > .rts-single-service-one.home-three.text-center > a:nth-child(2) > h5,d3aa17f129092976,auto-detected
F002797,P106,W22,heading-order,,,moderate,3,".col-xl-4.col-sm-12.col-md-6:nth-child(1) > .rts-blog-post-area-one[data-sal-delay=""150""][data-sal=""slide-up""] > a:nth-child(2) > h5",c76e64176aa4b693,auto-detected
F002798,P106,W22,heading-order,,,moderate,3,.single-wized-footer:nth-child(1) > .title-heading,8351666065a671fc,auto-detected
F002799,P106,W22,link-name,2.4.4;4.1.2,A,serious,5,#menu-btn,ea5925b9f5d52624,auto-detected
F002800,P106,W22,link-name,2.4.4;4.1.2,A,serious,5,".body > .social-wrapper-two > .social-area > .sal-animate[data-sal-delay=""150""][data-sal=""slide-up""] > a[href=""#""]",a8a5c32238a215fb,auto-detected
F002801,P106,W22,link-name,2.4.4;4.1.2,A,serious,5,".body > .social-wrapper-two > .social-area > .sal-animate[data-sal-delay=""250""][data-sal=""slide-up""] > a[href=""#""]",8b067edce3e90ff9,auto-detected
F002802,P106,W22,link-name,2.4.4;4.1.2,A,serious,5,".body > .social-wrapper-two > .social-area > .sal-animate[data-sal-delay=""350""][data-sal=""slide-up""] > a[href=""#""]",1dc5a8b65db2c161,auto-detected
F002803,P106,W22,link-name,2.4.4;4.1.2,A,serious,5,".body > .social-wrapper-two > .social-area > .sal-animate[data-sal-delay=""450""][data-sal=""slide-up""] > a[href=""#""]",978683b4285ea6c6,auto-detected
F002804,P106,W22,region,,,moderate,11,.logo-1,fb98b1f0ed14f750,auto-detected
F002805,P106,W22,region,,,moderate,11,.body,90718c725c6f51b4,auto-detected
F002806,P106,W22,region,,,moderate,11,#swiper-wrapper-d12a29f1c10476beb,919f2e119e590cdf,auto-detected
F002807,P106,W22,region,,,moderate,11,.rts-service-area,2d0c30b47b2208d9,auto-detected
F002808,P106,W22,region,,,moderate,11,.mb--30.container,6564f03400b63788,auto-detected
F002809,P106,W22,region,,,moderate,11,#swiper-wrapper-e1049242df0649fe5,e1264719c0caaa2a,auto-detected
F002810,P106,W22,region,,,moderate,11,.rts-blog-post-area,2daf5fd88f7cea9d,auto-detected
F002811,P106,W22,region,,,moderate,11,.rts-brand-area > .container > .mb--30.row,fd6bd829fd706db7,auto-detected
F002812,P106,W22,region,,,moderate,11,#swiper-wrapper-e10bbec10b451be2e3,283088c5eababfb2,auto-detected
F002813,P106,W22,region,,,moderate,11,.rts-footer-area-one,9bebb563f9a72e52,auto-detected
F002814,P106,W22,region,,,moderate,11,.loader-wrapper,63fd88ae9e95cbd4,auto-detected
F002815,P107,W22,button-name,4.1.2,A,critical,1,button,54de2565e3433644,auto-detected
F002816,P107,W22,color-contrast,1.4.3,AA,serious,8,.statistik-item:nth-child(1) > .judul,0ea963b8cd4876ce,auto-detected
F002817,P107,W22,color-contrast,1.4.3,AA,serious,8,.statistik-item:nth-child(1) > .nilai,0fa8bbdcceafd289,auto-detected
F002818,P107,W22,color-contrast,1.4.3,AA,serious,8,.statistik-item:nth-child(2) > .judul,ac08c6a1e9f39b01,auto-detected
F002819,P107,W22,color-contrast,1.4.3,AA,serious,8,.statistik-item:nth-child(2) > .nilai,1c12c8245dc47164,auto-detected
F002820,P107,W22,color-contrast,1.4.3,AA,serious,8,.statistik-item:nth-child(3) > .judul,639662361fe61a82,auto-detected
F002821,P107,W22,color-contrast,1.4.3,AA,serious,8,.statistik-item:nth-child(3) > .nilai,3c262a5c60726ad9,auto-detected
F002822,P107,W22,color-contrast,1.4.3,AA,serious,8,.statistik-item:nth-child(4) > .judul,17205ab1cd7565cc,auto-detected
F002823,P107,W22,color-contrast,1.4.3,AA,serious,8,.statistik-item:nth-child(4) > .nilai,2f3e61a4b7f621f5,auto-detected
F002824,P107,W22,landmark-one-main,,,moderate,1,html,bc8ffeb28ae66c43,auto-detected
F002825,P107,W22,link-name,2.4.4;4.1.2,A,serious,5,#menu-btn,276f5ec1ac1476e7,auto-detected
F002826,P107,W22,link-name,2.4.4;4.1.2,A,serious,5,".body > .social-wrapper-two > .social-area > .sal-animate[data-sal-delay=""150""][data-sal=""slide-up""] > a[href=""#""]",7b6676b89c622d62,auto-detected
F002827,P107,W22,link-name,2.4.4;4.1.2,A,serious,5,".body > .social-wrapper-two > .social-area > .sal-animate[data-sal-delay=""250""][data-sal=""slide-up""] > a[href=""#""]",da476836400c24e8,auto-detected
F002828,P107,W22,link-name,2.4.4;4.1.2,A,serious,5,".body > .social-wrapper-two > .social-area > .sal-animate[data-sal-delay=""350""][data-sal=""slide-up""] > a[href=""#""]",ac94aeb86213aade,auto-detected
F002829,P107,W22,link-name,2.4.4;4.1.2,A,serious,5,".body > .social-wrapper-two > .social-area > .sal-animate[data-sal-delay=""450""][data-sal=""slide-up""] > a[href=""#""]",b77b1779e31ecc31,auto-detected
F002830,P107,W22,page-has-heading-one,,,moderate,1,html,1af2c4a42656cba0,auto-detected
F002831,P107,W22,region,,,moderate,4,.logo-1,28cffa9116d24fae,auto-detected
F002832,P107,W22,region,,,moderate,4,.body,756be3332f27d6a4,auto-detected
F002833,P107,W22,region,,,moderate,4,.rts-about-us-area,f6857796b7b54f23,auto-detected
F002834,P107,W22,region,,,moderate,4,.rts-footer-area-one,26977672836843f6,auto-detected
F002835,P108,W22,button-name,4.1.2,A,critical,1,button,b6f0a8037896a0d0,auto-detected
F002836,P108,W22,color-contrast,1.4.3,AA,serious,8,.statistik-item:nth-child(1) > .judul,4a9117c5d5e6eaf5,auto-detected
F002837,P108,W22,color-contrast,1.4.3,AA,serious,8,.statistik-item:nth-child(1) > .nilai,58c79f2f2e8f23cd,auto-detected
F002838,P108,W22,color-contrast,1.4.3,AA,serious,8,.statistik-item:nth-child(2) > .judul,4ee0afdf94f04fb5,auto-detected
F002839,P108,W22,color-contrast,1.4.3,AA,serious,8,.statistik-item:nth-child(2) > .nilai,f69469c58e29c629,auto-detected
F002840,P108,W22,color-contrast,1.4.3,AA,serious,8,.statistik-item:nth-child(3) > .judul,f45854d781385d47,auto-detected
F002841,P108,W22,color-contrast,1.4.3,AA,serious,8,.statistik-item:nth-child(3) > .nilai,ae3b809f8cb89373,auto-detected
F002842,P108,W22,color-contrast,1.4.3,AA,serious,8,.statistik-item:nth-child(4) > .judul,abf962030e3d9e57,auto-detected
F002843,P108,W22,color-contrast,1.4.3,AA,serious,8,.statistik-item:nth-child(4) > .nilai,b642824582e94d7d,auto-detected
F002844,P108,W22,landmark-one-main,,,moderate,1,html,0f51d65be1716082,auto-detected
F002845,P108,W22,link-name,2.4.4;4.1.2,A,serious,5,#menu-btn,e5c75b96e44b1e23,auto-detected
F002846,P108,W22,link-name,2.4.4;4.1.2,A,serious,5,".body > .social-wrapper-two > .social-area > .sal-animate[data-sal-delay=""150""][data-sal=""slide-up""] > a[href=""#""]",d75f69c7545043d3,auto-detected
F002847,P108,W22,link-name,2.4.4;4.1.2,A,serious,5,".body > .social-wrapper-two > .social-area > .sal-animate[data-sal-delay=""250""][data-sal=""slide-up""] > a[href=""#""]",3a7be4b4ec3374fa,auto-detected
F002848,P108,W22,link-name,2.4.4;4.1.2,A,serious,5,".body > .social-wrapper-two > .social-area > .sal-animate[data-sal-delay=""350""][data-sal=""slide-up""] > a[href=""#""]",e4730e4cae379257,auto-detected
F002849,P108,W22,link-name,2.4.4;4.1.2,A,serious,5,".body > .social-wrapper-two > .social-area > .sal-animate[data-sal-delay=""450""][data-sal=""slide-up""] > a[href=""#""]",455174cc6eaad928,auto-detected
F002850,P108,W22,page-has-heading-one,,,moderate,1,html,d17ceeb0af3b4baf,auto-detected
F002851,P108,W22,region,,,moderate,5,.logo-1,a4794e14dcabe48e,auto-detected
F002852,P108,W22,region,,,moderate,5,.body,dd9ccd3aa8b0b75f,auto-detected
F002853,P108,W22,region,,,moderate,5,.rts-breadcrumb-area,c6e188343d066afa,auto-detected
F002854,P108,W22,region,,,moderate,5,.rts-about-us-area,7b5a7f2d22dc0472,auto-detected
F002855,P108,W22,region,,,moderate,5,.rts-footer-area-one,1fafef79f6952405,auto-detected
F002856,P109,W22,button-name,4.1.2,A,critical,2,.close-icon-menu,89cf13d6fcab857e,auto-detected
F002857,P109,W22,button-name,4.1.2,A,critical,2,.rts-search-wrapper > button,d05bbaefb703fa09,auto-detected
F002858,P109,W22,color-contrast,1.4.3,AA,serious,8,.statistik-item:nth-child(1) > .judul,0105e106143120b3,auto-detected
F002859,P109,W22,color-contrast,1.4.3,AA,serious,8,.statistik-item:nth-child(1) > .nilai,5d4b34b74756d8ef,auto-detected
F002860,P109,W22,color-contrast,1.4.3,AA,serious,8,.statistik-item:nth-child(2) > .judul,a5d74cd30c8037c3,auto-detected
F002861,P109,W22,color-contrast,1.4.3,AA,serious,8,.statistik-item:nth-child(2) > .nilai,d29777658ce3c0fd,auto-detected
F002862,P109,W22,color-contrast,1.4.3,AA,serious,8,.statistik-item:nth-child(3) > .judul,788909649024a66a,auto-detected
F002863,P109,W22,color-contrast,1.4.3,AA,serious,8,.statistik-item:nth-child(3) > .nilai,f999a12f9995f5c5,auto-detected
F002864,P109,W22,color-contrast,1.4.3,AA,serious,8,.statistik-item:nth-child(4) > .judul,af9e83adcd24f50f,auto-detected
F002865,P109,W22,color-contrast,1.4.3,AA,serious,8,.statistik-item:nth-child(4) > .nilai,2fcbf4c2586b4126,auto-detected
F002866,P109,W22,heading-order,,,moderate,1,.col-lg-6.col-md-6.col-sm-12:nth-child(1) > .blog-grid-inner > .blog-header > .date > h6,9217f5c4a4bfd8c8,auto-detected
F002867,P109,W22,landmark-one-main,,,moderate,1,html,7f08e5d092a06e7e,auto-detected
F002868,P109,W22,link-name,2.4.4;4.1.2,A,serious,5,#menu-btn,88971f64be4c831d,auto-detected
F002869,P109,W22,link-name,2.4.4;4.1.2,A,serious,5,".body > .social-wrapper-two > .social-area > .sal-animate[data-sal-delay=""150""][data-sal=""slide-up""] > a[href=""#""]",532b56771e42830a,auto-detected
F002870,P109,W22,link-name,2.4.4;4.1.2,A,serious,5,".body > .social-wrapper-two > .social-area > .sal-animate[data-sal-delay=""250""][data-sal=""slide-up""] > a[href=""#""]",c0a534b17cd8a2f7,auto-detected
F002871,P109,W22,link-name,2.4.4;4.1.2,A,serious,5,".body > .social-wrapper-two > .social-area > .sal-animate[data-sal-delay=""350""][data-sal=""slide-up""] > a[href=""#""]",563e13fc192a57d8,auto-detected
F002872,P109,W22,link-name,2.4.4;4.1.2,A,serious,5,".body > .social-wrapper-two > .social-area > .sal-animate[data-sal-delay=""450""][data-sal=""slide-up""] > a[href=""#""]",30edb971da7b471a,auto-detected
F002873,P109,W22,page-has-heading-one,,,moderate,1,html,df45f7a498fc306f,auto-detected
F002874,P109,W22,region,,,moderate,8,.logo-1,9dbda6a5c62ff0fa,auto-detected
F002875,P109,W22,region,,,moderate,8,.body,dd705ff346f6de74,auto-detected
F002876,P109,W22,region,,,moderate,8,.rts-breadcrumb-area,07932c0a2c4c8957,auto-detected
F002877,P109,W22,region,,,moderate,8,.col-xl-8 > .g-5.row,41278a049f27388d,auto-detected
F002878,P109,W22,region,,,moderate,8,.search > .wized-header,3623dfd00c49c087,auto-detected
F002879,P109,W22,region,,,moderate,8,input,a20ebde894d503c9,auto-detected
F002880,P109,W22,region,,,moderate,8,.recent-post,ea4855df1901a8fe,auto-detected
F002881,P109,W22,region,,,moderate,8,.rts-footer-area-one,3af83612b872809a,auto-detected
F002882,P110,W22,button-name,4.1.2,A,critical,1,.close-icon-menu,74f316bcf79e35da,auto-detected
F002883,P110,W22,color-contrast,1.4.3,AA,serious,11,"input[name=""nama""]",233432bae408080c,auto-detected
F002884,P110,W22,color-contrast,1.4.3,AA,serious,11,"input[type=""email""]",f4794b321c1df997,auto-detected
F002885,P110,W22,color-contrast,1.4.3,AA,serious,11,"input[name=""telepon""]",498c12ee3a64fe16,auto-detected
F002886,P110,W22,color-contrast,1.4.3,AA,serious,11,.statistik-item:nth-child(1) > .judul,b8be7d72bbc4633c,auto-detected
F002887,P110,W22,color-contrast,1.4.3,AA,serious,11,.statistik-item:nth-child(1) > .nilai,4dd4924c38e03def,auto-detected
F002888,P110,W22,color-contrast,1.4.3,AA,serious,11,.statistik-item:nth-child(2) > .judul,2d594aa8a35fe8a4,auto-detected
F002889,P110,W22,color-contrast,1.4.3,AA,serious,11,.statistik-item:nth-child(2) > .nilai,28e2e85e7ef2d01b,auto-detected
F002890,P110,W22,color-contrast,1.4.3,AA,serious,11,.statistik-item:nth-child(3) > .judul,4829c955f9043c6c,auto-detected
F002891,P110,W22,color-contrast,1.4.3,AA,serious,11,.statistik-item:nth-child(3) > .nilai,8464f60717fd1bf9,auto-detected
F002892,P110,W22,color-contrast,1.4.3,AA,serious,11,.statistik-item:nth-child(4) > .judul,74d43b71ee236afc,auto-detected
F002893,P110,W22,color-contrast,1.4.3,AA,serious,11,.statistik-item:nth-child(4) > .nilai,14144726d27400b0,auto-detected
F002894,P110,W22,frame-title,4.1.2,A,serious,1,iframe,0a6e30d989eb3f70,auto-detected
F002895,P110,W22,landmark-one-main,,,moderate,1,html,1d4f6ae712195609,auto-detected
F002896,P110,W22,link-name,2.4.4;4.1.2,A,serious,5,#menu-btn,40c555ae263d5dd2,auto-detected
F002897,P110,W22,link-name,2.4.4;4.1.2,A,serious,5,".body > .social-wrapper-two > .social-area > .sal-animate[data-sal-delay=""150""][data-sal=""slide-up""] > a[href=""#""]",d3c87295606126ca,auto-detected
F002898,P110,W22,link-name,2.4.4;4.1.2,A,serious,5,".body > .social-wrapper-two > .social-area > .sal-animate[data-sal-delay=""250""][data-sal=""slide-up""] > a[href=""#""]",1eb975bd27040fcf,auto-detected
F002899,P110,W22,link-name,2.4.4;4.1.2,A,serious,5,".body > .social-wrapper-two > .social-area > .sal-animate[data-sal-delay=""350""][data-sal=""slide-up""] > a[href=""#""]",cae092b376390056,auto-detected
F002900,P110,W22,link-name,2.4.4;4.1.2,A,serious,5,".body > .social-wrapper-two > .social-area > .sal-animate[data-sal-delay=""450""][data-sal=""slide-up""] > a[href=""#""]",198802eee14ef90c,auto-detected
F002901,P110,W22,page-has-heading-one,,,moderate,1,html,67c791da3fa2ece6,auto-detected
F002902,P110,W22,region,,,moderate,9,.logo-1,ff1d701303f600ba,auto-detected
F002903,P110,W22,region,,,moderate,9,.body,39b13018a2c67c9b,auto-detected
F002904,P110,W22,region,,,moderate,9,.rts-breadcrumb-area,05ddc182f7c5a627,auto-detected
F002905,P110,W22,region,,,moderate,9,.rts-contact-area-page,8a31b08547920765,auto-detected
F002906,P110,W22,region,,,moderate,9,.mb--30,60059823d2a97166,auto-detected
F002907,P110,W22,region,,,moderate,9,.name-email,b8cbe5ddd6fcd4ed,auto-detected
F002908,P110,W22,region,,,moderate,9,"input[name=""telepon""]",21d9a15a4f3f60a1,auto-detected
F002909,P110,W22,region,,,moderate,9,textarea,9ad4b58b126967c2,auto-detected
F002910,P110,W22,region,,,moderate,9,.rts-footer-area-one,26fc271d5f0757a2,auto-detected
F002911,P111,W23,landmark-one-main,,,moderate,1,html,13316a0a2d25fd93,auto-detected
F002912,P111,W23,link-name,2.4.4;4.1.2,A,serious,4,.social-instagram > a,46cda598bdbbb657,auto-detected
F002913,P111,W23,link-name,2.4.4;4.1.2,A,serious,4,.social-facebook > a,c2048f5cc910efed,auto-detected
F002914,P111,W23,link-name,2.4.4;4.1.2,A,serious,4,.social-youtube > a,5170d984160ed78f,auto-detected
F002915,P111,W23,link-name,2.4.4;4.1.2,A,serious,4,#btn-search,cfdf21ec67ea5dff,auto-detected
F002916,P111,W23,page-has-heading-one,,,moderate,1,html,70266b47352f86e5,auto-detected
F002917,P111,W23,region,,,moderate,2,#topbar,2cebf1964599a302,auto-detected
F002918,P111,W23,region,,,moderate,2,p,c50140cb367ae47c,auto-detected
F002919,P112,W23,color-contrast,1.4.3,AA,serious,2,.post-meta-date,ae92c638a98d4a0e,auto-detected
F002920,P112,W23,color-contrast,1.4.3,AA,serious,2,".post-meta-comments > a[href=""""]",4793116d819e4703,auto-detected
F002921,P112,W23,image-alt,1.1.1,A,critical,2,p:nth-child(2) > img,f624e88867e58ed6,auto-detected
F002922,P112,W23,image-alt,1.1.1,A,critical,2,p:nth-child(12) > img,f3c948d0c588fe09,auto-detected
F002923,P112,W23,landmark-one-main,,,moderate,1,html,8607e94e7c8b2964,auto-detected
F002924,P112,W23,link-name,2.4.4;4.1.2,A,serious,8,.social-icons-colored-hover > ul > .social-instagram > a,75fa792d7dd2646c,auto-detected
F002925,P112,W23,link-name,2.4.4;4.1.2,A,serious,8,.social-icons-colored-hover > ul > .social-facebook > a,5d2f8003f44d157e,auto-detected
F002926,P112,W23,link-name,2.4.4;4.1.2,A,serious,8,.social-icons-colored-hover > ul > .social-youtube > a,402bd415eb765eb3,auto-detected
F002927,P112,W23,link-name,2.4.4;4.1.2,A,serious,8,#btn-search,01340fad63cb697c,auto-detected
F002928,P112,W23,link-name,2.4.4;4.1.2,A,serious,8,".post-meta-category > a[href=""""]",6294b128f6607d68,auto-detected
F002929,P112,W23,link-name,2.4.4;4.1.2,A,serious,8,.social-icons-colored > ul > .social-instagram > a,53933104473fe4a1,auto-detected
F002930,P112,W23,link-name,2.4.4;4.1.2,A,serious,8,.social-icons-colored > ul > .social-facebook > a,a660ead8f546b7da,auto-detected
F002931,P112,W23,link-name,2.4.4;4.1.2,A,serious,8,.social-icons-colored > ul > .social-youtube > a,d442c8f14c3cec70,auto-detected
F002932,P112,W23,region,,,moderate,3,#topbar,fff8224459cca2ed,auto-detected
F002933,P112,W23,region,,,moderate,3,#page-title,e48e1a9231cbd458,auto-detected
F002934,P112,W23,region,,,moderate,3,#page-content,937447f3be9b55d6,auto-detected
F002935,P113,W23,color-contrast,1.4.3,AA,serious,2,.post-meta-date,d87db22e1a52b4be,auto-detected
F002936,P113,W23,color-contrast,1.4.3,AA,serious,2,".post-meta-comments > a[href=""""]",9d5cbf54051d2388,auto-detected
F002937,P113,W23,heading-order,,,moderate,1,.theiastickysidebar > .widget > h4,1bb82a35507bc24c,auto-detected
F002938,P113,W23,image-alt,1.1.1,A,critical,1,p > img,02cf5f27db9bf8b4,auto-detected
F002939,P113,W23,landmark-one-main,,,moderate,1,html,13019c0c98412eb8,auto-detected
F002940,P113,W23,link-name,2.4.4;4.1.2,A,serious,8,.social-icons-colored-hover > ul > .social-instagram > a,282830d90c80ee55,auto-detected
F002941,P113,W23,link-name,2.4.4;4.1.2,A,serious,8,.social-icons-colored-hover > ul > .social-facebook > a,14f9e2679e69f333,auto-detected
F002942,P113,W23,link-name,2.4.4;4.1.2,A,serious,8,.social-icons-colored-hover > ul > .social-youtube > a,efb93a769100f1d7,auto-detected
F002943,P113,W23,link-name,2.4.4;4.1.2,A,serious,8,#btn-search,1a4fb47a2f7725a4,auto-detected
F002944,P113,W23,link-name,2.4.4;4.1.2,A,serious,8,".post-meta-category > a[href=""""]",04a85b8e2b87cdc2,auto-detected
F002945,P113,W23,link-name,2.4.4;4.1.2,A,serious,8,.social-icons-colored > ul > .social-instagram > a,7368cb800d21e3b3,auto-detected
F002946,P113,W23,link-name,2.4.4;4.1.2,A,serious,8,.social-icons-colored > ul > .social-facebook > a,fe351805ad596b0b,auto-detected
F002947,P113,W23,link-name,2.4.4;4.1.2,A,serious,8,.social-icons-colored > ul > .social-youtube > a,db6121f89e03a295,auto-detected
F002948,P113,W23,region,,,moderate,3,#topbar,01eab6ec927050e1,auto-detected
F002949,P113,W23,region,,,moderate,3,#page-title,85714c86ecc1a8d8,auto-detected
F002950,P113,W23,region,,,moderate,3,#page-content,9aaa5f47c600f01f,auto-detected
F002951,P114,W23,color-contrast,1.4.3,AA,serious,42,.post-thumbnail > .post-thumbnail-entry > .post-thumbnail-content > .post-date,038866493885e740,auto-detected
F002952,P114,W23,color-contrast,1.4.3,AA,serious,42,.post-thumbnail > .post-thumbnail-entry > .post-thumbnail-content > .post-category,e81dbdad59b818f6,auto-detected
F002953,P114,W23,color-contrast,1.4.3,AA,serious,42,.col-lg-7 > .post-thumbnail-list > .post-thumbnail-entry:nth-child(1) > .post-thumbnail-content > .post-date,337c8c6933cf2f4e,auto-detected
F002954,P114,W23,color-contrast,1.4.3,AA,serious,42,.col-lg-7 > .post-thumbnail-list > .post-thumbnail-entry:nth-child(1) > .post-thumbnail-content > .post-category,63df857dfb64af5c,auto-detected
F002955,P114,W23,color-contrast,1.4.3,AA,serious,42,.col-lg-7 > .post-thumbnail-list > .post-thumbnail-entry:nth-child(2) > .post-thumbnail-content > .post-date,c09464b0e527b5b7,auto-detected
F002956,P114,W23,color-contrast,1.4.3,AA,serious,42,.col-lg-7 > .post-thumbnail-list > .post-thumbnail-entry:nth-child(2) > .post-thumbnail-content > .post-category,508c220537bb25c0,auto-detected
F002957,P114,W23,color-contrast,1.4.3,AA,serious,42,.col-lg-7 > .post-thumbnail-list > .post-thumbnail-entry:nth-child(3) > .post-thumbnail-content > .post-date,c6ec1fc27c7b496c,auto-detected
F002958,P114,W23,color-contrast,1.4.3,AA,serious,42,.col-lg-7 > .post-thumbnail-list > .post-thumbnail-entry:nth-child(3) > .post-thumbnail-content > .post-category,e4b3c3f01d45644e,auto-detected
F002959,P114,W23,color-contrast,1.4.3,AA,serious,42,.col-lg-7 > .post-thumbnail-list > .post-thumbnail-entry:nth-child(4) > .post-thumbnail-content > .post-date,834f382166372190,auto-detected
F002960,P114,W23,color-contrast,1.4.3,AA,serious,42,.col-lg-7 > .post-thumbnail-list > .post-thumbnail-entry:nth-child(4) > .post-thumbnail-content > .post-category,4ec06e8afe6e82a6,auto-detected
F002961,P114,W23,color-contrast,1.4.3,AA,serious,42,.col-lg-7 > .post-thumbnail-list > .post-thumbnail-entry:nth-child(5) > .post-thumbnail-content > .post-date,0686981e75834b26,auto-detected
F002962,P114,W23,color-contrast,1.4.3,AA,serious,42,.col-lg-7 > .post-thumbnail-list > .post-thumbnail-entry:nth-child(5) > .post-thumbnail-content > .post-category,52577560efb8ddd0,auto-detected
F002963,P114,W23,color-contrast,1.4.3,AA,serious,42,.post-item:nth-child(1) > .post-item-wrap > .post-item-description > .post-meta-date,5ad600e67266d061,auto-detected
F002964,P114,W23,color-contrast,1.4.3,AA,serious,42,".post-item:nth-child(1) > .post-item-wrap > .post-item-description > .post-meta-comments > a[href=""#""]",523b54d3d17bab0e,auto-detected
F002965,P114,W23,color-contrast,1.4.3,AA,serious,42,.post-item:nth-child(2) > .post-item-wrap > .post-item-description > .post-meta-date,585ffb111891dd62,auto-detected
F002966,P114,W23,color-contrast,1.4.3,AA,serious,42,".post-item:nth-child(2) > .post-item-wrap > .post-item-description > .post-meta-comments > a[href=""#""]",6ce91790065460ed,auto-detected
F002967,P114,W23,color-contrast,1.4.3,AA,serious,42,.post-item:nth-child(3) > .post-item-wrap > .post-item-description > .post-meta-date,4f97afac7124383b,auto-detected
F002968,P114,W23,color-contrast,1.4.3,AA,serious,42,".post-item:nth-child(3) > .post-item-wrap > .post-item-description > .post-meta-comments > a[href=""#""]",d9a083508d61f44c,auto-detected
F002969,P114,W23,color-contrast,1.4.3,AA,serious,42,.post-item:nth-child(4) > .post-item-wrap > .post-item-description > .post-meta-date,04c6c1a746150877,auto-detected
F002970,P114,W23,color-contrast,1.4.3,AA,serious,42,".post-item:nth-child(4) > .post-item-wrap > .post-item-description > .post-meta-comments > a[href=""#""]",4adc4666f96a5884,auto-detected
F002971,P114,W23,color-contrast,1.4.3,AA,serious,42,.post-item:nth-child(5) > .post-item-wrap > .post-item-description > .post-meta-date,6a52ffc66f32ddc9,auto-detected
F002972,P114,W23,color-contrast,1.4.3,AA,serious,42,".post-item:nth-child(5) > .post-item-wrap > .post-item-description > .post-meta-comments > a[href=""#""]",220375fb173ef0d3,auto-detected
F002973,P114,W23,color-contrast,1.4.3,AA,serious,42,.post-item:nth-child(6) > .post-item-wrap > .post-item-description > .post-meta-date,a52afb677384cd78,auto-detected
F002974,P114,W23,color-contrast,1.4.3,AA,serious,42,".post-item:nth-child(6) > .post-item-wrap > .post-item-description > .post-meta-comments > a[href=""#""]",47025c212be79adc,auto-detected
F002975,P114,W23,color-contrast,1.4.3,AA,serious,42,.post-item:nth-child(7) > .post-item-wrap > .post-item-description > .post-meta-date,fb84b772c38b6cba,auto-detected
F002976,P114,W23,color-contrast,1.4.3,AA,serious,42,".post-item:nth-child(7) > .post-item-wrap > .post-item-description > .post-meta-comments > a[href=""#""]",7b29f34db557890c,auto-detected
F002977,P114,W23,color-contrast,1.4.3,AA,serious,42,.post-item:nth-child(8) > .post-item-wrap > .post-item-description > .post-meta-date,9d3cbf59d0e00bf7,auto-detected
F002978,P114,W23,color-contrast,1.4.3,AA,serious,42,".post-item:nth-child(8) > .post-item-wrap > .post-item-description > .post-meta-comments > a[href=""#""]",db892fcfa62c5c84,auto-detected
F002979,P114,W23,color-contrast,1.4.3,AA,serious,42,.widget > .post-thumbnail-list > .post-thumbnail-entry:nth-child(1) > .post-thumbnail-content > .post-date,f7c533085628c36b,auto-detected
F002980,P114,W23,color-contrast,1.4.3,AA,serious,42,.widget > .post-thumbnail-list > .post-thumbnail-entry:nth-child(1) > .post-thumbnail-content > .post-category,68dd058f90150e7f,auto-detected
F002981,P114,W23,color-contrast,1.4.3,AA,serious,42,.widget > .post-thumbnail-list > .post-thumbnail-entry:nth-child(2) > .post-thumbnail-content > .post-date,91fd31662d07e252,auto-detected
F002982,P114,W23,color-contrast,1.4.3,AA,serious,42,.widget > .post-thumbnail-list > .post-thumbnail-entry:nth-child(2) > .post-thumbnail-content > .post-category,6172150c17d37c5d,auto-detected
F002983,P114,W23,color-contrast,1.4.3,AA,serious,42,.widget > .post-thumbnail-list > .post-thumbnail-entry:nth-child(3) > .post-thumbnail-content > .post-date,ee6a68bf90cf1743,auto-detected
F002984,P114,W23,color-contrast,1.4.3,AA,serious,42,.widget > .post-thumbnail-list > .post-thumbnail-entry:nth-child(3) > .post-thumbnail-content > .post-category,b6f9ac0855808842,auto-detected
F002985,P114,W23,color-contrast,1.4.3,AA,serious,42,.widget > .post-thumbnail-list > .post-thumbnail-entry:nth-child(4) > .post-thumbnail-content > .post-date,33fcee05930edcff,auto-detected
F002986,P114,W23,color-contrast,1.4.3,AA,serious,42,.widget > .post-thumbnail-list > .post-thumbnail-entry:nth-child(4) > .post-thumbnail-content > .post-category,0547ec770412a363,auto-detected
F002987,P114,W23,color-contrast,1.4.3,AA,serious,42,.widget > .post-thumbnail-list > .post-thumbnail-entry:nth-child(5) > .post-thumbnail-content > .post-date,6e3677db38256bf4,auto-detected
F002988,P114,W23,color-contrast,1.4.3,AA,serious,42,.widget > .post-thumbnail-list > .post-thumbnail-entry:nth-child(5) > .post-thumbnail-content > .post-category,0c6190b4336a6c96,auto-detected
F002989,P114,W23,color-contrast,1.4.3,AA,serious,42,.post-thumbnail-entry:nth-child(6) > .post-thumbnail-content > .post-date,715c3ee56c122a92,auto-detected
F002990,P114,W23,color-contrast,1.4.3,AA,serious,42,.post-thumbnail-entry:nth-child(6) > .post-thumbnail-content > .post-category,97697552ed68c462,auto-detected
F002991,P114,W23,color-contrast,1.4.3,AA,serious,42,.post-thumbnail-entry:nth-child(7) > .post-thumbnail-content > .post-date,a8230bf4f98f6b6f,auto-detected
F002992,P114,W23,color-contrast,1.4.3,AA,serious,42,.post-thumbnail-entry:nth-child(7) > .post-thumbnail-content > .post-category,6a4f38a7b18fafa4,auto-detected
F002993,P114,W23,heading-order,,,moderate,2,h3,d1e15e7a2b6b1596,auto-detected
F002994,P114,W23,heading-order,,,moderate,2,.widget-title,d3693228be843031,auto-detected
F002995,P114,W23,landmark-unique,,,moderate,1,#mainmenu > .container > nav,e9a2e121a06b11b8,auto-detected
F002996,P114,W23,link-name,2.4.4;4.1.2,A,serious,7,.social-icons-colored-hover > ul > .social-instagram > a,d360ce825583c3e2,auto-detected
F002997,P114,W23,link-name,2.4.4;4.1.2,A,serious,7,.social-icons-colored-hover > ul > .social-facebook > a,0fbdc9eec6b0c4a7,auto-detected
F002998,P114,W23,link-name,2.4.4;4.1.2,A,serious,7,.social-icons-colored-hover > ul > .social-youtube > a,cadb2f3e02f5e009,auto-detected
F002999,P114,W23,link-name,2.4.4;4.1.2,A,serious,7,#btn-search,f64dd9bb3710df94,auto-detected
F003000,P114,W23,link-name,2.4.4;4.1.2,A,serious,7,.social-icons-colored > ul > .social-instagram > a,e8d36055d55247f6,auto-detected
F003001,P114,W23,link-name,2.4.4;4.1.2,A,serious,7,.social-icons-colored > ul > .social-facebook > a,f5c24a3ffddfe00e,auto-detected
F003002,P114,W23,link-name,2.4.4;4.1.2,A,serious,7,.social-icons-colored > ul > .social-youtube > a,34f026454168d83f,auto-detected
F003003,P114,W23,region,,,moderate,5,#topbar,e0b5d2274babfd9d,auto-detected
F003004,P114,W23,region,,,moderate,5,#page-title,283b51df0c27d708,auto-detected
F003005,P114,W23,region,,,moderate,5,.container:nth-child(2) > .row:nth-child(1),167114eeaf920b29,auto-detected
F003006,P114,W23,region,,,moderate,5,#blog,416d56961bef5d2b,auto-detected
F003007,P114,W23,region,,,moderate,5,.sidebar,e051edaf1039510d,auto-detected
F003008,P115,W23,frame-title,4.1.2,A,serious,1,iframe,5bedd3465c3588fd,auto-detected
F003009,P115,W23,heading-order,,,moderate,1,h4,1cb1668e51963a41,auto-detected
F003010,P115,W23,landmark-one-main,,,moderate,1,html,2f1974d7f219f05f,auto-detected
F003011,P115,W23,link-name,2.4.4;4.1.2,A,serious,7,.social-icons-colored-hover > ul > .social-instagram > a,1deb9e0a67405f07,auto-detected
F003012,P115,W23,link-name,2.4.4;4.1.2,A,serious,7,.social-icons-colored-hover > ul > .social-facebook > a,ee053d32f0d78231,auto-detected
F003013,P115,W23,link-name,2.4.4;4.1.2,A,serious,7,.social-icons-colored-hover > ul > .social-youtube > a,2e83d4b9d3a28c95,auto-detected
F003014,P115,W23,link-name,2.4.4;4.1.2,A,serious,7,#btn-search,f5ca811da056c636,auto-detected
F003015,P115,W23,link-name,2.4.4;4.1.2,A,serious,7,.social-icons-colored > ul > .social-instagram > a,e2610d9729c81c13,auto-detected
F003016,P115,W23,link-name,2.4.4;4.1.2,A,serious,7,.social-icons-colored > ul > .social-facebook > a,199333fb8730f3d3,auto-detected
F003017,P115,W23,link-name,2.4.4;4.1.2,A,serious,7,.social-icons-colored > ul > .social-youtube > a,2b81ea10edf5dd96,auto-detected
F003018,P115,W23,region,,,moderate,3,#topbar,bb8ca81620b88e70,auto-detected
F003019,P115,W23,region,,,moderate,3,#page-title,15f70562d31f8f06,auto-detected
F003020,P115,W23,region,,,moderate,3,.col-lg-7,de1b0564e56f0fff,auto-detected
F003021,P116,W24,html-has-lang,3.1.1,A,serious,1,html,cbd81299120d023e,auto-detected
F003022,P116,W24,landmark-one-main,,,moderate,1,html,31e4e2d8b4f23e68,auto-detected
F003023,P116,W24,region,,,moderate,2,center:nth-child(1),e39b6151619be107,auto-detected
F003024,P116,W24,region,,,moderate,2,center:nth-child(3),35d1e2f30fe01150,auto-detected
F003025,P117,W24,html-has-lang,3.1.1,A,serious,1,html,cac891a5338b7149,auto-detected
F003026,P117,W24,landmark-one-main,,,moderate,1,html,42736d7ff48d889a,auto-detected
F003027,P117,W24,region,,,moderate,2,center:nth-child(1),edcd38062537f591,auto-detected
F003028,P117,W24,region,,,moderate,2,center:nth-child(3),9806fe00ae7acb63,auto-detected
F003029,P118,W24,html-has-lang,3.1.1,A,serious,1,html,126295a0c7fe7924,auto-detected
F003030,P118,W24,landmark-one-main,,,moderate,1,html,557dee6f20da7e55,auto-detected
F003031,P118,W24,region,,,moderate,2,center:nth-child(1),975bc4f8c81a6ce4,auto-detected
F003032,P118,W24,region,,,moderate,2,center:nth-child(3),19add7484464af0f,auto-detected
F003033,P119,W24,html-has-lang,3.1.1,A,serious,1,html,6da7b9ddda7f224a,auto-detected
F003034,P119,W24,landmark-one-main,,,moderate,1,html,7311660eca665277,auto-detected
F003035,P119,W24,region,,,moderate,2,center:nth-child(1),45a551bdb4e8f07c,auto-detected
F003036,P119,W24,region,,,moderate,2,center:nth-child(3),a164afa456491bb0,auto-detected
F003037,P120,W24,html-has-lang,3.1.1,A,serious,1,html,ac37c053d94dc856,auto-detected
F003038,P120,W24,landmark-one-main,,,moderate,1,html,a57dfc3b7e424c2d,auto-detected
F003039,P120,W24,region,,,moderate,2,center:nth-child(1),8b1edcdff997fc2d,auto-detected
F003040,P120,W24,region,,,moderate,2,center:nth-child(3),0f71645d276d30f0,auto-detected
F003041,P121,W25,aria-prohibited-attr,4.1.2,A,serious,3,"#tns2-ow > .tns-controls[aria-label=""carousel navigation""]",d32594f24091cd14,auto-detected
F003042,P121,W25,aria-prohibited-attr,4.1.2,A,serious,3,"#tns3-ow > .tns-controls[aria-label=""carousel navigation""]",b580ce67998c470f,auto-detected
F003043,P121,W25,aria-prohibited-attr,4.1.2,A,serious,3,"#tns4-ow > .tns-controls[aria-label=""carousel navigation""]",c62c8d5ec746f623,auto-detected
F003044,P121,W25,button-name,4.1.2,A,critical,6,"button[aria-controls=""tns2""][data-controls=""prev""][type=""button""]",573d69fa493b6f17,auto-detected
F003045,P121,W25,button-name,4.1.2,A,critical,6,"button[aria-controls=""tns2""][data-controls=""next""][type=""button""]",2987bc8a86691e68,auto-detected
F003046,P121,W25,button-name,4.1.2,A,critical,6,"button[aria-controls=""tns3""][data-controls=""prev""][type=""button""]",e3fff2285b384b26,auto-detected
F003047,P121,W25,button-name,4.1.2,A,critical,6,"button[aria-controls=""tns3""][data-controls=""next""][type=""button""]",a461c2bd2004857d,auto-detected
F003048,P121,W25,button-name,4.1.2,A,critical,6,"button[aria-controls=""tns4""][data-controls=""prev""][type=""button""]",e9fb8eec3f64a52f,auto-detected
F003049,P121,W25,button-name,4.1.2,A,critical,6,"button[aria-controls=""tns4""][data-controls=""next""][type=""button""]",5b95abbbbeefa0eb,auto-detected
F003050,P121,W25,color-contrast,1.4.3,AA,serious,20,.col-lg-4.col-md-6.jsx-5ac4c9908d341c48:nth-child(1) > .press-card > .press-card-content.jsx-5ac4c9908d341c48 > .press-read-more.jsx-5ac4c9908d341c48,3940257305ed1c85,auto-detected
F003051,P121,W25,color-contrast,1.4.3,AA,serious,20,.col-lg-4.col-md-6.jsx-5ac4c9908d341c48:nth-child(2) > .press-card > .press-card-content.jsx-5ac4c9908d341c48 > .press-read-more.jsx-5ac4c9908d341c48,5d74ba2e9389b356,auto-detected
F003052,P121,W25,color-contrast,1.4.3,AA,serious,20,.col-lg-4.col-md-6.jsx-5ac4c9908d341c48:nth-child(3) > .press-card > .press-card-content.jsx-5ac4c9908d341c48 > .press-read-more.jsx-5ac4c9908d341c48,d33b010af9900389,auto-detected
F003053,P121,W25,color-contrast,1.4.3,AA,serious,20,.majalahsection_linkbtn__t50hp,a018178a28687811,auto-detected
F003054,P121,W25,color-contrast,1.4.3,AA,serious,20,.majalahsection_primarybtn__8a10b,a3230b970a130ba2,auto-detected
F003055,P121,W25,color-contrast,1.4.3,AA,serious,20,.beritasection_linkbtn__51gdb,508b1c1ab5ad6423,auto-detected
F003056,P121,W25,color-contrast,1.4.3,AA,serious,20,.text-md-start > .para-desc.text-muted.mb-0,22aa38cc580f828b,auto-detected
F003057,P121,W25,color-contrast,1.4.3,AA,serious,20,.mb-1:nth-child(1),403b7006f510c1c6,auto-detected
F003058,P121,W25,color-contrast,1.4.3,AA,serious,20,.mb-1:nth-child(2),3e9f8bf639388415,auto-detected
F003059,P121,W25,color-contrast,1.4.3,AA,serious,20,.mb-1:nth-child(3),87e31071e617fe53,auto-detected
F003060,P121,W25,color-contrast,1.4.3,AA,serious,20,.mb-1:nth-child(4),44e653cd45a3a88e,auto-detected
F003061,P121,W25,color-contrast,1.4.3,AA,serious,20,.mb-1:nth-child(7),e2e7ed432ddf3f6a,auto-detected
F003062,P121,W25,color-contrast,1.4.3,AA,serious,20,.mb-1:nth-child(8),c174fa7b280421d0,auto-detected
F003063,P121,W25,color-contrast,1.4.3,AA,serious,20,#tns4-item0 > .p-4.bg-white.features > .mt-4 > .text-muted.mb-0.mt-3,f7481c7a65fc2394,auto-detected
F003064,P121,W25,color-contrast,1.4.3,AA,serious,20,".primary.text-secondary[alt=""sinergi - sulut smartgov""]",8848117bb30f470c,auto-detected
F003065,P121,W25,color-contrast,1.4.3,AA,serious,20,#tns4-item1 > .p-4.bg-white.features > .mt-4 > .text-muted.mb-0.mt-3,0227e3d05c71a8c1,auto-detected
F003066,P121,W25,color-contrast,1.4.3,AA,serious,20,".primary.text-secondary[alt=""tim salut""]",0faec1c51bb78a01,auto-detected
F003067,P121,W25,color-contrast,1.4.3,AA,serious,20,#tns4-item2 > .p-4.bg-white.features > .mt-4 > .text-muted.mb-0.mt-3,be92b7775e3ade30,auto-detected
F003068,P121,W25,color-contrast,1.4.3,AA,serious,20,".primary[href$=""spmb.sulutprov.go.id""][alt=""spmb sulut""]",e4e57e863d263788,auto-detected
F003069,P121,W25,color-contrast,1.4.3,AA,serious,20,.mt-3.text-center > .primary.text-secondary.btn,dcb592607edcadb4,auto-detected
F003070,P121,W25,heading-order,,,moderate,1,.press-header > h4,10f4b310614a2fee,auto-detected
F003071,P121,W25,image-redundant-alt,,,minor,3,"img[alt=""kab. bolaang mongondow""]",7955b2efb272660d,auto-detected
F003072,P121,W25,image-redundant-alt,,,minor,3,"img[alt=""kab. bolaang mongondow utara""]",f8ce0a931997a0ad,auto-detected
F003073,P121,W25,image-redundant-alt,,,minor,3,"img[alt=""kab. bolaang mongondow selatan""]",bf996a7f20dd7438,auto-detected
F003074,P121,W25,link-name,2.4.4;4.1.2,A,serious,5,".list-inline-item:nth-child(1) > .rounded[target=""_blank""]",c925db0da61e3131,auto-detected
F003075,P121,W25,link-name,2.4.4;4.1.2,A,serious,5,".rounded[alt=""pemprov sulut""][target=""_blank""]",d8adeac0d0c3a5b2,auto-detected
F003076,P121,W25,link-name,2.4.4;4.1.2,A,serious,5,".list-inline-item:nth-child(3) > .rounded[target=""_blank""]",5f3efae459de355b,auto-detected
F003077,P121,W25,link-name,2.4.4;4.1.2,A,serious,5,".list-inline-item:nth-child(4) > .rounded[target=""_blank""]",5ad0b1db22f1bf4a,auto-detected
F003078,P121,W25,link-name,2.4.4;4.1.2,A,serious,5,".list-inline-item:nth-child(5) > .rounded[target=""_blank""]",ef45b67130e44005,auto-detected
F003079,P121,W25,region,,,moderate,37,.bg-half-260,6fcd0c8b4f3145f0,auto-detected
F003080,P121,W25,region,,,moderate,37,.press-header,ff269b7893f110e2,auto-detected
F003081,P121,W25,region,,,moderate,37,.col-lg-4.col-md-6.jsx-5ac4c9908d341c48:nth-child(1) > .press-card > .press-card-image.jsx-5ac4c9908d341c48,a8341728c801bc4e,auto-detected
F003082,P121,W25,region,,,moderate,37,.col-lg-4.col-md-6.jsx-5ac4c9908d341c48:nth-child(1) > .press-card > .press-card-content.jsx-5ac4c9908d341c48 > .press-date.jsx-5ac4c9908d341c48 > .jsx-5ac4c9908d341c48,fd1098883d8fc7b1,auto-detected
F003083,P121,W25,region,,,moderate,37,.col-lg-4.col-md-6.jsx-5ac4c9908d341c48:nth-child(1) > .press-card > .press-card-content.jsx-5ac4c9908d341c48 > .press-title,10a5d6c206ecdfdc,auto-detected
F003084,P121,W25,region,,,moderate,37,.col-lg-4.col-md-6.jsx-5ac4c9908d341c48:nth-child(1) > .press-card > .press-card-content.jsx-5ac4c9908d341c48 > .press-read-more.jsx-5ac4c9908d341c48,0f84c7d6f9814ec9,auto-detected
F003085,P121,W25,region,,,moderate,37,.col-lg-4.col-md-6.jsx-5ac4c9908d341c48:nth-child(2) > .press-card > .press-card-image.jsx-5ac4c9908d341c48,49514f2933c4b3be,auto-detected
F003086,P121,W25,region,,,moderate,37,.col-lg-4.col-md-6.jsx-5ac4c9908d341c48:nth-child(2) > .press-card > .press-card-content.jsx-5ac4c9908d341c48 > .press-date.jsx-5ac4c9908d341c48 > .jsx-5ac4c9908d341c48,54ae9fc5dcb66ad1,auto-detected
F003087,P121,W25,region,,,moderate,37,.col-lg-4.col-md-6.jsx-5ac4c9908d341c48:nth-child(2) > .press-card > .press-card-content.jsx-5ac4c9908d341c48 > .press-title,bf1f0ec0663b5f20,auto-detected
F003088,P121,W25,region,,,moderate,37,.col-lg-4.col-md-6.jsx-5ac4c9908d341c48:nth-child(2) > .press-card > .press-card-content.jsx-5ac4c9908d341c48 > .press-read-more.jsx-5ac4c9908d341c48,84888e928db03be1,auto-detected
F003089,P121,W25,region,,,moderate,37,.col-lg-4.col-md-6.jsx-5ac4c9908d341c48:nth-child(3) > .press-card > .press-card-image.jsx-5ac4c9908d341c48,c06cfc3be046dc49,auto-detected
F003090,P121,W25,region,,,moderate,37,.col-lg-4.col-md-6.jsx-5ac4c9908d341c48:nth-child(3) > .press-card > .press-card-content.jsx-5ac4c9908d341c48 > .press-date.jsx-5ac4c9908d341c48 > .jsx-5ac4c9908d341c48,157f97817692a170,auto-detected
F003091,P121,W25,region,,,moderate,37,.col-lg-4.col-md-6.jsx-5ac4c9908d341c48:nth-child(3) > .press-card > .press-card-content.jsx-5ac4c9908d341c48 > .press-title,c4c9fd19f3a30955,auto-detected
F003092,P121,W25,region,,,moderate,37,.col-lg-4.col-md-6.jsx-5ac4c9908d341c48:nth-child(3) > .press-card > .press-card-content.jsx-5ac4c9908d341c48 > .press-read-more.jsx-5ac4c9908d341c48,be750802bbb06691,auto-detected
F003093,P121,W25,region,,,moderate,37,.majalahsection_majalahwrap__3okmc > div:nth-child(1),aea924ce6ee5c486,auto-detected
F003094,P121,W25,region,,,moderate,37,.majalahsection_featuredimg__b5pze,698d1096323ec454,auto-detected
F003095,P121,W25,region,,,moderate,37,.majalahsection_featuredtitle__qjlfv,48da31603a07a5fc,auto-detected
F003096,P121,W25,region,,,moderate,37,.majalahsection_featuredmeta__dtnol,f376a4d827a86bf1,auto-detected
F003097,P121,W25,region,,,moderate,37,.majalahsection_secondarybtn__ojzu_,4bc02c6eaa7155f9,auto-detected
F003098,P121,W25,region,,,moderate,37,.beritasection_sliderheader__jxl1g > div:nth-child(1),2961f0f7320dcb10,auto-detected
F003099,P121,W25,region,,,moderate,37,.beritasection_slidertrack__adrls,5d95b8a6b6cab2d9,auto-detected
F003100,P121,W25,region,,,moderate,37,.align-items-end,e022bb61519c95fd,auto-detected
F003101,P121,W25,region,,,moderate,37,"#tns2-ow > .tns-controls[aria-label=""carousel navigation""]",5ee3b98a9edf57e5,auto-detected
F003102,P121,W25,region,,,moderate,37,#tns2-item0,b297182aff04fa81,auto-detected
F003103,P121,W25,region,,,moderate,37,.g-4.align-items-center.row > .col-md-6.col-lg-6:nth-child(2),49e983124225dc3e,auto-detected
F003104,P121,W25,region,,,moderate,37,.mt-100.mt-60.container:nth-child(2) > .mb-4.pb-2.justify-content-center,e87bfbfdcfc7f11f,auto-detected
F003105,P121,W25,region,,,moderate,37,.leaflet-bottom.leaflet-right,aea24f9f93f6d6d7,auto-detected
F003106,P121,W25,region,,,moderate,37,"#tns3-ow > .tns-controls[aria-label=""carousel navigation""]",1ca6de12e3811bd7,auto-detected
F003107,P121,W25,region,,,moderate,37,#tns3-item0,2ea505c195578eae,auto-detected
F003108,P121,W25,region,,,moderate,37,#tns3-item1,ca340bbe2d958e6c,auto-detected
F003109,P121,W25,region,,,moderate,37,#tns3-item2,f6155fe687abd137,auto-detected
F003110,P121,W25,region,,,moderate,37,.col-lg-12 > .mb-4.pb-2.justify-content-center,9fb186fb558913f0,auto-detected
F003111,P121,W25,region,,,moderate,37,"#tns4-ow > .tns-controls[aria-label=""carousel navigation""]",92f8a79423783918,auto-detected
F003112,P121,W25,region,,,moderate,37,#tns4-item0,e44e8cdf96b3df42,auto-detected
F003113,P121,W25,region,,,moderate,37,#tns4-item1,c47d0f8bac108893,auto-detected
F003114,P121,W25,region,,,moderate,37,#tns4-item2,a0342051fccea458,auto-detected
F003115,P121,W25,region,,,moderate,37,.mt-3.text-center,b8a4769ecfec3f63,auto-detected
F003116,P122,W25,heading-order,,,moderate,3,"tr:nth-child(1) > td[colspan=""2""] > .tt-heading-title2",ce08f4d96bce2ed0,auto-detected
F003117,P122,W25,heading-order,,,moderate,3,.sb-content-left.split-box-content > h3,c4fefb0d1c349b7f,auto-detected
F003118,P122,W25,heading-order,,,moderate,3,.col-sm-12.col-md-4:nth-child(2) > .footer-block > .f-block-heading,405aab6ec9761c2f,auto-detected
F003119,P122,W25,image-alt,1.1.1,A,critical,1,"img[src$=""sulut.png""]",95d80ce00618eb1b,auto-detected
F003120,P122,W25,link-name,2.4.4;4.1.2,A,serious,1,"a[href$=""sulut.png""]",b9bca332ac93b04c,auto-detected
F003121,P122,W25,region,,,moderate,10,.intro-caption-wrap,66991a2e4484c163,auto-detected
F003122,P122,W25,region,,,moderate,10,#visimisi,72b34aabae1f7bd8,auto-detected
F003123,P122,W25,region,,,moderate,10,#funn-facts-section,925c8e7a50011230,auto-detected
F003124,P122,W25,region,,,moderate,10,#sejarah,5a08a2458f36725c,auto-detected
F003125,P122,W25,region,,,moderate,10,#lambang,9ef57e4157cd869b,auto-detected
F003126,P122,W25,region,,,moderate,10,#kabkot,a68fa70e0218b6a0,auto-detected
F003127,P122,W25,region,,,moderate,10,".f-block-logo > .logo-light[href=""#""]",6c4eab7aeed79ef6,auto-detected
F003128,P122,W25,region,,,moderate,10,.col-sm-12.col-md-4:nth-child(2),1435c39476826b44,auto-detected
F003129,P122,W25,region,,,moderate,10,.col-sm-12.col-md-4:nth-child(3),fcddddc6180e601b,auto-detected
F003130,P122,W25,region,,,moderate,10,.footer-bottom,7c9f0540e2b32d82,auto-detected
F003131,P123,W25,color-contrast,1.4.3,AA,serious,9,.badge,f135e0bb88d8f202,auto-detected
F003132,P123,W25,color-contrast,1.4.3,AA,serious,9,.btn-success,3861f15a3914b34d,auto-detected
F003133,P123,W25,color-contrast,1.4.3,AA,serious,9,.blog.blog-primary.mt-3:nth-child(1) > .flex-1.ms-3 > .text-muted.small,bbe43b66e5a447c5,auto-detected
F003134,P123,W25,color-contrast,1.4.3,AA,serious,9,.blog.blog-primary.mt-3:nth-child(2) > .flex-1.ms-3 > .text-muted.small,1513437370f9b269,auto-detected
F003135,P123,W25,color-contrast,1.4.3,AA,serious,9,.blog.blog-primary.mt-3:nth-child(3) > .flex-1.ms-3 > .text-muted.small,b08c1e132ad4821a,auto-detected
F003136,P123,W25,color-contrast,1.4.3,AA,serious,9,".text-secondary.py-1[href$=""berita""]",8789a07b65aec07b,auto-detected
F003137,P123,W25,color-contrast,1.4.3,AA,serious,9,".text-secondary.py-1[href$=""infografis""]",bf2c9cc51bb7ddf7,auto-detected
F003138,P123,W25,color-contrast,1.4.3,AA,serious,9,".text-secondary.py-1[href$=""majalah""]",bb17642d7c4d2fc3,auto-detected
F003139,P123,W25,color-contrast,1.4.3,AA,serious,9,".text-secondary.py-1[href$=""press-release""]",d908c037b74c7113,auto-detected
F003140,P123,W25,link-name,2.4.4;4.1.2,A,serious,5,".list-inline-item:nth-child(1) > .rounded[target=""_blank""]",f83f78657e79faa4,auto-detected
F003141,P123,W25,link-name,2.4.4;4.1.2,A,serious,5,".rounded[alt=""pemprov sulut""][target=""_blank""]",0b999a67ea2b0b9a,auto-detected
F003142,P123,W25,link-name,2.4.4;4.1.2,A,serious,5,".list-inline-item:nth-child(3) > .rounded[target=""_blank""]",ea4e9e015491254b,auto-detected
F003143,P123,W25,link-name,2.4.4;4.1.2,A,serious,5,".list-inline-item:nth-child(4) > .rounded[target=""_blank""]",0b9f0dd2975a17f4,auto-detected
F003144,P123,W25,link-name,2.4.4;4.1.2,A,serious,5,".list-inline-item:nth-child(5) > .rounded[target=""_blank""]",c29dc3bb48090a14,auto-detected
F003145,P123,W25,region,,,moderate,15,.bg-half-170,997d17c0dd417b3f,auto-detected
F003146,P123,W25,region,,,moderate,15,".img-fluid[loading=""lazy""][data-a11y-original-display=""""]",8a25c3ebe0d46964,auto-detected
F003147,P123,W25,region,,,moderate,15,.prose.max-w-full > p:nth-child(1),3759160442b4dfd6,auto-detected
F003148,P123,W25,region,,,moderate,15,"div[data-download-wrapper=""true""]:nth-child(2) > .rounded-md.my-4.img-fluid",8c8cd0f5a3606f54,auto-detected
F003149,P123,W25,region,,,moderate,15,p:nth-child(3),85f892158d91d873,auto-detected
F003150,P123,W25,region,,,moderate,15,"div[data-download-wrapper=""true""]:nth-child(4) > .rounded-md.my-4.img-fluid",f390c0e148704512,auto-detected
F003151,P123,W25,region,,,moderate,15,p:nth-child(5),182023b0673e56e0,auto-detected
F003152,P123,W25,region,,,moderate,15,"div[data-download-wrapper=""true""]:nth-child(6) > .rounded-md.my-4.img-fluid",b19a31c242ddf6f0,auto-detected
F003153,P123,W25,region,,,moderate,15,p:nth-child(7),6068e23eecd10614,auto-detected
F003154,P123,W25,region,,,moderate,15,"div[data-download-wrapper=""true""]:nth-child(8) > .rounded-md.my-4.img-fluid",de615cd16cd8d1d7,auto-detected
F003155,P123,W25,region,,,moderate,15,p:nth-child(9),ea099b4e31f8c151,auto-detected
F003156,P123,W25,region,,,moderate,15,"div[data-download-wrapper=""true""]:nth-child(10) > .rounded-md.my-4.img-fluid",f4a489676c9a0b10,auto-detected
F003157,P123,W25,region,,,moderate,15,p:nth-child(11),37f9a18a1689029a,auto-detected
F003158,P123,W25,region,,,moderate,15,.mb-3,c0467c2040200a70,auto-detected
F003159,P123,W25,region,,,moderate,15,.col-lg-4,92c3b8e91440476a,auto-detected
F003160,P124,W25,aria-hidden-focus,4.1.2,A,serious,1,aside,39fefb26c08b71e8,auto-detected
F003161,P124,W25,color-contrast,1.4.3,AA,serious,26,.text-center.col-12 > .text-muted,ea2f126f3416f310,auto-detected
F003162,P124,W25,color-contrast,1.4.3,AA,serious,26,.col-lg-6:nth-child(1) > .border-0.card.shadow > .card-body.blog-content.position-relative > .blog-tag.px-4 > .badge.bg-secondary.rounded-pill,fa0fd8db0e8070ae,auto-detected
F003163,P124,W25,color-contrast,1.4.3,AA,serious,26,.col-lg-6:nth-child(1) > .border-0.card.shadow > .card-body.blog-content.position-relative > .p-4 > .mb-2.small.list-unstyled > .d-inline-flex.me-2.align-items-center,07afe2e305b18c21,auto-detected
F003164,P124,W25,color-contrast,1.4.3,AA,serious,26,.col-lg-6:nth-child(1) > .border-0.card.shadow > .card-body.blog-content.position-relative > .p-4 > .justify-content-between.d-flex.mt-3 > .list-inline-item.me-2 > .btn.btn-link.primary,2815db6cf119dc0d,auto-detected
F003165,P124,W25,color-contrast,1.4.3,AA,serious,26,.col-lg-6:nth-child(2) > .border-0.card.shadow > .card-body.blog-content.position-relative > .blog-tag.px-4 > .badge.bg-secondary.rounded-pill,ff50f08065b18d04,auto-detected
F003166,P124,W25,color-contrast,1.4.3,AA,serious,26,.col-lg-6:nth-child(2) > .border-0.card.shadow > .card-body.blog-content.position-relative > .p-4 > .mb-2.small.list-unstyled > .d-inline-flex.me-2.align-items-center,8212b0474e68f47f,auto-detected
F003167,P124,W25,color-contrast,1.4.3,AA,serious,26,.col-lg-6:nth-child(2) > .border-0.card.shadow > .card-body.blog-content.position-relative > .p-4 > .justify-content-between.d-flex.mt-3 > .list-inline-item.me-2 > .btn.btn-link.primary,55e44f20f6c347cd,auto-detected
F003168,P124,W25,color-contrast,1.4.3,AA,serious,26,.col-lg-6:nth-child(3) > .border-0.card.shadow > .card-body.blog-content.position-relative > .blog-tag.px-4 > .badge.bg-secondary.rounded-pill,d57bda24da001d67,auto-detected
F003169,P124,W25,color-contrast,1.4.3,AA,serious,26,.col-lg-6:nth-child(3) > .border-0.card.shadow > .card-body.blog-content.position-relative > .p-4 > .mb-2.small.list-unstyled > .d-inline-flex.me-2.align-items-center,9598b3df5c157617,auto-detected
F003170,P124,W25,color-contrast,1.4.3,AA,serious,26,.col-lg-6:nth-child(3) > .border-0.card.shadow > .card-body.blog-content.position-relative > .p-4 > .justify-content-between.d-flex.mt-3 > .list-inline-item.me-2 > .btn.btn-link.primary,f29fab2a6b46b093,auto-detected
F003171,P124,W25,color-contrast,1.4.3,AA,serious,26,.col-lg-6:nth-child(4) > .border-0.card.shadow > .card-body.blog-content.position-relative > .blog-tag.px-4 > .badge.bg-secondary.rounded-pill,5b3af500ad0376d6,auto-detected
F003172,P124,W25,color-contrast,1.4.3,AA,serious,26,.col-lg-6:nth-child(4) > .border-0.card.shadow > .card-body.blog-content.position-relative > .p-4 > .mb-2.small.list-unstyled > .d-inline-flex.me-2.align-items-center,b1172540b6a80ef5,auto-detected
F003173,P124,W25,color-contrast,1.4.3,AA,serious,26,.col-lg-6:nth-child(4) > .border-0.card.shadow > .card-body.blog-content.position-relative > .p-4 > .justify-content-between.d-flex.mt-3 > .list-inline-item.me-2 > .btn.btn-link.primary,5e192859ebf59e9c,auto-detected
F003174,P124,W25,color-contrast,1.4.3,AA,serious,26,.col-lg-6:nth-child(5) > .border-0.card.shadow > .card-body.blog-content.position-relative > .blog-tag.px-4 > .badge.bg-secondary.rounded-pill,bb148af9c3e3a77a,auto-detected
F003175,P124,W25,color-contrast,1.4.3,AA,serious,26,.col-lg-6:nth-child(5) > .border-0.card.shadow > .card-body.blog-content.position-relative > .p-4 > .mb-2.small.list-unstyled > .d-inline-flex.me-2.align-items-center,2b1a50a735ac3738,auto-detected
F003176,P124,W25,color-contrast,1.4.3,AA,serious,26,.col-lg-6:nth-child(5) > .border-0.card.shadow > .card-body.blog-content.position-relative > .p-4 > .justify-content-between.d-flex.mt-3 > .list-inline-item.me-2 > .btn.btn-link.primary,b9549effbe1ee28f,auto-detected
F003177,P124,W25,color-contrast,1.4.3,AA,serious,26,.col-lg-6:nth-child(6) > .border-0.card.shadow > .card-body.blog-content.position-relative > .blog-tag.px-4 > .badge.bg-secondary.rounded-pill,5e95cb077fb0166a,auto-detected
F003178,P124,W25,color-contrast,1.4.3,AA,serious,26,.col-lg-6:nth-child(6) > .border-0.card.shadow > .card-body.blog-content.position-relative > .p-4 > .mb-2.small.list-unstyled > .d-inline-flex.me-2.align-items-center,a58dd85b87c56d77,auto-detected
F003179,P124,W25,color-contrast,1.4.3,AA,serious,26,.col-lg-6:nth-child(6) > .border-0.card.shadow > .card-body.blog-content.position-relative > .p-4 > .justify-content-between.d-flex.mt-3 > .list-inline-item.me-2 > .btn.btn-link.primary,3efa597c903dda8d,auto-detected
F003180,P124,W25,color-contrast,1.4.3,AA,serious,26,.blog.blog-primary.d-flex:nth-child(1) > .flex-1.ms-3 > .small.text-muted,6a266cd560d25069,auto-detected
F003181,P124,W25,color-contrast,1.4.3,AA,serious,26,.blog.blog-primary.d-flex:nth-child(2) > .flex-1.ms-3 > .small.text-muted,2ce469b190527bd9,auto-detected
F003182,P124,W25,color-contrast,1.4.3,AA,serious,26,.blog.blog-primary.d-flex:nth-child(3) > .flex-1.ms-3 > .small.text-muted,4e420dfff60a3d29,auto-detected
F003183,P124,W25,color-contrast,1.4.3,AA,serious,26,".py-1.px-2[href$=""berita""]",424e83d7c04bf383,auto-detected
F003184,P124,W25,color-contrast,1.4.3,AA,serious,26,".py-1.px-2[href$=""infografis""]",9b58cc0b02bea32b,auto-detected
F003185,P124,W25,color-contrast,1.4.3,AA,serious,26,".py-1.px-2[href$=""majalah""]",53e0a02bfc862344,auto-detected
F003186,P124,W25,color-contrast,1.4.3,AA,serious,26,".py-1.px-2[href$=""press-release""]",f23ac05577259df0,auto-detected
F003187,P124,W25,landmark-one-main,,,moderate,1,html,e3a603b512d44c09,auto-detected
F003188,P124,W25,link-name,2.4.4;4.1.2,A,serious,5,".list-inline-item:nth-child(1) > .rounded[target=""_blank""]",782ea8006c3a90eb,auto-detected
F003189,P124,W25,link-name,2.4.4;4.1.2,A,serious,5,".rounded[alt=""pemprov sulut""][target=""_blank""]",b79fc1e1e5d0c74e,auto-detected
F003190,P124,W25,link-name,2.4.4;4.1.2,A,serious,5,".list-inline-item:nth-child(3) > .rounded[target=""_blank""]",9dfdbf2ef79f0f08,auto-detected
F003191,P124,W25,link-name,2.4.4;4.1.2,A,serious,5,".list-inline-item:nth-child(4) > .rounded[target=""_blank""]",41a061a19b8df9c4,auto-detected
F003192,P124,W25,link-name,2.4.4;4.1.2,A,serious,5,".list-inline-item:nth-child(5) > .rounded[target=""_blank""]",c35f9800654c0ee1,auto-detected
F003193,P124,W25,list,1.3.1,A,serious,1,.pagination.justify-content-center.mb-0,38e1b9fb2976dda5,auto-detected
F003194,P124,W25,page-has-heading-one,,,moderate,1,html,f76cc039c8f5d8c0,auto-detected
F003195,P124,W25,region,,,moderate,6,.mt-5,292c515675685cd9,auto-detected
F003196,P124,W25,region,,,moderate,6,.section > .container > .justify-content-center.row,e1fe339a20dda6e9,auto-detected
F003197,P124,W25,region,,,moderate,6,.container > .container,a059da23bc3dcaf3,auto-detected
F003198,P124,W25,region,,,moderate,6,.col-lg-8 > .g-4.row,75a511b80a827ce7,auto-detected
F003199,P124,W25,region,,,moderate,6,.pagination.justify-content-center.mb-0 > .pagination,2b2ed07d4b9918c3,auto-detected
F003200,P124,W25,region,,,moderate,6,.col-lg-4,e6f2fa7e7af6172f,auto-detected
F003201,P125,W25,heading-order,,,moderate,3,"tr:nth-child(1) > td[colspan=""2""] > .tt-heading-title2",b846e53e5b089c60,auto-detected
F003202,P125,W25,heading-order,,,moderate,3,.sb-content-left.split-box-content > h3,fb0c2c6c0a126da1,auto-detected
F003203,P125,W25,heading-order,,,moderate,3,.col-sm-12.col-md-4:nth-child(2) > .footer-block > .f-block-heading,e15ef19b78d24507,auto-detected
F003204,P125,W25,image-alt,1.1.1,A,critical,1,"img[src$=""sulut.png""]",82216135cefb1f8a,auto-detected
F003205,P125,W25,link-name,2.4.4;4.1.2,A,serious,1,"a[href$=""sulut.png""]",5f30a00c25de2259,auto-detected
F003206,P125,W25,region,,,moderate,10,.intro-caption-wrap,6ee132dc6d8fc199,auto-detected
F003207,P125,W25,region,,,moderate,10,#visimisi,15b7bc478e399033,auto-detected
F003208,P125,W25,region,,,moderate,10,#funn-facts-section,7eeafc50624bc0d0,auto-detected
F003209,P125,W25,region,,,moderate,10,#sejarah,e2c6ad95dac1168f,auto-detected
F003210,P125,W25,region,,,moderate,10,#lambang,732aa89ed35ec152,auto-detected
F003211,P125,W25,region,,,moderate,10,#kabkot,0d5b9bb3775923db,auto-detected
F003212,P125,W25,region,,,moderate,10,".f-block-logo > .logo-light[href=""#""]",04cea649c9741ea3,auto-detected
F003213,P125,W25,region,,,moderate,10,.col-sm-12.col-md-4:nth-child(2),3bf5fa2e3c9595c5,auto-detected
F003214,P125,W25,region,,,moderate,10,.col-sm-12.col-md-4:nth-child(3),1024f37f50c17b03,auto-detected
F003215,P125,W25,region,,,moderate,10,.footer-bottom,fc305904a0d828c4,auto-detected
F003216,P131,W27,button-name,4.1.2,A,critical,7,".owl-themex > .owl-dots > .owl-dot.active[role=""button""]",0862decc40970b5e,auto-detected
F003217,P131,W27,button-name,4.1.2,A,critical,7,".owl-themex > .owl-dots > .owl-dot[role=""button""]:nth-child(2)",ff2208d3937826b7,auto-detected
F003218,P131,W27,button-name,4.1.2,A,critical,7,".owl-dot[role=""button""]:nth-child(3)",41ba21dc4f7e2b6d,auto-detected
F003219,P131,W27,button-name,4.1.2,A,critical,7,".section-service-link > .owl-section-service-link.owl-carousel.owl-loaded > .owl-dots > .owl-dot.active[role=""button""]",7c7b570704748297,auto-detected
F003220,P131,W27,button-name,4.1.2,A,critical,7,".section-service-link > .owl-section-service-link.owl-carousel.owl-loaded > .owl-dots > .owl-dot[role=""button""]:nth-child(2)",81af5106b77f8c96,auto-detected
F003221,P131,W27,button-name,4.1.2,A,critical,7,".section-heyzine > .owl-section-service-link.owl-carousel.owl-loaded > .owl-dots > .owl-dot.active[role=""button""]",fc9eff783c5068cc,auto-detected
F003222,P131,W27,button-name,4.1.2,A,critical,7,".section-heyzine > .owl-section-service-link.owl-carousel.owl-loaded > .owl-dots > .owl-dot[role=""button""]:nth-child(2)",6ebcf0c227584055,auto-detected
F003223,P131,W27,color-contrast,1.4.3,AA,serious,2,".btn.btn-light[href$=""video-informasi/""]",a5b2d8e66bbf655f,auto-detected
F003224,P131,W27,color-contrast,1.4.3,AA,serious,2,"a[href$=""ebook-weekly/""]",1b0d6bab0303231b,auto-detected
F003225,P131,W27,heading-order,,,moderate,2,".cloned.owl-item:nth-child(1) > .news-card.to-animate[data-animation=""animate__fadeinright""] > a > .content > h4",51cb09a4e848a973,auto-detected
F003226,P131,W27,heading-order,,,moderate,2,".program-card[data-animation=""animate__fadeinleft""][data-delay=""0.1s""] > div > h6[data-asw-org-font-size=""20""]",e698809cd2bc78fd,auto-detected
F003227,P131,W27,image-alt,1.1.1,A,critical,16,".cloned.owl-item:nth-child(1) > .heyzine-card.item[data-delay=""0.3s""] > a > .rounded.w-100[src$=""0bbbb1dc59.jpg""]",d533ba52eaf57cb4,auto-detected
F003228,P131,W27,image-alt,1.1.1,A,critical,16,".cloned.owl-item:nth-child(2) > .heyzine-card.item[data-delay=""0.3s""] > a > .rounded.w-100[src=""img/798d5fa986.jpg""]",338d748790f9bb87,auto-detected
F003229,P131,W27,image-alt,1.1.1,A,critical,16,".cloned.owl-item:nth-child(3) > .heyzine-card.item[data-delay=""0.3s""] > a > .rounded.w-100[src$=""2ec3440acf.jpg""]",6661d618c61ffd74,auto-detected
F003230,P131,W27,image-alt,1.1.1,A,critical,16,".cloned.owl-item:nth-child(4) > .heyzine-card.item[data-delay=""0.3s""] > a > .rounded.w-100[src$=""5a578c68ab.jpg""]",c4c5461b2eab8e2f,auto-detected
F003231,P131,W27,image-alt,1.1.1,A,critical,16,".active.owl-item:nth-child(5) > .heyzine-card.item[data-delay=""0.3s""] > a > .rounded.w-100[src$=""95760c8eab.jpg""]",8f38f99dc40dc4e7,auto-detected
F003232,P131,W27,image-alt,1.1.1,A,critical,16,".active.owl-item:nth-child(6) > .heyzine-card.item[data-delay=""0.3s""] > a > .rounded.w-100[src$=""2c42f2a2cd.jpg""]",b6ff11c6f0f00d45,auto-detected
F003233,P131,W27,image-alt,1.1.1,A,critical,16,".active.owl-item:nth-child(7) > .heyzine-card.item[data-delay=""0.3s""] > .rounded.w-100[src=""img/43730ef498.jpg""]",058b6c7facf71707,auto-detected
F003234,P131,W27,image-alt,1.1.1,A,critical,16,".active.owl-item:nth-child(8) > .heyzine-card.item[data-delay=""0.3s""] > a > .rounded.w-100[src=""img/5e30279c12.jpg""]",2a23ec2341a99e9e,auto-detected
F003235,P131,W27,image-alt,1.1.1,A,critical,16,".owl-item:nth-child(9) > .heyzine-card.item[data-delay=""0.3s""] > a > .rounded.w-100[src$=""0bbbb1dc59.jpg""]",b44ebe6c1c929443,auto-detected
F003236,P131,W27,image-alt,1.1.1,A,critical,16,".owl-item:nth-child(10) > .heyzine-card.item[data-delay=""0.3s""] > a > .rounded.w-100[src=""img/798d5fa986.jpg""]",a2401979b0224bcf,auto-detected
F003237,P131,W27,image-alt,1.1.1,A,critical,16,".owl-item:nth-child(11) > .heyzine-card.item[data-delay=""0.3s""] > a > .rounded.w-100[src$=""2ec3440acf.jpg""]",4ab27bdc19b2531a,auto-detected
F003238,P131,W27,image-alt,1.1.1,A,critical,16,".owl-item:nth-child(12) > .heyzine-card.item[data-delay=""0.3s""] > a > .rounded.w-100[src$=""5a578c68ab.jpg""]",22582d7214367846,auto-detected
F003239,P131,W27,image-alt,1.1.1,A,critical,16,".cloned.owl-item:nth-child(13) > .heyzine-card.item[data-delay=""0.3s""] > a > .rounded.w-100[src$=""95760c8eab.jpg""]",e6a1ca0df3db4991,auto-detected
F003240,P131,W27,image-alt,1.1.1,A,critical,16,".cloned.owl-item:nth-child(14) > .heyzine-card.item[data-delay=""0.3s""] > a > .rounded.w-100[src$=""2c42f2a2cd.jpg""]",e755d170ccc10340,auto-detected
F003241,P131,W27,image-alt,1.1.1,A,critical,16,".cloned.owl-item:nth-child(15) > .heyzine-card.item[data-delay=""0.3s""] > .rounded.w-100[src=""img/43730ef498.jpg""]",2992e73b63703c7d,auto-detected
F003242,P131,W27,image-alt,1.1.1,A,critical,16,".cloned.owl-item:nth-child(16) > .heyzine-card.item[data-delay=""0.3s""] > a > .rounded.w-100[src=""img/5e30279c12.jpg""]",3d02288fa3978b8b,auto-detected
F003243,P131,W27,landmark-one-main,,,moderate,1,html,e3902bb061b7c684,auto-detected
F003244,P131,W27,link-name,2.4.4;4.1.2,A,serious,11,".subitem-alamat > a[href=""/""][data-asw-org-font-size=""12""][target=""_blank""]",9a84be4dc219e3d4,auto-detected
F003245,P131,W27,link-name,2.4.4;4.1.2,A,serious,11,".item-alamat > a[href=""/""][data-asw-org-font-size=""12""][target=""_blank""]",050911fc78a9a664,auto-detected
F003246,P131,W27,link-name,2.4.4;4.1.2,A,serious,11,".col-sm-9 > a[href=""/""][target=""_blank""]",14653a321f0fb2d3,auto-detected
F003247,P131,W27,link-name,2.4.4;4.1.2,A,serious,11,".box-info-footer > .row > a[href=""/""][target=""_blank""]",17e8730ccff2f4b7,auto-detected
F003248,P131,W27,link-name,2.4.4;4.1.2,A,serious,11,".box-info-footer > a[href=""/""][target=""_blank""]",8100023469d034d9,auto-detected
F003249,P131,W27,link-name,2.4.4;4.1.2,A,serious,11,".col-md-4 > a[href=""/""][target=""_blank""]",765375246588b595,auto-detected
F003250,P131,W27,link-name,2.4.4;4.1.2,A,serious,11,".container > .row:nth-child(2) > a[href=""/""][target=""_blank""]",1e5e8fb40b9c665e,auto-detected
F003251,P131,W27,link-name,2.4.4;4.1.2,A,serious,11,".col-md-8 > a[href=""/""][target=""_blank""]",930961e07adaf4b8,auto-detected
F003252,P131,W27,link-name,2.4.4;4.1.2,A,serious,11,"a[data-asw-org-font-size=""0""]",ffd35fe023befc3b,auto-detected
F003253,P131,W27,link-name,2.4.4;4.1.2,A,serious,11,".ul.menu-footer > a[href=""/""][target=""_blank""][data-asw-org-font-size=""14""]",04d6251c26d527a9,auto-detected
F003254,P131,W27,link-name,2.4.4;4.1.2,A,serious,11,"a[href=""/""][data-asw-org-font-size=""13""][target=""_blank""]",ade1ce44bdfbba1d,auto-detected
F003255,P131,W27,list,1.3.1,A,serious,1,.item-menu-footer:nth-child(2) > .ul.menu-footer,c94373f9a20e48ff,auto-detected
F003256,P131,W27,page-has-heading-one,,,moderate,1,html,b254830709730d35,auto-detected
F003257,P131,W27,region,,,moderate,14,.section-banner-beranda,2aeac1d4658f2008,auto-detected
F003258,P131,W27,region,,,moderate,14,#j-vscreen-news-sm,1f965a5d02a0a853,auto-detected
F003259,P131,W27,region,,,moderate,14,#j-vscreen-news-lg,d8ae19935b632a9c,auto-detected
F003260,P131,W27,region,,,moderate,14,.owl-themex > .owl-stage-outer,fd371f40a33b4762,auto-detected
F003261,P131,W27,region,,,moderate,14,.owl-banner-carousel > .owl-stage-outer,1265fd7444f76f7a,auto-detected
F003262,P131,W27,region,,,moderate,14,#pills-tab,f6fd1af1601924f6,auto-detected
F003263,P131,W27,region,,,moderate,14,#bansos,2f033f4062e048b4,auto-detected
F003264,P131,W27,region,,,moderate,14,.tag-konten:nth-child(2),29650ae9dd2c48c9,auto-detected
F003265,P131,W27,region,,,moderate,14,.owl-youtube > .owl-stage-outer,f0c2df1c8f32ec7a,auto-detected
F003266,P131,W27,region,,,moderate,14,.tag-konten:nth-child(4),4888ec4d65324f3f,auto-detected
F003267,P131,W27,region,,,moderate,14,.section-service-link > .owl-section-service-link.owl-carousel.owl-loaded > .owl-stage-outer,83060e549ceaee0c,auto-detected
F003268,P131,W27,region,,,moderate,14,.tag-konten:nth-child(6),6e8dd64c3b156145,auto-detected
F003269,P131,W27,region,,,moderate,14,.section-heyzine > .owl-section-service-link.owl-carousel.owl-loaded > .owl-stage-outer,86d068a9cbbea601,auto-detected
F003270,P131,W27,region,,,moderate,14,.section-footer,0a4ed0b76df20bbc,auto-detected
F003271,P132,W27,landmark-one-main,,,moderate,1,html,03af0f73a57753d1,auto-detected
F003272,P132,W27,link-name,2.4.4;4.1.2,A,serious,11,".subitem-alamat > a[data-asw-org-font-size=""12""][href=""/""][target=""_blank""]",3051a556c5e02311,auto-detected
F003273,P132,W27,link-name,2.4.4;4.1.2,A,serious,11,".item-alamat > a[data-asw-org-font-size=""12""][href=""/""][target=""_blank""]",1b5423c3bd42778d,auto-detected
F003274,P132,W27,link-name,2.4.4;4.1.2,A,serious,11,".col-sm-9 > a[href=""/""][target=""_blank""][data-asw-org-font-size=""16""]",eef8ab0b20168c71,auto-detected
F003275,P132,W27,link-name,2.4.4;4.1.2,A,serious,11,".box-info-footer > .row > a[href=""/""][target=""_blank""][data-asw-org-font-size=""16""]",41bfc1464ae79e46,auto-detected
F003276,P132,W27,link-name,2.4.4;4.1.2,A,serious,11,".box-info-footer > a[href=""/""][target=""_blank""][data-asw-org-font-size=""16""]",1eccebf98580959b,auto-detected
F003277,P132,W27,link-name,2.4.4;4.1.2,A,serious,11,".col-md-4 > a[href=""/""][target=""_blank""][data-asw-org-font-size=""16""]",09913c8f3b92fbfb,auto-detected
F003278,P132,W27,link-name,2.4.4;4.1.2,A,serious,11,".wrap-footer > .row:nth-child(2) > a[href=""/""][target=""_blank""][data-asw-org-font-size=""16""]",ad2f608721ae0f94,auto-detected
F003279,P132,W27,link-name,2.4.4;4.1.2,A,serious,11,".col-md-8 > a[href=""/""][target=""_blank""][data-asw-org-font-size=""16""]",5ad40640db7706b5,auto-detected
F003280,P132,W27,link-name,2.4.4;4.1.2,A,serious,11,"a[data-asw-org-font-size=""0""]",1d326630a3f0e2d6,auto-detected
F003281,P132,W27,link-name,2.4.4;4.1.2,A,serious,11,".ul.menu-footer > a[href=""/""][target=""_blank""][data-asw-org-font-size=""14""]",3395d2dffdeb284a,auto-detected
F003282,P132,W27,link-name,2.4.4;4.1.2,A,serious,11,"a[href=""/""][target=""_blank""][data-asw-org-font-size=""13""]",069096cc98d976be,auto-detected
F003283,P132,W27,list,1.3.1,A,serious,1,.item-menu-footer:nth-child(2) > .ul.menu-footer,21f48d15a376d3bc,auto-detected
F003284,P132,W27,page-has-heading-one,,,moderate,1,html,8bbb602a82630ac6,auto-detected
F003285,P132,W27,region,,,moderate,5,.tag-konten,be4a38109d1d9a53,auto-detected
F003286,P132,W27,region,,,moderate,5,.mb-5,9371da5df764c707,auto-detected
F003287,P132,W27,region,,,moderate,5,#nav-tab,2cfa98e0c26339d9,auto-detected
F003288,P132,W27,region,,,moderate,5,#pills-1,f3bee5d48288f0d2,auto-detected
F003289,P132,W27,region,,,moderate,5,.section-footer,77663f1937fcf7fe,auto-detected
F003290,P133,W27,landmark-one-main,,,moderate,1,html,68f3ee9ae4cdedf1,auto-detected
F003291,P133,W27,link-name,2.4.4;4.1.2,A,serious,11,".subitem-alamat > a[data-asw-org-font-size=""12""][href$=""#alamat-dinas-sosial""]",a4509cd60d479c8f,auto-detected
F003292,P133,W27,link-name,2.4.4;4.1.2,A,serious,11,".item-alamat > a[data-asw-org-font-size=""12""][href$=""#alamat-dinas-sosial""]",a321dea8d20918b4,auto-detected
F003293,P133,W27,link-name,2.4.4;4.1.2,A,serious,11,".col-sm-9 > a[href$=""#alamat-dinas-sosial""][data-asw-org-font-size=""16""]",0fe0210ffd8aea89,auto-detected
F003294,P133,W27,link-name,2.4.4;4.1.2,A,serious,11,".box-info-footer > .row > a[href$=""#alamat-dinas-sosial""][data-asw-org-font-size=""16""]",c4eeaaf5b256b80a,auto-detected
F003295,P133,W27,link-name,2.4.4;4.1.2,A,serious,11,".box-info-footer > a[href$=""#alamat-dinas-sosial""][data-asw-org-font-size=""16""]",b1346b194cd78477,auto-detected
F003296,P133,W27,link-name,2.4.4;4.1.2,A,serious,11,".col-md-4 > a[href$=""#alamat-dinas-sosial""][data-asw-org-font-size=""16""]",fdfd3da0a268e707,auto-detected
F003297,P133,W27,link-name,2.4.4;4.1.2,A,serious,11,".wrap-footer > .row:nth-child(2) > a[href$=""#alamat-dinas-sosial""][data-asw-org-font-size=""16""]",9dd6cce65e90edc7,auto-detected
F003298,P133,W27,link-name,2.4.4;4.1.2,A,serious,11,".col-md-8 > a[href$=""#alamat-dinas-sosial""][data-asw-org-font-size=""16""]",9ed18ecfa1baaae1,auto-detected
F003299,P133,W27,link-name,2.4.4;4.1.2,A,serious,11,"a[data-asw-org-font-size=""0""]",63b03300309cd28c,auto-detected
F003300,P133,W27,link-name,2.4.4;4.1.2,A,serious,11,".ul.menu-footer > a[href$=""#alamat-dinas-sosial""][data-asw-org-font-size=""14""]",4d626c1c4c654b8c,auto-detected
F003301,P133,W27,link-name,2.4.4;4.1.2,A,serious,11,"a[href$=""#alamat-dinas-sosial""][data-asw-org-font-size=""13""]",8e076d41a93ddb6e,auto-detected
F003302,P133,W27,list,1.3.1,A,serious,1,.item-menu-footer:nth-child(2) > .ul.menu-footer,83626a36d8791b2e,auto-detected
F003303,P133,W27,region,,,moderate,2,.profile,dc290ee42c269b3e,auto-detected
F003304,P133,W27,region,,,moderate,2,.section-footer,6b5050c50d5b46c3,auto-detected
F003305,P134,W27,landmark-one-main,,,moderate,1,html,3abf69bca5bcf970,auto-detected
F003306,P134,W27,link-name,2.4.4;4.1.2,A,serious,11,".subitem-alamat > a[data-asw-org-font-size=""12""][href$=""#alamat-dinas-sosial""]",44391d411c5bcc30,auto-detected
F003307,P134,W27,link-name,2.4.4;4.1.2,A,serious,11,".item-alamat > a[data-asw-org-font-size=""12""][href$=""#alamat-dinas-sosial""]",115d1da8e1efe96a,auto-detected
F003308,P134,W27,link-name,2.4.4;4.1.2,A,serious,11,".col-sm-9 > a[href$=""#alamat-dinas-sosial""][data-asw-org-font-size=""16""]",f8fb128ac5c12dc0,auto-detected
F003309,P134,W27,link-name,2.4.4;4.1.2,A,serious,11,".box-info-footer > .row > a[href$=""#alamat-dinas-sosial""][data-asw-org-font-size=""16""]",fcbba8d586dfd06e,auto-detected
F003310,P134,W27,link-name,2.4.4;4.1.2,A,serious,11,".box-info-footer > a[href$=""#alamat-dinas-sosial""][data-asw-org-font-size=""16""]",efbb4396502e7d6c,auto-detected
F003311,P134,W27,link-name,2.4.4;4.1.2,A,serious,11,".col-md-4 > a[href$=""#alamat-dinas-sosial""][data-asw-org-font-size=""16""]",b929af55c2e6dfa4,auto-detected
F003312,P134,W27,link-name,2.4.4;4.1.2,A,serious,11,".wrap-footer > .row:nth-child(2) > a[href$=""#alamat-dinas-sosial""][data-asw-org-font-size=""16""]",1d8ad3de82e4db39,auto-detected
F003313,P134,W27,link-name,2.4.4;4.1.2,A,serious,11,".col-md-8 > a[href$=""#alamat-dinas-sosial""][data-asw-org-font-size=""16""]",116357e659bb4cae,auto-detected
F003314,P134,W27,link-name,2.4.4;4.1.2,A,serious,11,"a[data-asw-org-font-size=""0""]",1dd657a09487b7e7,auto-detected
F003315,P134,W27,link-name,2.4.4;4.1.2,A,serious,11,".ul.menu-footer > a[href$=""#alamat-dinas-sosial""][data-asw-org-font-size=""14""]",28547c3649053e46,auto-detected
F003316,P134,W27,link-name,2.4.4;4.1.2,A,serious,11,"a[href$=""#alamat-dinas-sosial""][data-asw-org-font-size=""13""]",eb9d92cf832736db,auto-detected
F003317,P134,W27,list,1.3.1,A,serious,1,.item-menu-footer:nth-child(2) > .ul.menu-footer,2f7465ccd865e892,auto-detected
F003318,P134,W27,region,,,moderate,2,.profile,8061c2a151577826,auto-detected
F003319,P134,W27,region,,,moderate,2,.section-footer,2638904a4e557917,auto-detected
F003320,P141,W29,button-name,4.1.2,A,critical,1,".minimize-footer__search > button[type=""submit""]",42a722197c2acb78,auto-detected
F003321,P141,W29,color-contrast,1.4.3,AA,serious,1,.minimize-info-section > .container > .minimize-section-heading > p,426703ed1279e084,auto-detected
F003322,P141,W29,frame-title,4.1.2,A,serious,1,iframe,d4a1dfeb03fa50ba,auto-detected
F003323,P141,W29,image-redundant-alt,,,minor,1,.minimize-navbar__logo > img,6b9cf0835029f887,auto-detected
F003324,P141,W29,link-name,2.4.4;4.1.2,A,serious,1,.btn,dfb825ddab475dde,auto-detected
F003325,P142,W29,button-name,4.1.2,A,critical,2,.top-0,c01c92c9fd50146a,auto-detected
F003326,P142,W29,button-name,4.1.2,A,critical,2,".minimize-footer__search > button[type=""submit""]",1fa28fe780e02530,auto-detected
F003327,P142,W29,color-contrast,1.4.3,AA,serious,25,.list-group-item:nth-child(1) > .p-2.rounded.align-items-center > .text-white > small,f692bd82bbd49a7f,auto-detected
F003328,P142,W29,color-contrast,1.4.3,AA,serious,25,.list-group-item:nth-child(2) > .p-2.rounded.align-items-center > .text-white > small,277bc6059ca76a6e,auto-detected
F003329,P142,W29,color-contrast,1.4.3,AA,serious,25,.list-group-item:nth-child(3) > .p-2.rounded.align-items-center > .text-white > small,557b2deef82eb134,auto-detected
F003330,P142,W29,color-contrast,1.4.3,AA,serious,25,.list-group-item:nth-child(4) > .p-2.rounded.align-items-center > .text-white > small,9be38b09b1a54176,auto-detected
F003331,P142,W29,color-contrast,1.4.3,AA,serious,25,.list-group-item:nth-child(5) > .p-2.rounded.align-items-center > .text-white > small,372705b264ed8bd0,auto-detected
F003332,P142,W29,color-contrast,1.4.3,AA,serious,25,.list-group-item:nth-child(6) > .p-2.rounded.align-items-center > .text-white > small,d721bf87b61aa4c9,auto-detected
F003333,P142,W29,color-contrast,1.4.3,AA,serious,25,.list-group-item:nth-child(7) > .p-2.rounded.align-items-center > .text-white > small,8cd84ac17098cf56,auto-detected
F003334,P142,W29,color-contrast,1.4.3,AA,serious,25,.list-group-item:nth-child(8) > .p-2.rounded.align-items-center > .text-white > small,f2076e106e518fc0,auto-detected
F003335,P142,W29,color-contrast,1.4.3,AA,serious,25,.list-group-item:nth-child(9) > .p-2.rounded.align-items-center > .text-white > small,ac6f764093a17cf8,auto-detected
F003336,P142,W29,color-contrast,1.4.3,AA,serious,25,.list-group-item:nth-child(10) > .p-2.rounded.align-items-center > .text-white > small,a95da98dbc233c9f,auto-detected
F003337,P142,W29,color-contrast,1.4.3,AA,serious,25,.list-group-item:nth-child(11) > .p-2.rounded.align-items-center > .text-white > small,f8e9702155297b7c,auto-detected
F003338,P142,W29,color-contrast,1.4.3,AA,serious,25,.list-group-item:nth-child(12) > .p-2.rounded.align-items-center > .text-white > small,84d6e5674f38d075,auto-detected
F003339,P142,W29,color-contrast,1.4.3,AA,serious,25,.list-group-item:nth-child(13) > .p-2.rounded.align-items-center > .text-white > small,d459080762546d25,auto-detected
F003340,P142,W29,color-contrast,1.4.3,AA,serious,25,.course-item:nth-child(2) > .overflow-hidden.position-relative > .bottom-0.start-0.position-absolute > .flex-shrink-0.text-light.btn-sm:nth-child(1),48da1e6152bb645b,auto-detected
F003341,P142,W29,color-contrast,1.4.3,AA,serious,25,.course-item:nth-child(2) > .overflow-hidden.position-relative > .bottom-0.start-0.position-absolute > .flex-shrink-0.btn-sm.text-light:nth-child(2),3afcb0e707565f22,auto-detected
F003342,P142,W29,color-contrast,1.4.3,AA,serious,25,.course-item:nth-child(3) > .overflow-hidden.position-relative > .bottom-0.start-0.position-absolute > .flex-shrink-0.text-light.btn-sm:nth-child(1),5adc6abc089604a7,auto-detected
F003343,P142,W29,color-contrast,1.4.3,AA,serious,25,.course-item:nth-child(3) > .overflow-hidden.position-relative > .bottom-0.start-0.position-absolute > .flex-shrink-0.btn-sm.text-light:nth-child(2),c83ae0a4b95873a8,auto-detected
F003344,P142,W29,color-contrast,1.4.3,AA,serious,25,.course-item:nth-child(4) > .overflow-hidden.position-relative > .bottom-0.start-0.position-absolute > .flex-shrink-0.text-light.btn-sm:nth-child(1),b2498b3fc69f4a13,auto-detected
F003345,P142,W29,color-contrast,1.4.3,AA,serious,25,.course-item:nth-child(4) > .overflow-hidden.position-relative > .bottom-0.start-0.position-absolute > .flex-shrink-0.btn-sm.text-light:nth-child(2),31853d99eff82ee2,auto-detected
F003346,P142,W29,color-contrast,1.4.3,AA,serious,25,.course-item:nth-child(5) > .overflow-hidden.position-relative > .bottom-0.start-0.position-absolute > .flex-shrink-0.text-light.btn-sm:nth-child(1),42f0460ae97a85b3,auto-detected
F003347,P142,W29,color-contrast,1.4.3,AA,serious,25,.course-item:nth-child(5) > .overflow-hidden.position-relative > .bottom-0.start-0.position-absolute > .flex-shrink-0.btn-sm.text-light:nth-child(2),8a830c15faafb9f4,auto-detected
F003348,P142,W29,color-contrast,1.4.3,AA,serious,25,.course-item:nth-child(6) > .overflow-hidden.position-relative > .bottom-0.start-0.position-absolute > .flex-shrink-0.text-light.btn-sm:nth-child(1),c964ab9f1f432635,auto-detected
F003349,P142,W29,color-contrast,1.4.3,AA,serious,25,.course-item:nth-child(6) > .overflow-hidden.position-relative > .bottom-0.start-0.position-absolute > .flex-shrink-0.btn-sm.text-light:nth-child(2),c2048286444e396f,auto-detected
F003350,P142,W29,color-contrast,1.4.3,AA,serious,25,.course-item:nth-child(7) > .overflow-hidden.position-relative > .bottom-0.start-0.position-absolute > .flex-shrink-0.text-light.btn-sm:nth-child(1),0311ac1d24b995d3,auto-detected
F003351,P142,W29,color-contrast,1.4.3,AA,serious,25,.course-item:nth-child(7) > .overflow-hidden.position-relative > .bottom-0.start-0.position-absolute > .flex-shrink-0.btn-sm.text-light:nth-child(2),6024fb559b4ee423,auto-detected
F003352,P142,W29,frame-title,4.1.2,A,serious,1,iframe,49784b59cc018efc,auto-detected
F003353,P142,W29,image-redundant-alt,,,minor,1,.minimize-navbar__logo > img,95afd8ceef15caa9,auto-detected
F003354,P142,W29,link-name,2.4.4;4.1.2,A,serious,3,"a[target=""_blank""][rel=""noopener noreferrer""]:nth-child(3)",6012fe930d5b3d82,auto-detected
F003355,P142,W29,link-name,2.4.4;4.1.2,A,serious,3,"a[target=""_blank""][rel=""noopener noreferrer""]:nth-child(4)",a9a3e8052beea97e,auto-detected
F003356,P142,W29,link-name,2.4.4;4.1.2,A,serious,3,.btn-lg,9b65439f2306c9b4,auto-detected
F003357,P142,W29,page-has-heading-one,,,moderate,1,html,4795b361e96b821e,auto-detected
F003358,P142,W29,scrollable-region-focusable,2.1.1;2.1.3,A,serious,1,.card,eb96cda5932720ba,auto-detected
F003359,P143,W29,button-name,4.1.2,A,critical,1,".minimize-footer__search > button[type=""submit""]",4a9e019a120b6047,auto-detected
F003360,P143,W29,frame-title,4.1.2,A,serious,1,iframe,105da322c1b73776,auto-detected
F003361,P143,W29,image-redundant-alt,,,minor,1,.minimize-navbar__logo > img,321047081e10dd5c,auto-detected
F003362,P143,W29,link-name,2.4.4;4.1.2,A,serious,1,.btn,56eafbae9f3d7fe6,auto-detected
F003363,P143,W29,page-has-heading-one,,,moderate,1,html,89d512366cbd4252,auto-detected
F003364,P144,W29,button-name,4.1.2,A,critical,1,".minimize-footer__search > button[type=""submit""]",56cf97f8f1069751,auto-detected
F003365,P144,W29,frame-title,4.1.2,A,serious,1,iframe,daf807cd710d39b1,auto-detected
F003366,P144,W29,heading-order,,,moderate,1,.col-md-6.mb-4.col-lg-4:nth-child(1) > .card.border-0.shadow-sm > .p-3.text-center > .text-decoration-none > h6,6219b1b3d6bf10b6,auto-detected
F003367,P144,W29,image-redundant-alt,,,minor,1,.minimize-navbar__logo > img,b4b68d504581cf53,auto-detected
F003368,P144,W29,landmark-unique,,,moderate,1,.navbar,c649296110132b56,auto-detected
F003369,P144,W29,link-name,2.4.4;4.1.2,A,serious,1,.btn,6742576203fea593,auto-detected
F003370,P145,W29,button-name,4.1.2,A,critical,1,".minimize-footer__search > button[type=""submit""]",5e9f5a7dece25d42,auto-detected
F003371,P145,W29,color-contrast,1.4.3,AA,serious,1,.minimize-info-section > .container > .minimize-section-heading > p,093a358bc8d6b4bf,auto-detected
F003372,P145,W29,frame-title,4.1.2,A,serious,1,iframe,d58f9b3c96b1df27,auto-detected
F003373,P145,W29,image-redundant-alt,,,minor,1,.minimize-navbar__logo > img,c13a42874497479a,auto-detected
F003374,P145,W29,link-name,2.4.4;4.1.2,A,serious,1,.btn,441feb14ab40d9aa,auto-detected
F003375,P146,W30,html-has-lang,3.1.1,A,serious,1,html,8bae211923251f2a,auto-detected
F003376,P146,W30,landmark-one-main,,,moderate,1,html,0da6d5df7247ca2d,auto-detected
F003377,P146,W30,region,,,moderate,2,center:nth-child(1),7198f7bfd74a6832,auto-detected
F003378,P146,W30,region,,,moderate,2,center:nth-child(3),ba1aaf40632fb8ad,auto-detected
F003379,P151,W31,button-name,4.1.2,A,critical,11,"button[data-bs-slide-to=""0""]",8af430cb94db0647,auto-detected
F003380,P151,W31,button-name,4.1.2,A,critical,11,"button[data-bs-slide-to=""1""]",ccb3b895021fb7c3,auto-detected
F003381,P151,W31,button-name,4.1.2,A,critical,11,"button[data-bs-slide-to=""2""]",b71beb83c9410eb1,auto-detected
F003382,P151,W31,button-name,4.1.2,A,critical,11,"button[data-bs-slide-to=""3""]",74cfb008dda8e090,auto-detected
F003383,P151,W31,button-name,4.1.2,A,critical,11,"button[data-bs-slide-to=""4""]",a5ec69b53fd8783a,auto-detected
F003384,P151,W31,button-name,4.1.2,A,critical,11,".carousel-control-prev[data-bs-slide=""prev""][data-bs-target=""#sliderdinsos""]",b4748c4c0602ea5d,auto-detected
F003385,P151,W31,button-name,4.1.2,A,critical,11,".carousel-control-next[data-bs-slide=""next""][data-bs-target=""#sliderdinsos""]",2fa6e47055b91a78,auto-detected
F003386,P151,W31,button-name,4.1.2,A,critical,11,".carousel-control-prev[data-bs-target=""#carousel1""][data-bs-slide=""prev""]",f3675c0ddfd5ed81,auto-detected
F003387,P151,W31,button-name,4.1.2,A,critical,11,".carousel-control-next[data-bs-target=""#carousel1""][data-bs-slide=""next""]",dfa400f6ec4f965f,auto-detected
F003388,P151,W31,button-name,4.1.2,A,critical,11,".carousel-control-prev[data-bs-target=""#carousel2""][data-bs-slide=""prev""]",c92b0f8d41f30266,auto-detected
F003389,P151,W31,button-name,4.1.2,A,critical,11,".carousel-control-next[data-bs-target=""#carousel2""][data-bs-slide=""next""]",88f4446ffac33119,auto-detected
F003390,P151,W31,color-contrast,1.4.3,AA,serious,2,.col-lg-3.col-md-6:nth-child(1) > .widget.widget-text.mb-4 > .card-header,15444c0bd20bcce2,auto-detected
F003391,P151,W31,color-contrast,1.4.3,AA,serious,2,.col-lg-3.col-md-6:nth-child(4) > .widget.widget-text.mb-4 > .card-header,e9ff6fe60750ceed,auto-detected
F003392,P151,W31,empty-heading,,,minor,1,.carousel-item:nth-child(1) > .carousel-caption.d-md-block.d-none > h5,79a546ff48f820d7,auto-detected
F003393,P151,W31,frame-title,4.1.2,A,serious,1,iframe,24c9230456e1a3be,auto-detected
F003394,P151,W31,heading-order,,,moderate,3,.col:nth-child(2) > .h-100.border-0.shadow-sm > .card-body.text-center > h6,c68fe4327f2ef319,auto-detected
F003395,P151,W31,heading-order,,,moderate,3,.col-lg-4.col-md-6:nth-child(1) > .layanan-card.card > .d-flex.flex-column.card-body > .layanan-title,bac9557703f43769,auto-detected
F003396,P151,W31,heading-order,,,moderate,3,.col-lg-3.col-md-6:nth-child(4) > .widget.widget-text.mb-4 > .card-header,ae8e793d39189f82,auto-detected
F003397,P151,W31,image-alt,1.1.1,A,critical,4,#carousel1 > .rounded-top.carousel-inner > .carousel-item:nth-child(1) > .layanan-img.d-block.w-100,200ca501c420ae17,auto-detected
F003398,P151,W31,image-alt,1.1.1,A,critical,4,#carousel2 > .rounded-top.carousel-inner > .carousel-item:nth-child(1) > .layanan-img.d-block.w-100,346283e01617ed37,auto-detected
F003399,P151,W31,image-alt,1.1.1,A,critical,4,#carousel3 > .rounded-top.carousel-inner > .carousel-item:nth-child(1) > .layanan-img.d-block.w-100,9765615b3bc98243,auto-detected
F003400,P151,W31,image-alt,1.1.1,A,critical,4,#carousel4 > .rounded-top.carousel-inner > .carousel-item:nth-child(1) > .layanan-img.d-block.w-100,5a2e3edd8ec5ed6e,auto-detected
F003401,P151,W31,landmark-one-main,,,moderate,1,html,4f56866a289d3d9b,auto-detected
F003402,P151,W31,link-name,2.4.4;4.1.2,A,serious,1,.menu-navbar > li:nth-child(1) > a,e58181d503c0bf65,auto-detected
F003403,P151,W31,meta-viewport,1.4.4,AA,critical,2,"meta[name=""viewport""]:nth-child(3)",69afe3b6d68f9bdf,auto-detected
F003404,P151,W31,meta-viewport,1.4.4,AA,critical,2,"meta[name=""viewport""]:nth-child(4)",49e3a0e924d2b7ea,auto-detected
F003405,P151,W31,page-has-heading-one,,,moderate,1,html,7fa35c25d401566e,auto-detected
F003406,P151,W31,region,,,moderate,13,#sliderdinsos > .carousel-inner > .carousel-item:nth-child(1),76567aca4cf99bb8,auto-detected
F003407,P151,W31,region,,,moderate,13,#section_iklan_home_1,e02900d136386441,auto-detected
F003408,P151,W31,region,,,moderate,13,.layanan-header,621d788df64be4ee,auto-detected
F003409,P151,W31,region,,,moderate,13,#carousel1 > .rounded-top.carousel-inner > .carousel-item:nth-child(1),8a7412b74b5a4a7b,auto-detected
F003410,P151,W31,region,,,moderate,13,.col:nth-child(2) > .h-100.border-0.shadow-sm > .card-body.text-center,802bd10be2db69bd,auto-detected
F003411,P151,W31,region,,,moderate,13,#carousel2 > .rounded-top.carousel-inner > .carousel-item:nth-child(1),d099bfa043c2e465,auto-detected
F003412,P151,W31,region,,,moderate,13,.col:nth-child(3) > .h-100.border-0.shadow-sm > .card-body.text-center,9dc5079c93b26eef,auto-detected
F003413,P151,W31,region,,,moderate,13,#carousel3 > .rounded-top.carousel-inner > .carousel-item:nth-child(1),462669f89750cf11,auto-detected
F003414,P151,W31,region,,,moderate,13,.col:nth-child(4) > .h-100.border-0.shadow-sm > .card-body.text-center,7f49e38b6e09aa5f,auto-detected
F003415,P151,W31,region,,,moderate,13,#carousel4 > .rounded-top.carousel-inner > .carousel-item:nth-child(1),9d69adb4b94a119d,auto-detected
F003416,P151,W31,region,,,moderate,13,.col:nth-child(5) > .h-100.border-0.shadow-sm > .card-body.text-center,576bf627d283510b,auto-detected
F003417,P151,W31,region,,,moderate,13,#section_iklan_home_3,061903366989be27,auto-detected
F003418,P151,W31,region,,,moderate,13,.my-5.container,ab99a0a591ac0465,auto-detected
F003419,P151,W31,select-name,4.1.2,A,critical,3,select:nth-child(2),a7b311e30ed15e22,auto-detected
F003420,P151,W31,select-name,4.1.2,A,critical,3,select:nth-child(4),7848f664ae88339a,auto-detected
F003421,P151,W31,select-name,4.1.2,A,critical,3,select:nth-child(6),d42dcda64ab9b513,auto-detected
F003422,P152,W31,button-name,4.1.2,A,critical,11,"button[data-bs-slide-to=""0""]",6d52ce3659074ac8,auto-detected
F003423,P152,W31,button-name,4.1.2,A,critical,11,"button[data-bs-slide-to=""1""]",262e304063d6c2fb,auto-detected
F003424,P152,W31,button-name,4.1.2,A,critical,11,"button[data-bs-slide-to=""2""]",a497e11ad5bfc45e,auto-detected
F003425,P152,W31,button-name,4.1.2,A,critical,11,"button[data-bs-slide-to=""3""]",1c245b0ac6f4ff21,auto-detected
F003426,P152,W31,button-name,4.1.2,A,critical,11,"button[data-bs-slide-to=""4""]",5b7cdfd35a7cbb70,auto-detected
F003427,P152,W31,button-name,4.1.2,A,critical,11,".carousel-control-prev[data-bs-slide=""prev""][data-bs-target=""#sliderdinsos""]",7ffefea66e340e28,auto-detected
F003428,P152,W31,button-name,4.1.2,A,critical,11,".carousel-control-next[data-bs-slide=""next""][data-bs-target=""#sliderdinsos""]",ad750e3368dedd51,auto-detected
F003429,P152,W31,button-name,4.1.2,A,critical,11,".carousel-control-prev[data-bs-target=""#carousel1""][data-bs-slide=""prev""]",22d99898b277c677,auto-detected
F003430,P152,W31,button-name,4.1.2,A,critical,11,".carousel-control-next[data-bs-target=""#carousel1""][data-bs-slide=""next""]",3f1104f3b3cc3bf6,auto-detected
F003431,P152,W31,button-name,4.1.2,A,critical,11,".carousel-control-prev[data-bs-target=""#carousel2""][data-bs-slide=""prev""]",27fe01e9522d3748,auto-detected
F003432,P152,W31,button-name,4.1.2,A,critical,11,".carousel-control-next[data-bs-target=""#carousel2""][data-bs-slide=""next""]",3f1aa01c3405aaa0,auto-detected
F003433,P152,W31,color-contrast,1.4.3,AA,serious,2,.col-lg-3.col-md-6:nth-child(1) > .widget.widget-text.mb-4 > .card-header,d8e586f6c6056f4e,auto-detected
F003434,P152,W31,color-contrast,1.4.3,AA,serious,2,.col-lg-3.col-md-6:nth-child(4) > .widget.widget-text.mb-4 > .card-header,aaf2c79289f99247,auto-detected
F003435,P152,W31,empty-heading,,,minor,1,.active.carousel-item > .carousel-caption.d-md-block.d-none > h5,f005022a6c1c3068,auto-detected
F003436,P152,W31,frame-title,4.1.2,A,serious,1,iframe,98fa8eb507c9670c,auto-detected
F003437,P152,W31,heading-order,,,moderate,3,.col:nth-child(2) > .h-100.border-0.shadow-sm > .card-body.text-center > h6,42c47367ac8f7bb1,auto-detected
F003438,P152,W31,heading-order,,,moderate,3,.col-lg-4.col-md-6:nth-child(1) > .layanan-card.card > .d-flex.flex-column.card-body > .layanan-title,a70473636f8d664c,auto-detected
F003439,P152,W31,heading-order,,,moderate,3,.col-lg-3.col-md-6:nth-child(4) > .widget.widget-text.mb-4 > .card-header,870e0aa2826adbcd,auto-detected
F003440,P152,W31,image-alt,1.1.1,A,critical,4,#carousel1 > .rounded-top.carousel-inner > .active.carousel-item > .layanan-img.d-block.w-100,301966aa6b431e97,auto-detected
F003441,P152,W31,image-alt,1.1.1,A,critical,4,#carousel2 > .rounded-top.carousel-inner > .active.carousel-item > .layanan-img.d-block.w-100,06c7eb8a715e7bad,auto-detected
F003442,P152,W31,image-alt,1.1.1,A,critical,4,#carousel3 > .rounded-top.carousel-inner > .active.carousel-item > .layanan-img.d-block.w-100,ecd585ff57db5558,auto-detected
F003443,P152,W31,image-alt,1.1.1,A,critical,4,#carousel4 > .rounded-top.carousel-inner > .active.carousel-item > .layanan-img.d-block.w-100,8f46f0d58f017acb,auto-detected
F003444,P152,W31,landmark-one-main,,,moderate,1,html,3d91a74a89b4047b,auto-detected
F003445,P152,W31,link-name,2.4.4;4.1.2,A,serious,1,.menu-navbar > li:nth-child(1) > a,0bc4093833b8db07,auto-detected
F003446,P152,W31,meta-viewport,1.4.4,AA,critical,2,"meta[name=""viewport""]:nth-child(3)",bf73de1a057e306b,auto-detected
F003447,P152,W31,meta-viewport,1.4.4,AA,critical,2,"meta[name=""viewport""]:nth-child(4)",26fb37997594487e,auto-detected
F003448,P152,W31,page-has-heading-one,,,moderate,1,html,8ff81650e03f41fc,auto-detected
F003449,P152,W31,region,,,moderate,13,#sliderdinsos > .carousel-inner > .active.carousel-item,5815eb68161d1fbb,auto-detected
F003450,P152,W31,region,,,moderate,13,#section_iklan_home_1,6afc557f5c80af39,auto-detected
F003451,P152,W31,region,,,moderate,13,.layanan-header,a2226bedeb376482,auto-detected
F003452,P152,W31,region,,,moderate,13,#carousel1 > .rounded-top.carousel-inner > .active.carousel-item,db88fc9b392c2b2c,auto-detected
F003453,P152,W31,region,,,moderate,13,.col:nth-child(2) > .h-100.border-0.shadow-sm > .card-body.text-center,b3ee6988cf44c17c,auto-detected
F003454,P152,W31,region,,,moderate,13,#carousel2 > .rounded-top.carousel-inner > .active.carousel-item,9e3ad5d07ad9bb4a,auto-detected
F003455,P152,W31,region,,,moderate,13,.col:nth-child(3) > .h-100.border-0.shadow-sm > .card-body.text-center,248b86d746bcec77,auto-detected
F003456,P152,W31,region,,,moderate,13,#carousel3 > .rounded-top.carousel-inner > .active.carousel-item,ab0a0be3ea89f669,auto-detected
F003457,P152,W31,region,,,moderate,13,.col:nth-child(4) > .h-100.border-0.shadow-sm > .card-body.text-center,82f4855c94128fc9,auto-detected
F003458,P152,W31,region,,,moderate,13,#carousel4 > .rounded-top.carousel-inner > .active.carousel-item,9ca98df4c0c62015,auto-detected
F003459,P152,W31,region,,,moderate,13,.col:nth-child(5) > .h-100.border-0.shadow-sm > .card-body.text-center,7256bd7a3da0c485,auto-detected
F003460,P152,W31,region,,,moderate,13,#section_iklan_home_3,7c57d66a083392ef,auto-detected
F003461,P152,W31,region,,,moderate,13,.my-5.container,3fdb1f3bf7d543b1,auto-detected
F003462,P152,W31,select-name,4.1.2,A,critical,3,select:nth-child(2),af68a0405819c462,auto-detected
F003463,P152,W31,select-name,4.1.2,A,critical,3,select:nth-child(4),ad0914ee387e2707,auto-detected
F003464,P152,W31,select-name,4.1.2,A,critical,3,select:nth-child(6),013524eb0c244983,auto-detected
F003465,P153,W31,color-contrast,1.4.3,AA,serious,8,.post-meta,e3fd0077f3de8eb8,auto-detected
F003466,P153,W31,color-contrast,1.4.3,AA,serious,8,.btn-submit,7d964a4930194067,auto-detected
F003467,P153,W31,color-contrast,1.4.3,AA,serious,8,.btn-info,ed2642ceaa451d01,auto-detected
F003468,P153,W31,color-contrast,1.4.3,AA,serious,8,.survey-box > p,fa8bd3925965decf,auto-detected
F003469,P153,W31,color-contrast,1.4.3,AA,serious,8,form > label:nth-child(1),335d888dede4f1c5,auto-detected
F003470,P153,W31,color-contrast,1.4.3,AA,serious,8,form > label:nth-child(3),23d34970fd237bd2,auto-detected
F003471,P153,W31,color-contrast,1.4.3,AA,serious,8,label:nth-child(5),0ba8c6e7a728cd78,auto-detected
F003472,P153,W31,color-contrast,1.4.3,AA,serious,8,label:nth-child(7),9e4d8bd5a4a37d4f,auto-detected
F003473,P153,W31,frame-title,4.1.2,A,serious,1,iframe,24bb1cd617b74bcc,auto-detected
F003474,P153,W31,heading-order,,,moderate,1,.col-md-6.col-lg-3:nth-child(4) > .widget-text.widget.card > .card-header,0310052a5ce102c1,auto-detected
F003475,P153,W31,landmark-one-main,,,moderate,1,html,b0f123d513f771f0,auto-detected
F003476,P153,W31,link-name,2.4.4;4.1.2,A,serious,1,.menu-navbar > .menu-item:nth-child(1) > a,7e75919d54954d09,auto-detected
F003477,P153,W31,meta-viewport,1.4.4,AA,critical,2,"meta[name=""viewport""]:nth-child(3)",61c22340d2b20f78,auto-detected
F003478,P153,W31,meta-viewport,1.4.4,AA,critical,2,"meta[name=""viewport""]:nth-child(4)",dddfc0a33fb5eefa,auto-detected
F003479,P153,W31,page-has-heading-one,,,moderate,1,html,b9734a83caa51592,auto-detected
F003480,P153,W31,region,,,moderate,11,.col-lg-8,a49ebbdc9f756a0c,auto-detected
F003481,P153,W31,region,,,moderate,11,.widget-sekilas-info,f6f832cca7179528,auto-detected
F003482,P153,W31,region,,,moderate,11,.card-title,0a80d1af3a302d4d,auto-detected
F003483,P153,W31,region,,,moderate,11,.form-group:nth-child(1),f9d9ba1b89228f15,auto-detected
F003484,P153,W31,region,,,moderate,11,.btn-info,bd11963ab51870f4,auto-detected
F003485,P153,W31,region,,,moderate,11,.widget-iklan-sidebar.widget.card:nth-child(3),5122af5dc36f0073,auto-detected
F003486,P153,W31,region,,,moderate,11,.widget-iklan-sidebar.widget.card:nth-child(4),9610548af3166a14,auto-detected
F003487,P153,W31,region,,,moderate,11,.link-terkait-header,8ed60c1cabf0441e,auto-detected
F003488,P153,W31,region,,,moderate,11,.social-bar,b689c2054fbc3ec8,auto-detected
F003489,P153,W31,region,,,moderate,11,.widget-iklan-sidebar.widget.card:nth-child(6),239278f245c9775c,auto-detected
F003490,P153,W31,region,,,moderate,11,.widget-iklan-sidebar.widget.card:nth-child(7),ccbfeb98431c3400,auto-detected
F003491,P153,W31,select-name,4.1.2,A,critical,3,select:nth-child(2),411b1aa829ea5b1e,auto-detected
F003492,P153,W31,select-name,4.1.2,A,critical,3,select:nth-child(4),bd86e3dc3d0637cb,auto-detected
F003493,P153,W31,select-name,4.1.2,A,critical,3,select:nth-child(6),8a70f19126b24f9c,auto-detected
F003494,P154,W31,color-contrast,1.4.3,AA,serious,14,.col-md-6.mb-4:nth-child(1) > .blog.h-100.card > .card-body > .post-category > a > .color-label,99236cee97a21dba,auto-detected
F003495,P154,W31,color-contrast,1.4.3,AA,serious,14,.col-md-6.mb-4:nth-child(1) > .blog.h-100.card > .card-body > .post-meta,5d179110a8e3dab9,auto-detected
F003496,P154,W31,color-contrast,1.4.3,AA,serious,14,.col-md-6.mb-4:nth-child(2) > .blog.h-100.card > .card-body > .post-category > a > .color-label,e92eb6760c61959f,auto-detected
F003497,P154,W31,color-contrast,1.4.3,AA,serious,14,.col-md-6.mb-4:nth-child(2) > .blog.h-100.card > .card-body > .post-meta,3585697e4938b7b6,auto-detected
F003498,P154,W31,color-contrast,1.4.3,AA,serious,14,.col-md-6.mb-4:nth-child(3) > .blog.h-100.card > .card-body > .post-category > a > .color-label,d11872a935c81332,auto-detected
F003499,P154,W31,color-contrast,1.4.3,AA,serious,14,.col-md-6.mb-4:nth-child(3) > .blog.h-100.card > .card-body > .post-meta,68ef02556fe428cf,auto-detected
F003500,P154,W31,color-contrast,1.4.3,AA,serious,14,.post-content > .post-meta,a469e31dfb48a67f,auto-detected
F003501,P154,W31,color-contrast,1.4.3,AA,serious,14,.btn-submit,6359d597090b33ad,auto-detected
F003502,P154,W31,color-contrast,1.4.3,AA,serious,14,.btn-info,8dbe77a9336bd00f,auto-detected
F003503,P154,W31,color-contrast,1.4.3,AA,serious,14,.survey-box > p,9cf94a2a8fba7ae0,auto-detected
F003504,P154,W31,color-contrast,1.4.3,AA,serious,14,form > label:nth-child(1),e16c9596edd5279d,auto-detected
F003505,P154,W31,color-contrast,1.4.3,AA,serious,14,form > label:nth-child(3),f68bf27efc4eef1c,auto-detected
F003506,P154,W31,color-contrast,1.4.3,AA,serious,14,label:nth-child(5),f84331e7e71ec79c,auto-detected
F003507,P154,W31,color-contrast,1.4.3,AA,serious,14,label:nth-child(7),09bfd4fdeffb7f77,auto-detected
F003508,P154,W31,frame-title,4.1.2,A,serious,1,iframe,eea1b3543297e5d2,auto-detected
F003509,P154,W31,heading-order,,,moderate,2,.widget-iklan-sidebar.widget.card:nth-child(3) > .card-header,381318b6682db430,auto-detected
F003510,P154,W31,heading-order,,,moderate,2,.col-lg-3.col-md-6:nth-child(4) > .widget-text.widget.card > .card-header,2d196b1f4701d5f8,auto-detected
F003511,P154,W31,landmark-one-main,,,moderate,1,html,86ce52cad3af6065,auto-detected
F003512,P154,W31,link-name,2.4.4;4.1.2,A,serious,1,.menu-navbar > .menu-item:nth-child(1) > a,60d70e8d3f60beba,auto-detected
F003513,P154,W31,meta-viewport,1.4.4,AA,critical,2,"meta[name=""viewport""]:nth-child(3)",3ca515d6c04f9547,auto-detected
F003514,P154,W31,meta-viewport,1.4.4,AA,critical,2,"meta[name=""viewport""]:nth-child(4)",04316db0ded587da,auto-detected
F003515,P154,W31,page-has-heading-one,,,moderate,1,html,00dd181a212c6bcc,auto-detected
F003516,P154,W31,region,,,moderate,11,.col-lg-8,15c1185185ac5b74,auto-detected
F003517,P154,W31,region,,,moderate,11,.widget-sekilas-info,a00e17cb0b36a4df,auto-detected
F003518,P154,W31,region,,,moderate,11,.card-body > .card-title,96940d00fefd0990,auto-detected
F003519,P154,W31,region,,,moderate,11,.form-group:nth-child(1),68e6a782724a33b9,auto-detected
F003520,P154,W31,region,,,moderate,11,.btn-info,4378627cb90e9281,auto-detected
F003521,P154,W31,region,,,moderate,11,.widget-iklan-sidebar.widget.card:nth-child(3),c2af8bad676da3b8,auto-detected
F003522,P154,W31,region,,,moderate,11,.widget-iklan-sidebar.widget.card:nth-child(4),f00d5f2d49fd73e4,auto-detected
F003523,P154,W31,region,,,moderate,11,.link-terkait-header,d62ea156c55c0a97,auto-detected
F003524,P154,W31,region,,,moderate,11,.social-bar,f34beaad138c2d48,auto-detected
F003525,P154,W31,region,,,moderate,11,.widget-iklan-sidebar.widget.card:nth-child(6),3562cbd0fcfb20f0,auto-detected
F003526,P154,W31,region,,,moderate,11,.widget-iklan-sidebar.widget.card:nth-child(7),d042fb2f490116c1,auto-detected
F003527,P154,W31,select-name,4.1.2,A,critical,3,select:nth-child(2),67089f3d3db831b0,auto-detected
F003528,P154,W31,select-name,4.1.2,A,critical,3,select:nth-child(4),6379baa4d50f7c47,auto-detected
F003529,P154,W31,select-name,4.1.2,A,critical,3,select:nth-child(6),08a61d4ab057d2c9,auto-detected
F003530,P155,W31,color-contrast,1.4.3,AA,serious,1,.container > p,cd105478e2bc2858,auto-detected
F003531,P155,W31,label,4.1.2,A,critical,3,"input[name=""nama""]",a44ad5f98c4e8d79,auto-detected
F003532,P155,W31,label,4.1.2,A,critical,3,"input[name=""no_hp""]",a1c7012536e39094,auto-detected
F003533,P155,W31,label,4.1.2,A,critical,3,"input[type=""file""]",1d0c2eeb6b02d0cd,auto-detected
F003534,P155,W31,landmark-one-main,,,moderate,1,html,9a9cccfa9bca55bb,auto-detected
F003535,P155,W31,page-has-heading-one,,,moderate,1,html,d17f67840fa209df,auto-detected
F003536,P155,W31,region,,,moderate,15,.container > div,faba49751d333bc9,auto-detected
F003537,P155,W31,region,,,moderate,15,form > p,f8d5ac999ef1980c,auto-detected
F003538,P155,W31,region,,,moderate,15,label:nth-child(2),5d420bc415f42102,auto-detected
F003539,P155,W31,region,,,moderate,15,"input[name=""nama""]",2a3e65426586f392,auto-detected
F003540,P155,W31,region,,,moderate,15,label:nth-child(4),2486fecd5f5c92a4,auto-detected
F003541,P155,W31,region,,,moderate,15,"input[name=""no_hp""]",45559fad5d67f747,auto-detected
F003542,P155,W31,region,,,moderate,15,label:nth-child(6),a5cca07e38e16d48,auto-detected
F003543,P155,W31,region,,,moderate,15,"select[name=""kabupaten""]",8eff58fe93e629c3,auto-detected
F003544,P155,W31,region,,,moderate,15,label:nth-child(8),7a39778b055d8bb9,auto-detected
F003545,P155,W31,region,,,moderate,15,"select[name=""kategori""]",f9235076be5b820e,auto-detected
F003546,P155,W31,region,,,moderate,15,label:nth-child(10),4648f5fe8f3b7f0a,auto-detected
F003547,P155,W31,region,,,moderate,15,textarea,2fa7a4d1a4b5d87f,auto-detected
F003548,P155,W31,region,,,moderate,15,label:nth-child(12),b0fed0e8090b8029,auto-detected
F003549,P155,W31,region,,,moderate,15,"input[type=""file""]",a2c1b31deda0dd39,auto-detected
F003550,P155,W31,region,,,moderate,15,.container > p,345cb9488fa30ab9,auto-detected
F003551,P155,W31,select-name,4.1.2,A,critical,2,"select[name=""kabupaten""]",c62a92b81a61f7f9,auto-detected
F003552,P155,W31,select-name,4.1.2,A,critical,2,"select[name=""kategori""]",29e19d2f46bf575c,auto-detected
F003553,P156,W32,button-name,4.1.2,A,critical,1,"button[type=""submit""]",c282410595376a54,auto-detected
F003554,P156,W32,color-contrast,1.4.3,AA,serious,42,.mr-4,d3376aea0a8d008e,auto-detected
F003555,P156,W32,color-contrast,1.4.3,AA,serious,42,"a[href$=""berita""]",4e99c57cb8dc01ec,auto-detected
F003556,P156,W32,color-contrast,1.4.3,AA,serious,42,"article[data-aos-delay=""300""][data-aos=""""] > .flex-1.flex-col.block > .flex-1.p-6.flex-col > .border-gray-50.mt-auto.pt-4 > .group-hover\:translate-x-1.text-\[var\(--color-primary\)\].gap-1",9e315d745ae38867,auto-detected
F003557,P156,W32,color-contrast,1.4.3,AA,serious,42,"article[data-aos-delay=""400""][data-aos=""""] > .flex-1.flex-col.block > .flex-1.p-6.flex-col > .border-gray-50.mt-auto.pt-4 > .group-hover\:translate-x-1.text-\[var\(--color-primary\)\].gap-1",e19b94a8d1ef1679,auto-detected
F003558,P156,W32,color-contrast,1.4.3,AA,serious,42,"article[data-aos-delay=""500""][data-aos=""""] > .flex-1.flex-col.block > .flex-1.p-6.flex-col > .border-gray-50.mt-auto.pt-4 > .group-hover\:translate-x-1.text-\[var\(--color-primary\)\].gap-1",cf0349154d1e373b,auto-detected
F003559,P156,W32,color-contrast,1.4.3,AA,serious,42,".transition-shadow.hover\:shadow-md.border-gray-100:nth-child(1) > .max-h-96.space-y-3.custom-scrollbar > li:nth-child(1) > .hover\:bg-white.hover\:shadow-sm.p-2 > .flex-grow.min-w-0.gap-3 > .min-w-0[data-v-b302e743=""""] > .mt-0\.5.text-gray-400",c2f8ff2951292446,auto-detected
F003560,P156,W32,color-contrast,1.4.3,AA,serious,42,".transition-shadow.hover\:shadow-md.border-gray-100:nth-child(1) > .max-h-96.space-y-3.custom-scrollbar > li:nth-child(2) > .hover\:bg-white.hover\:shadow-sm.p-2 > .flex-grow.min-w-0.gap-3 > .min-w-0[data-v-b302e743=""""] > .mt-0\.5.text-gray-400",fd4aa9b9e93e330a,auto-detected
F003561,P156,W32,color-contrast,1.4.3,AA,serious,42,".transition-shadow.hover\:shadow-md.border-gray-100:nth-child(1) > .max-h-96.space-y-3.custom-scrollbar > li:nth-child(3) > .hover\:bg-white.hover\:shadow-sm.p-2 > .flex-grow.min-w-0.gap-3 > .min-w-0[data-v-b302e743=""""] > .mt-0\.5.text-gray-400",90add5eb30aef02c,auto-detected
F003562,P156,W32,color-contrast,1.4.3,AA,serious,42,".transition-shadow.hover\:shadow-md.border-gray-100:nth-child(1) > .max-h-96.space-y-3.custom-scrollbar > li:nth-child(4) > .hover\:bg-white.hover\:shadow-sm.p-2 > .flex-grow.min-w-0.gap-3 > .min-w-0[data-v-b302e743=""""] > .mt-0\.5.text-gray-400",9d57519fda9aa2f6,auto-detected
F003563,P156,W32,color-contrast,1.4.3,AA,serious,42,.transition-shadow.hover\:shadow-md.border-gray-100:nth-child(1) > .mt-auto.pt-4.border-t > .hover\:text-primary-800.text-primary.inline-flex,8ea87cd8facc3d44,auto-detected
F003564,P156,W32,color-contrast,1.4.3,AA,serious,42,".transition-shadow.hover\:shadow-md.border-gray-100:nth-child(2) > .max-h-96.space-y-3.custom-scrollbar > li:nth-child(1) > .hover\:bg-white.hover\:shadow-sm.p-2 > .flex-grow.min-w-0.gap-3 > .min-w-0[data-v-b302e743=""""] > .mt-0\.5.text-gray-400",fb94fd1421889808,auto-detected
F003565,P156,W32,color-contrast,1.4.3,AA,serious,42,".transition-shadow.hover\:shadow-md.border-gray-100:nth-child(2) > .max-h-96.space-y-3.custom-scrollbar > li:nth-child(2) > .hover\:bg-white.hover\:shadow-sm.p-2 > .flex-grow.min-w-0.gap-3 > .min-w-0[data-v-b302e743=""""] > .mt-0\.5.text-gray-400",b202fbab596454af,auto-detected
F003566,P156,W32,color-contrast,1.4.3,AA,serious,42,".transition-shadow.hover\:shadow-md.border-gray-100:nth-child(2) > .max-h-96.space-y-3.custom-scrollbar > li:nth-child(3) > .hover\:bg-white.hover\:shadow-sm.p-2 > .flex-grow.min-w-0.gap-3 > .min-w-0[data-v-b302e743=""""] > .mt-0\.5.text-gray-400",aa92472e1b0aa7cf,auto-detected
F003567,P156,W32,color-contrast,1.4.3,AA,serious,42,.transition-shadow.hover\:shadow-md.border-gray-100:nth-child(2) > .mt-auto.pt-4.border-t > .hover\:text-primary-800.text-primary.inline-flex,ec03961f5d54477d,auto-detected
F003568,P156,W32,color-contrast,1.4.3,AA,serious,42,".transition-shadow.hover\:shadow-md.border-gray-100:nth-child(3) > .max-h-96.space-y-3.custom-scrollbar > li:nth-child(1) > .hover\:bg-white.hover\:shadow-sm.p-2 > .flex-grow.min-w-0.gap-3 > .min-w-0[data-v-b302e743=""""] > .mt-0\.5.text-gray-400",a8c62d4f4917e335,auto-detected
F003569,P156,W32,color-contrast,1.4.3,AA,serious,42,".transition-shadow.hover\:shadow-md.border-gray-100:nth-child(3) > .max-h-96.space-y-3.custom-scrollbar > li:nth-child(2) > .hover\:bg-white.hover\:shadow-sm.p-2 > .flex-grow.min-w-0.gap-3 > .min-w-0[data-v-b302e743=""""] > .mt-0\.5.text-gray-400",5a5003565cd5d5cd,auto-detected
F003570,P156,W32,color-contrast,1.4.3,AA,serious,42,".transition-shadow.hover\:shadow-md.border-gray-100:nth-child(3) > .max-h-96.space-y-3.custom-scrollbar > li:nth-child(3) > .hover\:bg-white.hover\:shadow-sm.p-2 > .flex-grow.min-w-0.gap-3 > .min-w-0[data-v-b302e743=""""] > .mt-0\.5.text-gray-400",aa5c119f4ae10891,auto-detected
F003571,P156,W32,color-contrast,1.4.3,AA,serious,42,".transition-shadow.hover\:shadow-md.border-gray-100:nth-child(3) > .max-h-96.space-y-3.custom-scrollbar > li:nth-child(4) > .hover\:bg-white.hover\:shadow-sm.p-2 > .flex-grow.min-w-0.gap-3 > .min-w-0[data-v-b302e743=""""] > .mt-0\.5.text-gray-400",e0a31eeaaa2f4125,auto-detected
F003572,P156,W32,color-contrast,1.4.3,AA,serious,42,.transition-shadow.hover\:shadow-md.border-gray-100:nth-child(3) > .mt-auto.pt-4.border-t > .hover\:text-primary-800.text-primary.inline-flex,595fab0d8d1f32f5,auto-detected
F003573,P156,W32,color-contrast,1.4.3,AA,serious,42,.border-primary-600,79e1ee6c9c9fce06,auto-detected
F003574,P156,W32,color-contrast,1.4.3,AA,serious,42,h5,43071315611352f6,auto-detected
F003575,P156,W32,color-contrast,1.4.3,AA,serious,42,.border-primary-200,223e895d4776453e,auto-detected
F003576,P156,W32,color-contrast,1.4.3,AA,serious,42,.hover\:bg-primary-700,260b04fa427679f7,auto-detected
F003577,P156,W32,color-contrast,1.4.3,AA,serious,42,"div[data-aos-delay=""700""] > .bg-gradient-to-b.from-white.to-gray-50 > .sm\:px-6.lg\:px-8.container > .sm\:items-center.mb-10.sm\:flex-row > .bg-\[var\(--color-primary\)\].hover\:opacity-90.shadow-md",5b7f8901b4f04719,auto-detected
F003578,P156,W32,color-contrast,1.4.3,AA,serious,42,.text-\[var\(--color-primary\)\].text-lg.font-bold,b333bf180e01b2ce,auto-detected
F003579,P156,W32,color-contrast,1.4.3,AA,serious,42,.hover\:bg-\[var\(--color-primary\)\]\/90,ecb64e05ecf1d830,auto-detected
F003580,P156,W32,color-contrast,1.4.3,AA,serious,42,.flex-1.flex-col.items-center:nth-child(1) > .max-w-20.w-full.relative > .-top-6.whitespace-nowrap.left-1\/2,609b2678c5c05e57,auto-detected
F003581,P156,W32,color-contrast,1.4.3,AA,serious,42,.space-y-4 > .leading-relaxed,8cf53979599879bb,auto-detected
F003582,P156,W32,color-contrast,1.4.3,AA,serious,42,.space-y-4 > .text-lg.mb-4,eb20342511753324,auto-detected
F003583,P156,W32,color-contrast,1.4.3,AA,serious,42,.whitespace-pre-line,c4c7fef079a1312c,auto-detected
F003584,P156,W32,color-contrast,1.4.3,AA,serious,42,"a[href=""mailto:info@malutprov.go.id""]",b27fd00dff8fec06,auto-detected
F003585,P156,W32,color-contrast,1.4.3,AA,serious,42,"a[href=""tel:(0921) 6230008""]",52be6073f17b29dd,auto-detected
F003586,P156,W32,color-contrast,1.4.3,AA,serious,42,.space-y-4 > div > .text-lg.mb-4,5af8b33a97b80756,auto-detected
F003587,P156,W32,color-contrast,1.4.3,AA,serious,42,li:nth-child(1) > .hover\:text-primary.transition,f2358089f82a11eb,auto-detected
F003588,P156,W32,color-contrast,1.4.3,AA,serious,42,".hover\:text-primary.transition[href$=""struktur-organisasi""]",afbdbe4b00b7493f,auto-detected
F003589,P156,W32,color-contrast,1.4.3,AA,serious,42,li:nth-child(3) > .hover\:text-primary.transition,4b85300bbb0544ab,auto-detected
F003590,P156,W32,color-contrast,1.4.3,AA,serious,42,"a[href$=""kontak""]",2ad72e01b3d41a96,auto-detected
F003591,P156,W32,color-contrast,1.4.3,AA,serious,42,"a[href$=""ppid.malutprov.go.id""]",048f3c962d7bf6f9,auto-detected
F003592,P156,W32,color-contrast,1.4.3,AA,serious,42,".hover\:text-primary-200[href$=""tentang-maluku-utara""][target=""_self""]",f607248974f75f6e,auto-detected
F003593,P156,W32,color-contrast,1.4.3,AA,serious,42,".hover\:text-primary-200[href$=""dokumen""][target=""_self""]",787695c6263e8dfe,auto-detected
F003594,P156,W32,color-contrast,1.4.3,AA,serious,42,".md\:justify-start > .hover\:text-primary-200.duration-200[target=""_blank""]",562915202fa8fdaa,auto-detected
F003595,P156,W32,color-contrast,1.4.3,AA,serious,42,.md\:text-right,327a1a89a077892e,auto-detected
F003596,P156,W32,heading-order,,,moderate,1,h5,89302f50371a2297,auto-detected
F003597,P156,W32,image-alt,1.1.1,A,critical,16,"img[src$=""ternate.png""]",7a4a8c40aea4698f,auto-detected
F003598,P156,W32,image-alt,1.1.1,A,critical,16,"img[src$=""tidore.png""]",72e70250f5b7750c,auto-detected
F003599,P156,W32,image-alt,1.1.1,A,critical,16,"img[src$=""halbar.png""]",e8baacc468e0201d,auto-detected
F003600,P156,W32,image-alt,1.1.1,A,critical,16,"img[src$=""halteng.png""]",a39e79816721acce,auto-detected
F003601,P156,W32,image-alt,1.1.1,A,critical,16,"img[src$=""halsel.png""]",63bd9f14f8cca4aa,auto-detected
F003602,P156,W32,image-alt,1.1.1,A,critical,16,"img[src$=""haltim.png""]",95a1a9d09ea5a91d,auto-detected
F003603,P156,W32,image-alt,1.1.1,A,critical,16,"img[src$=""halut.png""]",af0721e8b85b80b4,auto-detected
F003604,P156,W32,image-alt,1.1.1,A,critical,16,"img[src$=""sula.png""]",ee059874348f3f82,auto-detected
F003605,P156,W32,image-alt,1.1.1,A,critical,16,"img[src$=""morotai.png""]",34d63268aaead194,auto-detected
F003606,P156,W32,image-alt,1.1.1,A,critical,16,"img[src$=""taliabu.png""]",8f75f23f9b8c5e1f,auto-detected
F003607,P156,W32,image-alt,1.1.1,A,critical,16,"img[src=""/storage/icons/1762427186.png""]",54ca3b1f6471b199,auto-detected
F003608,P156,W32,image-alt,1.1.1,A,critical,16,"img[src=""/storage/icons/1762480830.png""]",0ca03597f5e98cfa,auto-detected
F003609,P156,W32,image-alt,1.1.1,A,critical,16,"img[src=""storage/icons/1762427385.png""]",8889ebc33eb2ea7b,auto-detected
F003610,P156,W32,image-alt,1.1.1,A,critical,16,"img[src=""/storage/icons/1762427485.png""]",2897f95ce5d061a8,auto-detected
F003611,P156,W32,image-alt,1.1.1,A,critical,16,"img[src=""/storage/icons/1762480357.png""]",d44a49182f2b38ff,auto-detected
F003612,P156,W32,image-alt,1.1.1,A,critical,16,"img[src=""/storage/icons/1762481076.png""]",a4c97031869205a5,auto-detected
F003613,P156,W32,image-redundant-alt,,,minor,11,"img[src=""/storage/icons/1757208038.png""]",287072a30ac53c84,auto-detected
F003614,P156,W32,image-redundant-alt,,,minor,11,"img[src=""/storage/icons/1757207569.png""]",ae787ce454314558,auto-detected
F003615,P156,W32,image-redundant-alt,,,minor,11,"img[src=""/storage/icons/1757198188.png""]",4d2d35563723ce33,auto-detected
F003616,P156,W32,image-redundant-alt,,,minor,11,"img[src=""/storage/icons/1757205305.png""]",b396660265d32f70,auto-detected
F003617,P156,W32,image-redundant-alt,,,minor,11,"img[src=""/storage/icons/1757161235.png""]",eaa164aa4d0311e8,auto-detected
F003618,P156,W32,image-redundant-alt,,,minor,11,"img[src=""/storage/icons/1757203537.png""]",e24aa99258555b94,auto-detected
F003619,P156,W32,image-redundant-alt,,,minor,11,"img[src=""/storage/icons/1757161704.png""]",55d77f341d673507,auto-detected
F003620,P156,W32,image-redundant-alt,,,minor,11,"img[src=""/storage/icons/1757165433.png""]",6d994c35b5ff16af,auto-detected
F003621,P156,W32,image-redundant-alt,,,minor,11,"img[src=""/storage/icons/1757204558.png""]",123fc6cb1c758a2b,auto-detected
F003622,P156,W32,image-redundant-alt,,,minor,11,"img[src=""/storage/icons/1757162489.png""]",d1428147e439df4d,auto-detected
F003623,P156,W32,image-redundant-alt,,,minor,11,"img[src=""/storage/icons/1757204677.png""]",b6c26d04bcc2e388,auto-detected
F003624,P156,W32,landmark-unique,,,moderate,1,.space-x-1,4d56e3f9b8ad6201,auto-detected
F003625,P157,W32,button-name,4.1.2,A,critical,1,.px-2,c1c6ed73ceaf91ce,auto-detected
F003626,P157,W32,color-contrast,1.4.3,AA,serious,23,.text-\[10px\],330dafdadbc72d3f,auto-detected
F003627,P157,W32,color-contrast,1.4.3,AA,serious,23,".hover\:opacity-90.uppercase[href=""/""]",9ed707796db0b7d6,auto-detected
F003628,P157,W32,color-contrast,1.4.3,AA,serious,23,".group.relative:nth-child(2) > .hover\:opacity-90.uppercase[href=""#""]",78df542f1b96613f,auto-detected
F003629,P157,W32,color-contrast,1.4.3,AA,serious,23,".group.relative:nth-child(3) > .hover\:opacity-90.uppercase[href=""#""]",1fe2a4dff2aeba24,auto-detected
F003630,P157,W32,color-contrast,1.4.3,AA,serious,23,".hover\:opacity-90.uppercase[href$=""dokumen""]",9bb1f4957dd1ed55,auto-detected
F003631,P157,W32,color-contrast,1.4.3,AA,serious,23,".group.relative:nth-child(5) > .hover\:opacity-90.uppercase[href=""#""]",a385ca3290fe4225,auto-detected
F003632,P157,W32,color-contrast,1.4.3,AA,serious,23,.group.relative:nth-child(6) > .hover\:opacity-90.uppercase.tracking-wide,4aa9bf9d8033493e,auto-detected
F003633,P157,W32,color-contrast,1.4.3,AA,serious,23,"li[data-v-2c171572=""""]:nth-child(2) > .text-primary-600",479470920214f9de,auto-detected
F003634,P157,W32,color-contrast,1.4.3,AA,serious,23,.space-y-4 > .leading-relaxed,947fae9d895cd2a5,auto-detected
F003635,P157,W32,color-contrast,1.4.3,AA,serious,23,.space-y-4 > h3,ea1ac6c9b63674ed,auto-detected
F003636,P157,W32,color-contrast,1.4.3,AA,serious,23,.whitespace-pre-line,a3f7d9d8982da068,auto-detected
F003637,P157,W32,color-contrast,1.4.3,AA,serious,23,"a[href=""mailto:info@malutprov.go.id""]",8de8bb8f9fa61f30,auto-detected
F003638,P157,W32,color-contrast,1.4.3,AA,serious,23,"a[href=""tel:(0921) 6230008""]",92bde28f26c4a4f8,auto-detected
F003639,P157,W32,color-contrast,1.4.3,AA,serious,23,.space-y-4 > div > h3,1d8e3331b5e1fa4a,auto-detected
F003640,P157,W32,color-contrast,1.4.3,AA,serious,23,li:nth-child(1) > .hover\:text-primary.transition,65eacf1292be7614,auto-detected
F003641,P157,W32,color-contrast,1.4.3,AA,serious,23,".hover\:text-primary.transition[href$=""struktur-organisasi""]",eaf9af9e5c0b127a,auto-detected
F003642,P157,W32,color-contrast,1.4.3,AA,serious,23,li:nth-child(3) > .hover\:text-primary.transition,cd31532848fcc77f,auto-detected
F003643,P157,W32,color-contrast,1.4.3,AA,serious,23,"a[href$=""kontak""]",36e9916daa1ce01f,auto-detected
F003644,P157,W32,color-contrast,1.4.3,AA,serious,23,"a[href$=""ppid.malutprov.go.id""]",79bb67daa0190cf6,auto-detected
F003645,P157,W32,color-contrast,1.4.3,AA,serious,23,".hover\:text-primary-200.text-sm[href$=""tentang-maluku-utara""]",67d34622535d43df,auto-detected
F003646,P157,W32,color-contrast,1.4.3,AA,serious,23,".hover\:text-primary-200.text-sm[href$=""dokumen""]",a584ba079204ebb1,auto-detected
F003647,P157,W32,color-contrast,1.4.3,AA,serious,23,".hover\:text-primary-200.text-sm[target=""_blank""]",d8243b61d8f763d8,auto-detected
F003648,P157,W32,color-contrast,1.4.3,AA,serious,23,.md\:text-right,f4976c9a0f54786d,auto-detected
F003649,P157,W32,heading-order,,,moderate,1,.p-5.border-gray-100.shadow-sm > .text-gray-900,b4518354f6b6c7b1,auto-detected
F003650,P157,W32,landmark-unique,,,moderate,2,.space-x-1,c61e9116339b967c,auto-detected
F003651,P157,W32,landmark-unique,,,moderate,2,".sm\:px-6.lg\:px-8[aria-label=""breadcrumb""]",5f70865d86cc6f34,auto-detected
F003652,P158,W32,button-name,4.1.2,A,critical,1,.px-2,90abc18d24e0fb37,auto-detected
F003653,P158,W32,color-contrast,1.4.3,AA,serious,27,.text-\[10px\],7e48142c20ca54d3,auto-detected
F003654,P158,W32,color-contrast,1.4.3,AA,serious,27,".gap-1.hover\:opacity-90[href=""/""]",9ac34ee9a4fc7de7,auto-detected
F003655,P158,W32,color-contrast,1.4.3,AA,serious,27,".group.relative:nth-child(2) > .gap-1.hover\:opacity-90[href=""#""]",957629dc3f45351b,auto-detected
F003656,P158,W32,color-contrast,1.4.3,AA,serious,27,".group.relative:nth-child(3) > .gap-1.hover\:opacity-90[href=""#""]",023e47ba3a9a5f01,auto-detected
F003657,P158,W32,color-contrast,1.4.3,AA,serious,27,".gap-1.hover\:opacity-90[href$=""dokumen""]",c77702ca3760e630,auto-detected
F003658,P158,W32,color-contrast,1.4.3,AA,serious,27,".group.relative:nth-child(5) > .gap-1.hover\:opacity-90[href=""#""]",987b9fe713d959f8,auto-detected
F003659,P158,W32,color-contrast,1.4.3,AA,serious,27,.group.relative:nth-child(6) > .gap-1.hover\:opacity-90.uppercase,6a168aa4a8a7c4ec,auto-detected
F003660,P158,W32,color-contrast,1.4.3,AA,serious,27,.text-primary-600.font-semibold,a3b76699cb3a1eae,auto-detected
F003661,P158,W32,color-contrast,1.4.3,AA,serious,27,"a[rel=""noopener noreferrer nofollow""]",a6b1a0c8325d6677,auto-detected
F003662,P158,W32,color-contrast,1.4.3,AA,serious,27,"div[data-v-a7db1ea2=""""]:nth-child(1) > .hover\:text-primary-800.text-primary-600.items-center",bee453673e81e067,auto-detected
F003663,P158,W32,color-contrast,1.4.3,AA,serious,27,.justify-end,015376f442080cd2,auto-detected
F003664,P158,W32,color-contrast,1.4.3,AA,serious,27,"button[type=""button""]",6a4434ea4391c336,auto-detected
F003665,P158,W32,color-contrast,1.4.3,AA,serious,27,.space-y-4 > .leading-relaxed,054a8a7ae030f254,auto-detected
F003666,P158,W32,color-contrast,1.4.3,AA,serious,27,.space-y-4 > .text-lg,7a2cfc78f9cbf93a,auto-detected
F003667,P158,W32,color-contrast,1.4.3,AA,serious,27,.whitespace-pre-line,cf5ad8564700dac6,auto-detected
F003668,P158,W32,color-contrast,1.4.3,AA,serious,27,"a[href=""mailto:info@malutprov.go.id""]",ca8d9480fdbf6dd6,auto-detected
F003669,P158,W32,color-contrast,1.4.3,AA,serious,27,"a[href=""tel:(0921) 6230008""]",0201bd79e3aa3c66,auto-detected
F003670,P158,W32,color-contrast,1.4.3,AA,serious,27,.space-y-4 > div > .text-lg,2f9d140b4148dd15,auto-detected
F003671,P158,W32,color-contrast,1.4.3,AA,serious,27,li:nth-child(1) > .hover\:text-primary.transition,69fd37ea8c2373b2,auto-detected
F003672,P158,W32,color-contrast,1.4.3,AA,serious,27,".hover\:text-primary.transition[href$=""struktur-organisasi""]",b5822def862b51a8,auto-detected
F003673,P158,W32,color-contrast,1.4.3,AA,serious,27,li:nth-child(3) > .hover\:text-primary.transition,9d33530296747953,auto-detected
F003674,P158,W32,color-contrast,1.4.3,AA,serious,27,"a[href$=""kontak""]",4b307d25f4ca95e4,auto-detected
F003675,P158,W32,color-contrast,1.4.3,AA,serious,27,"a[href$=""ppid.malutprov.go.id""]",7ae62792296852b6,auto-detected
F003676,P158,W32,color-contrast,1.4.3,AA,serious,27,".hover\:text-primary-200[href$=""tentang-maluku-utara""][target=""_self""]",84805133ec36a4a3,auto-detected
F003677,P158,W32,color-contrast,1.4.3,AA,serious,27,".hover\:text-primary-200[href$=""dokumen""][target=""_self""]",5a0d9356981e8cf5,auto-detected
F003678,P158,W32,color-contrast,1.4.3,AA,serious,27,".flex-wrap > .hover\:text-primary-200.transition-colors[target=""_blank""]",c45d84a4fe113e63,auto-detected
F003679,P158,W32,color-contrast,1.4.3,AA,serious,27,.md\:text-right,02cbb86ee5c49f58,auto-detected
F003680,P158,W32,landmark-unique,,,moderate,1,.space-x-1,608169d16f7a4623,auto-detected
F003681,P159,W32,button-name,4.1.2,A,critical,1,.px-2,a55c2fc638f0067a,auto-detected
F003682,P159,W32,color-contrast,1.4.3,AA,serious,63,.text-\[10px\],5a40db566d4cc8c4,auto-detected
F003683,P159,W32,color-contrast,1.4.3,AA,serious,63,".hover\:opacity-90.uppercase[href=""/""]",41bc0ceeaff9de4c,auto-detected
F003684,P159,W32,color-contrast,1.4.3,AA,serious,63,".group.relative:nth-child(2) > .hover\:opacity-90.uppercase[href=""#""]",e49efc5c41f0314f,auto-detected
F003685,P159,W32,color-contrast,1.4.3,AA,serious,63,".group.relative:nth-child(3) > .hover\:opacity-90.uppercase[href=""#""]",05e96bdcfe5cf152,auto-detected
F003686,P159,W32,color-contrast,1.4.3,AA,serious,63,".hover\:opacity-90.uppercase[href$=""dokumen""]",7b3f36704edb767a,auto-detected
F003687,P159,W32,color-contrast,1.4.3,AA,serious,63,".group.relative:nth-child(5) > .hover\:opacity-90.uppercase[href=""#""]",e5925594c9428389,auto-detected
F003688,P159,W32,color-contrast,1.4.3,AA,serious,63,.group.relative:nth-child(6) > .hover\:opacity-90.uppercase.tracking-wide,e6497736a480f6e6,auto-detected
F003689,P159,W32,color-contrast,1.4.3,AA,serious,63,"li[data-v-2c171572=""""]:nth-child(2) > .text-primary-600",f552780f17201bbb,auto-detected
F003690,P159,W32,color-contrast,1.4.3,AA,serious,63,"a[href$=""tentang-maluku-utara""][rel=""noopener noreferrer nofollow""][target=""_blank""]",095171ae141ddeb6,auto-detected
F003691,P159,W32,color-contrast,1.4.3,AA,serious,63,"tr:nth-child(3) > td[colspan=""1""]:nth-child(2) > p > a[rel=""noopener noreferrer nofollow""][target=""_blank""]",7aca95c69906f314,auto-detected
F003692,P159,W32,color-contrast,1.4.3,AA,serious,63,"tr:nth-child(4) > td[colspan=""1""]:nth-child(2) > p > a[rel=""noopener noreferrer nofollow""][target=""_blank""]",f25f5e68ae038c93,auto-detected
F003693,P159,W32,color-contrast,1.4.3,AA,serious,63,"a[href$=""struktur-organisasi""][rel=""noopener noreferrer nofollow""][target=""_blank""]",b8c19a515ab0cc6f,auto-detected
F003694,P159,W32,color-contrast,1.4.3,AA,serious,63,"tr:nth-child(6) > td[colspan=""1""]:nth-child(2) > p > a[rel=""noopener noreferrer nofollow""][target=""_blank""]",a08ade0fe3b71b04,auto-detected
F003695,P159,W32,color-contrast,1.4.3,AA,serious,63,"a[href$=""lhkpn-pejabat-publik""][rel=""noopener noreferrer nofollow""][target=""_blank""]",b5555364453bf379,auto-detected
F003696,P159,W32,color-contrast,1.4.3,AA,serious,63,"tr:nth-child(9) > td[colspan=""1""]:nth-child(2) > p > a[rel=""noopener noreferrer nofollow""][target=""_blank""]",cef5a8fd20985f77,auto-detected
F003697,P159,W32,color-contrast,1.4.3,AA,serious,63,"tr:nth-child(10) > td[colspan=""1""]:nth-child(2) > p > a[rel=""noopener noreferrer nofollow""][target=""_blank""]",03b4e407748a415d,auto-detected
F003698,P159,W32,color-contrast,1.4.3,AA,serious,63,"tr:nth-child(11) > td[colspan=""1""]:nth-child(2) > p > a[rel=""noopener noreferrer nofollow""][target=""_blank""]",590b32a15764b3af,auto-detected
F003699,P159,W32,color-contrast,1.4.3,AA,serious,63,"tr:nth-child(12) > td[colspan=""1""]:nth-child(2) > p > a[rel=""noopener noreferrer nofollow""][target=""_blank""]",ac04056c696d64be,auto-detected
F003700,P159,W32,color-contrast,1.4.3,AA,serious,63,"tr:nth-child(13) > td[colspan=""1""]:nth-child(2) > p > a[rel=""noopener noreferrer nofollow""][target=""_blank""]",6941a13d8b73d980,auto-detected
F003701,P159,W32,color-contrast,1.4.3,AA,serious,63,"a[href$=""agenda""]",38761cd9b387c10f,auto-detected
F003702,P159,W32,color-contrast,1.4.3,AA,serious,63,"tr:nth-child(15) > td[colspan=""1""]:nth-child(2) > p > a[href$=""lapor.go.id/""][rel=""noopener noreferrer nofollow""][target=""_blank""]",3204934c9dc18757,auto-detected
F003703,P159,W32,color-contrast,1.4.3,AA,serious,63,"a[href$=""bkd.malutprov.go.id/""]",1068149aca9569ea,auto-detected
F003704,P159,W32,color-contrast,1.4.3,AA,serious,63,"tr:nth-child(20) > td[colspan=""1""]:nth-child(2) > p > a[rel=""noopener noreferrer nofollow""][target=""_blank""]",fb0776c8f6bb13fc,auto-detected
F003705,P159,W32,color-contrast,1.4.3,AA,serious,63,"tr:nth-child(21) > td[colspan=""1""]:nth-child(2) > p > a[rel=""noopener noreferrer nofollow""][target=""_blank""]",64c893afc4e2eb23,auto-detected
F003706,P159,W32,color-contrast,1.4.3,AA,serious,63,"tr:nth-child(23) > td[colspan=""1""]:nth-child(2) > p > a[rel=""noopener noreferrer nofollow""][target=""_blank""]",52f6d08f30f83f98,auto-detected
F003707,P159,W32,color-contrast,1.4.3,AA,serious,63,"tr:nth-child(24) > td[colspan=""1""]:nth-child(2) > p > a[rel=""noopener noreferrer nofollow""][target=""_blank""]",e33190f3f31ed440,auto-detected
F003708,P159,W32,color-contrast,1.4.3,AA,serious,63,"tr:nth-child(34) > td[colspan=""1""]:nth-child(2) > p > a[rel=""noopener noreferrer nofollow""][target=""_blank""]",fa478c4ac5940d72,auto-detected
F003709,P159,W32,color-contrast,1.4.3,AA,serious,63,"tr:nth-child(35) > td[colspan=""1""]:nth-child(2) > p > a[rel=""noopener noreferrer nofollow""][target=""_blank""]",0feab96bf721fcbf,auto-detected
F003710,P159,W32,color-contrast,1.4.3,AA,serious,63,"tr:nth-child(36) > td[colspan=""1""]:nth-child(2) > p > a[rel=""noopener noreferrer nofollow""][target=""_blank""]",ba0b35ed11e0100f,auto-detected
F003711,P159,W32,color-contrast,1.4.3,AA,serious,63,"tr:nth-child(37) > td[colspan=""1""]:nth-child(2) > p > a[rel=""noopener noreferrer nofollow""][target=""_blank""]",a1a6c883cc7330c5,auto-detected
F003712,P159,W32,color-contrast,1.4.3,AA,serious,63,"tr:nth-child(38) > td[colspan=""1""]:nth-child(2) > p > a[rel=""noopener noreferrer nofollow""][target=""_blank""]",329d6c2531b105e2,auto-detected
F003713,P159,W32,color-contrast,1.4.3,AA,serious,63,"tr:nth-child(39) > td[colspan=""1""]:nth-child(2) > p > a[rel=""noopener noreferrer nofollow""][target=""_blank""]",abd2594979f6ba8a,auto-detected
F003714,P159,W32,color-contrast,1.4.3,AA,serious,63,"tr:nth-child(40) > td[colspan=""1""]:nth-child(2) > p > a[rel=""noopener noreferrer nofollow""][target=""_blank""]",9893f88b47bcc953,auto-detected
F003715,P159,W32,color-contrast,1.4.3,AA,serious,63,"tr:nth-child(41) > td[colspan=""1""]:nth-child(2) > p > a[rel=""noopener noreferrer nofollow""][target=""_blank""]",145863eb4f3f5c61,auto-detected
F003716,P159,W32,color-contrast,1.4.3,AA,serious,63,"tr:nth-child(42) > td[colspan=""1""]:nth-child(2) > p > a[rel=""noopener noreferrer nofollow""][target=""_blank""]",6405860da8531dc5,auto-detected
F003717,P159,W32,color-contrast,1.4.3,AA,serious,63,"tr:nth-child(43) > td[colspan=""1""]:nth-child(2) > p > a[rel=""noopener noreferrer nofollow""][target=""_blank""]",04573a70af94cf8f,auto-detected
F003718,P159,W32,color-contrast,1.4.3,AA,serious,63,"tr:nth-child(44) > td[colspan=""1""]:nth-child(2) > p > a[rel=""noopener noreferrer nofollow""][target=""_blank""]",6177c02c5363b8c5,auto-detected
F003719,P159,W32,color-contrast,1.4.3,AA,serious,63,"tr:nth-child(45) > td[colspan=""1""]:nth-child(2) > p > a[rel=""noopener noreferrer nofollow""][target=""_blank""]",00e04ab3d5317bde,auto-detected
F003720,P159,W32,color-contrast,1.4.3,AA,serious,63,"tr:nth-child(48) > td[colspan=""1""]:nth-child(2) > p > a[rel=""noopener noreferrer nofollow""][target=""_blank""]",4728ab0d45c4dae0,auto-detected
F003721,P159,W32,color-contrast,1.4.3,AA,serious,63,"tr:nth-child(50) > td[colspan=""1""]:nth-child(2) > p > a[rel=""noopener noreferrer nofollow""][target=""_blank""]",40e7bc65a5bc077c,auto-detected
F003722,P159,W32,color-contrast,1.4.3,AA,serious,63,"tr:nth-child(52) > td[colspan=""1""]:nth-child(2) > p > a[rel=""noopener noreferrer nofollow""][target=""_blank""]",8e4aa16ca97023c5,auto-detected
F003723,P159,W32,color-contrast,1.4.3,AA,serious,63,"tr:nth-child(53) > td[colspan=""1""]:nth-child(2) > p > a[href$=""lapor.go.id/""][rel=""noopener noreferrer nofollow""][target=""_blank""]",1da9f2b4ced16294,auto-detected
F003724,P159,W32,color-contrast,1.4.3,AA,serious,63,"a[href$=""lpse.malutprov.go.id/""]",c2d367273ec76814,auto-detected
F003725,P159,W32,color-contrast,1.4.3,AA,serious,63,"tr:nth-child(57) > td[colspan=""1""]:nth-child(2) > p > a[rel=""noopener noreferrer nofollow""][target=""_blank""]",21b19cd2eff7c22c,auto-detected
F003726,P159,W32,color-contrast,1.4.3,AA,serious,63,"tr:nth-child(58) > td[colspan=""1""]:nth-child(2) > p > a[rel=""noopener noreferrer nofollow""][target=""_blank""]",09765c5c278fe3d7,auto-detected
F003727,P159,W32,color-contrast,1.4.3,AA,serious,63,"tr:nth-child(59) > td[colspan=""1""]:nth-child(2) > p > a[rel=""noopener noreferrer nofollow""][target=""_blank""]",1d8db13908b6ec4c,auto-detected
F003728,P159,W32,color-contrast,1.4.3,AA,serious,63,"tr:nth-child(61) > td[colspan=""1""]:nth-child(2) > p > a[rel=""noopener noreferrer nofollow""][target=""_blank""]",e76c6c75cddc3ec1,auto-detected
F003729,P159,W32,color-contrast,1.4.3,AA,serious,63,"a[href$=""bmkg.go.id/""]",8b6a13d5725d50df,auto-detected
F003730,P159,W32,color-contrast,1.4.3,AA,serious,63,.leading-relaxed.text-sm,11b9ad47f553d65b,auto-detected
F003731,P159,W32,color-contrast,1.4.3,AA,serious,63,.space-y-4 > .mb-4,e30505f63990441d,auto-detected
F003732,P159,W32,color-contrast,1.4.3,AA,serious,63,.whitespace-pre-line,620905a7e4c6b657,auto-detected
F003733,P159,W32,color-contrast,1.4.3,AA,serious,63,"a[href=""mailto:info@malutprov.go.id""]",21352eeb4d501d88,auto-detected
F003734,P159,W32,color-contrast,1.4.3,AA,serious,63,"a[href=""tel:(0921) 6230008""]",fe85a40646a891d9,auto-detected
F003735,P159,W32,color-contrast,1.4.3,AA,serious,63,.space-y-4 > div > .mb-4,1965aeb970f9db78,auto-detected
F003736,P159,W32,color-contrast,1.4.3,AA,serious,63,li:nth-child(1) > .hover\:text-primary.transition,8940e3e1909dac0c,auto-detected
F003737,P159,W32,color-contrast,1.4.3,AA,serious,63,".hover\:text-primary.transition[href$=""struktur-organisasi""]",c229841fac8dfce0,auto-detected
F003738,P159,W32,color-contrast,1.4.3,AA,serious,63,li:nth-child(3) > .hover\:text-primary.transition,a7d2c8ac4fc492cf,auto-detected
F003739,P159,W32,color-contrast,1.4.3,AA,serious,63,"a[href$=""kontak""]",2266016ae4f2f811,auto-detected
F003740,P159,W32,color-contrast,1.4.3,AA,serious,63,"a[href$=""ppid.malutprov.go.id""]",543dbf39da8397b1,auto-detected
F003741,P159,W32,color-contrast,1.4.3,AA,serious,63,".hover\:text-primary-200.text-sm[href$=""tentang-maluku-utara""]",2aa72b7f848825fa,auto-detected
F003742,P159,W32,color-contrast,1.4.3,AA,serious,63,".hover\:text-primary-200.text-sm[href$=""dokumen""]",6c533958cd6e6e6e,auto-detected
F003743,P159,W32,color-contrast,1.4.3,AA,serious,63,.hover\:text-primary-200.text-sm.transition-colors:nth-child(3),0bb348cc5e5de0ba,auto-detected
F003744,P159,W32,color-contrast,1.4.3,AA,serious,63,.md\:text-right,69caceef88cd2555,auto-detected
F003745,P159,W32,empty-heading,,,minor,1,.custom-editor-view > h3,e36d4d464e9c344f,auto-detected
F003746,P159,W32,heading-order,,,moderate,1,.custom-editor-view > h3,eeb4ee8ba8abc071,auto-detected
F003747,P159,W32,landmark-unique,,,moderate,2,.space-x-1,7c9fa923beeb152a,auto-detected
F003748,P159,W32,landmark-unique,,,moderate,2,".sm\:px-6.lg\:px-8[aria-label=""breadcrumb""]",67a1d4aed98bd813,auto-detected
F003749,P160,W32,button-name,4.1.2,A,critical,1,.px-2,ab80f5114ac2e1ed,auto-detected
F003750,P160,W32,color-contrast,1.4.3,AA,serious,26,.text-\[10px\],b3cef27e7100716b,auto-detected
F003751,P160,W32,color-contrast,1.4.3,AA,serious,26,".gap-1.hover\:opacity-90[href=""/""]",2844f540c261b9b0,auto-detected
F003752,P160,W32,color-contrast,1.4.3,AA,serious,26,".group.relative:nth-child(2) > .gap-1.hover\:opacity-90[href=""#""]",2a4977f45158d9d5,auto-detected
F003753,P160,W32,color-contrast,1.4.3,AA,serious,26,".group.relative:nth-child(3) > .gap-1.hover\:opacity-90[href=""#""]",47f389c3498fdf15,auto-detected
F003754,P160,W32,color-contrast,1.4.3,AA,serious,26,".gap-1.hover\:opacity-90[href$=""dokumen""]",1667d4101bafa8e5,auto-detected
F003755,P160,W32,color-contrast,1.4.3,AA,serious,26,".group.relative:nth-child(5) > .gap-1.hover\:opacity-90[href=""#""]",716ce9aa14fcf0a5,auto-detected
F003756,P160,W32,color-contrast,1.4.3,AA,serious,26,.group.relative:nth-child(6) > .gap-1.hover\:opacity-90.uppercase,6000eb83c82fa1d4,auto-detected
F003757,P160,W32,color-contrast,1.4.3,AA,serious,26,.text-\[var\(--color-primary\)\],1aac98aa6372009f,auto-detected
F003758,P160,W32,color-contrast,1.4.3,AA,serious,26,.px-6,ba003a82d1df52dc,auto-detected
F003759,P160,W32,color-contrast,1.4.3,AA,serious,26,".hover\:underline.mt-1[href=""mailto:info@malutprov.go.id""]",ad2485e9cab78d96,auto-detected
F003760,P160,W32,color-contrast,1.4.3,AA,serious,26,"a[href=""tel:09216230008""]",295ec9744397b481,auto-detected
F003761,P160,W32,color-contrast,1.4.3,AA,serious,26,.space-y-4 > .leading-relaxed,35f16c55ce6b9a31,auto-detected
F003762,P160,W32,color-contrast,1.4.3,AA,serious,26,.space-y-4 > h3,bdb867786c49aa6e,auto-detected
F003763,P160,W32,color-contrast,1.4.3,AA,serious,26,.whitespace-pre-line,18a86aa8593704dd,auto-detected
F003764,P160,W32,color-contrast,1.4.3,AA,serious,26,".hover\:underline.hover\:text-primary-200[href=""mailto:info@malutprov.go.id""]",1a5c10b3ef436826,auto-detected
F003765,P160,W32,color-contrast,1.4.3,AA,serious,26,"a[href=""tel:(0921) 6230008""]",90023c636728d6a8,auto-detected
F003766,P160,W32,color-contrast,1.4.3,AA,serious,26,.space-y-4 > div > h3,199ad582cd64c50a,auto-detected
F003767,P160,W32,color-contrast,1.4.3,AA,serious,26,li:nth-child(1) > .hover\:text-primary.transition,f4eace6fb66d9931,auto-detected
F003768,P160,W32,color-contrast,1.4.3,AA,serious,26,".hover\:text-primary.transition[href$=""struktur-organisasi""]",44bcb905a7cd15b1,auto-detected
F003769,P160,W32,color-contrast,1.4.3,AA,serious,26,li:nth-child(3) > .hover\:text-primary.transition,8b8b9a13e7065c50,auto-detected
F003770,P160,W32,color-contrast,1.4.3,AA,serious,26,"a[href$=""kontak""]",8f0f3763260c9e43,auto-detected
F003771,P160,W32,color-contrast,1.4.3,AA,serious,26,"a[href$=""ppid.malutprov.go.id""]",dd7076bd1981bb04,auto-detected
F003772,P160,W32,color-contrast,1.4.3,AA,serious,26,".hover\:text-primary-200.transition-colors[href$=""tentang-maluku-utara""]",2116c9ff4d162569,auto-detected
F003773,P160,W32,color-contrast,1.4.3,AA,serious,26,".hover\:text-primary-200.transition-colors[href$=""dokumen""]",b2c92ca269abf328,auto-detected
F003774,P160,W32,color-contrast,1.4.3,AA,serious,26,".flex-wrap > .hover\:text-primary-200.transition-colors[target=""_blank""]",70a6dff4a790d6b6,auto-detected
F003775,P160,W32,color-contrast,1.4.3,AA,serious,26,.md\:text-right,14a8a240f7244655,auto-detected
F003776,P160,W32,landmark-unique,,,moderate,1,.space-x-1,6b4881bd38dc3e98,auto-detected
F003777,P160,W32,link-in-text-block,1.4.1,A,serious,1,".hover\:text-\[var\(--color-primary\)\].text-gray-600[href=""/""]",605a63e19eef6b54,auto-detected
F003778,P160,W32,select-name,4.1.2,A,critical,1,select,a4df5afa78611e61,auto-detected
F003779,P161,W33,aria-allowed-role,,,minor,4,".tranding-carousel > .owl-nav > .owl-prev[type=""button""][role=""presentation""]",2f0540a3451dfcbf,auto-detected
F003780,P161,W33,aria-allowed-role,,,minor,4,".tranding-carousel > .owl-nav > .owl-next[type=""button""][role=""presentation""]",9d74bae1d9672c73,auto-detected
F003781,P161,W33,aria-allowed-role,,,minor,4,".news-carousel > .owl-nav > .owl-prev[type=""button""][role=""presentation""]",48d915bbe0b5c497,auto-detected
F003782,P161,W33,aria-allowed-role,,,minor,4,".news-carousel > .owl-nav > .owl-next[type=""button""][role=""presentation""]",bba256b44656a016,auto-detected
F003783,P161,W33,button-name,4.1.2,A,critical,6,".owl-dot.active[role=""button""]",ebe67845514a6dcb,auto-detected
F003784,P161,W33,button-name,4.1.2,A,critical,6,".owl-dot[role=""button""]:nth-child(2)",dd647514fed45fa3,auto-detected
F003785,P161,W33,button-name,4.1.2,A,critical,6,".tranding-carousel > .owl-nav > .owl-prev[type=""button""][role=""presentation""]",c4e11b807dda7faa,auto-detected
F003786,P161,W33,button-name,4.1.2,A,critical,6,".tranding-carousel > .owl-nav > .owl-next[type=""button""][role=""presentation""]",0582d2d12ea3b61d,auto-detected
F003787,P161,W33,button-name,4.1.2,A,critical,6,".news-carousel > .owl-nav > .owl-prev[type=""button""][role=""presentation""]",4d017edc6c9c8c6a,auto-detected
F003788,P161,W33,button-name,4.1.2,A,critical,6,".news-carousel > .owl-nav > .owl-next[type=""button""][role=""presentation""]",1c73297fb08408d1,auto-detected
F003789,P161,W33,color-contrast,1.4.3,AA,serious,12,.day-text-formate,7ddd2f251fa34a27,auto-detected
F003790,P161,W33,color-contrast,1.4.3,AA,serious,12,li:nth-child(1) > article > .post-meta,043563eac7c9e97e,auto-detected
F003791,P161,W33,color-contrast,1.4.3,AA,serious,12,li:nth-child(2) > article > .post-meta,0b75f9a662ae0bc1,auto-detected
F003792,P161,W33,color-contrast,1.4.3,AA,serious,12,li:nth-child(3) > article > .post-meta,1736f4310b2683b7,auto-detected
F003793,P161,W33,color-contrast,1.4.3,AA,serious,12,.col-lg-8 > .col-12 > .section-title.border-radius > .text-secondary.font-weight-medium.text-decoration-none,8990faa4d72fccc6,auto-detected
F003794,P161,W33,color-contrast,1.4.3,AA,serious,12,.col-lg-4 > .col-12 > .section-title.border-radius > .text-secondary.font-weight-medium.text-decoration-none,4b4c760d5ab6067f,auto-detected
F003795,P161,W33,color-contrast,1.4.3,AA,serious,12,li:nth-child(1) > article > .post-info > .post-meta,12dfbd1e417a1eb0,auto-detected
F003796,P161,W33,color-contrast,1.4.3,AA,serious,12,li:nth-child(2) > article > .post-info > .post-meta,85ff9f112b79d432,auto-detected
F003797,P161,W33,color-contrast,1.4.3,AA,serious,12,li:nth-child(3) > article > .post-info > .post-meta,a9e84d1e3d0a19fa,auto-detected
F003798,P161,W33,color-contrast,1.4.3,AA,serious,12,li:nth-child(4) > article > .post-info > .post-meta,d6d8fa86c5b4b488,auto-detected
F003799,P161,W33,color-contrast,1.4.3,AA,serious,12,li:nth-child(5) > article > .post-info > .post-meta,52ea2a5becfcf254,auto-detected
F003800,P161,W33,color-contrast,1.4.3,AA,serious,12,li:nth-child(6) > article > .post-info > .post-meta,c9129c41129cdec5,auto-detected
F003801,P161,W33,heading-order,,,moderate,3,.col-lg-4:nth-child(1) > .section-title.border-radius > h4,346726c543b73a02,auto-detected
F003802,P161,W33,heading-order,,,moderate,3,.container-xl-custom.container > .py-5.row > .col-lg-4 > .col-12 > .section-title.border-radius > h4,37f3c97251f1d27f,auto-detected
F003803,P161,W33,heading-order,,,moderate,3,h6,2a61a231d75be654,auto-detected
F003804,P161,W33,image-alt,1.1.1,A,critical,22,.cloned.owl-item:nth-child(1) > .position-relative.overflow-hidden > .img-landscape.h-100.img-fluid,4fb52ec11c22836a,auto-detected
F003805,P161,W33,image-alt,1.1.1,A,critical,22,.cloned.owl-item:nth-child(2) > .position-relative.overflow-hidden > .img-landscape.h-100.img-fluid,66caf676f21eaa1f,auto-detected
F003806,P161,W33,image-alt,1.1.1,A,critical,22,.center > .position-relative.overflow-hidden > .img-landscape.h-100.img-fluid,5889fa79205537a1,auto-detected
F003807,P161,W33,image-alt,1.1.1,A,critical,22,.owl-item:nth-child(4) > .position-relative.overflow-hidden > .img-landscape.h-100.img-fluid,33af0943170f9af6,auto-detected
F003808,P161,W33,image-alt,1.1.1,A,critical,22,.cloned.owl-item:nth-child(5) > .position-relative.overflow-hidden > .img-landscape.h-100.img-fluid,92d205159479ab31,auto-detected
F003809,P161,W33,image-alt,1.1.1,A,critical,22,.cloned.owl-item:nth-child(6) > .position-relative.overflow-hidden > .img-landscape.h-100.img-fluid,7a674b6de5ab65e7,auto-detected
F003810,P161,W33,image-alt,1.1.1,A,critical,22,.col-md-6.px-0:nth-child(1) > .d-block.img-thumbnail.position-relative > .w-100.h-100.img-fluid,d5d62b30d6feb79c,auto-detected
F003811,P161,W33,image-alt,1.1.1,A,critical,22,.col-md-6.px-0:nth-child(2) > .d-block.img-thumbnail.position-relative > .w-100.h-100.img-fluid,2f0eca29bddeaca9,auto-detected
F003812,P161,W33,image-alt,1.1.1,A,critical,22,.col-md-6.px-0:nth-child(3) > .d-block.img-thumbnail.position-relative > .w-100.h-100.img-fluid,47d795954491772e,auto-detected
F003813,P161,W33,image-alt,1.1.1,A,critical,22,.col-md-6.px-0:nth-child(4) > .d-block.img-thumbnail.position-relative > .w-100.h-100.img-fluid,cad9a5f30815aeb6,auto-detected
F003814,P161,W33,image-alt,1.1.1,A,critical,22,.cloned.owl-item:nth-child(1) > .position-relative.overflow-hidden.border-radius > .box-shadow-3.my-2.h-100,525f85b80f400e20,auto-detected
F003815,P161,W33,image-alt,1.1.1,A,critical,22,.cloned.owl-item:nth-child(2) > .position-relative.overflow-hidden.border-radius > .box-shadow-3.my-2.h-100,d361a2dfbc32b680,auto-detected
F003816,P161,W33,image-alt,1.1.1,A,critical,22,.cloned.owl-item:nth-child(3) > .position-relative.overflow-hidden.border-radius > .box-shadow-3.my-2.h-100,a57310e2586535f5,auto-detected
F003817,P161,W33,image-alt,1.1.1,A,critical,22,.active.owl-item > .position-relative.overflow-hidden.border-radius > .box-shadow-3.my-2.h-100,4c92db40caf7f8b9,auto-detected
F003818,P161,W33,image-alt,1.1.1,A,critical,22,.owl-item:nth-child(5) > .position-relative.overflow-hidden.border-radius > .box-shadow-3.my-2.h-100,61cff6c6a1f402c4,auto-detected
F003819,P161,W33,image-alt,1.1.1,A,critical,22,.owl-item:nth-child(6) > .position-relative.overflow-hidden.border-radius > .box-shadow-3.my-2.h-100,63d71a7502eaf1a2,auto-detected
F003820,P161,W33,image-alt,1.1.1,A,critical,22,.owl-item:nth-child(7) > .position-relative.overflow-hidden.border-radius > .box-shadow-3.my-2.h-100,a83b2d90fe6652a9,auto-detected
F003821,P161,W33,image-alt,1.1.1,A,critical,22,.owl-item:nth-child(8) > .position-relative.overflow-hidden.border-radius > .box-shadow-3.my-2.h-100,fb1b344e9083f754,auto-detected
F003822,P161,W33,image-alt,1.1.1,A,critical,22,.owl-item:nth-child(9) > .position-relative.overflow-hidden.border-radius > .box-shadow-3.my-2.h-100,93f5fbebc4cfcf41,auto-detected
F003823,P161,W33,image-alt,1.1.1,A,critical,22,.cloned.owl-item:nth-child(10) > .position-relative.overflow-hidden.border-radius > .box-shadow-3.my-2.h-100,6f3e4c2401c20cca,auto-detected
F003824,P161,W33,image-alt,1.1.1,A,critical,22,.cloned.owl-item:nth-child(11) > .position-relative.overflow-hidden.border-radius > .box-shadow-3.my-2.h-100,12047b21a2db1629,auto-detected
F003825,P161,W33,image-alt,1.1.1,A,critical,22,.cloned.owl-item:nth-child(12) > .position-relative.overflow-hidden.border-radius > .box-shadow-3.my-2.h-100,9074c946e389dd3f,auto-detected
F003826,P161,W33,link-name,2.4.4;4.1.2,A,serious,1,"div:nth-child(1) > a[rel=""noopener noreferrer""][target=""_blank""]",c366772d419c34f7,auto-detected
F003827,P161,W33,page-has-heading-one,,,moderate,1,html,fe264c6aa8c1f7b9,auto-detected
F003828,P161,W33,presentation-role-conflict,,,minor,4,".tranding-carousel > .owl-nav > .owl-prev[type=""button""][role=""presentation""]",1b0461cb76bd9914,auto-detected
F003829,P161,W33,presentation-role-conflict,,,minor,4,".tranding-carousel > .owl-nav > .owl-next[type=""button""][role=""presentation""]",c2512a302f37e8f0,auto-detected
F003830,P161,W33,presentation-role-conflict,,,minor,4,".news-carousel > .owl-nav > .owl-prev[type=""button""][role=""presentation""]",e344d1fc57d630dd,auto-detected
F003831,P161,W33,presentation-role-conflict,,,minor,4,".news-carousel > .owl-nav > .owl-next[type=""button""][role=""presentation""]",952abc52cf0c7c59,auto-detected
F003832,P161,W33,region,,,moderate,1,.scroll-to-top,54ace0c19a920ef3,auto-detected
F003833,P161,W33,scrollable-region-focusable,2.1.1;2.1.3,A,serious,1,.calendar,134b7876a11dd7bd,auto-detected
F003834,P162,W33,empty-heading,,,minor,1,h4,deca4940d2bd025c,auto-detected
F003835,P162,W33,heading-order,,,moderate,2,h4,9199f8687a418272,auto-detected
F003836,P162,W33,heading-order,,,moderate,2,h6,1c9f47aa0727e7fa,auto-detected
F003837,P162,W33,link-name,2.4.4;4.1.2,A,serious,1,"div:nth-child(1) > a[rel=""noopener noreferrer""][target=""_blank""]",583a24a57a04754e,auto-detected
F003838,P162,W33,region,,,moderate,1,.scroll-to-top,351aea6f2a32eeee,auto-detected
F003839,P163,W33,heading-order,,,moderate,1,h6,e60419faa1460938,auto-detected
F003840,P163,W33,link-name,2.4.4;4.1.2,A,serious,19,.card_custom2-image > a,3f01dab615eb60d7,auto-detected
F003841,P163,W33,link-name,2.4.4;4.1.2,A,serious,19,".cloned.owl-item:nth-child(1) > div > a[href$=""kemensos.go.id/""][rel=""noopener noreferrer""][target=""_blank""]",17b21272deaa1b26,auto-detected
F003842,P163,W33,link-name,2.4.4;4.1.2,A,serious,19,".cloned.owl-item:nth-child(2) > div > a[href$=""bkn.go.id/""][rel=""noopener noreferrer""][target=""_blank""]",69bf35aa3b4e4d2d,auto-detected
F003843,P163,W33,link-name,2.4.4;4.1.2,A,serious,19,".cloned.owl-item:nth-child(3) > div > a[href$=""papua.go.id/""][rel=""noopener noreferrer""][target=""_blank""]",3274ee1fbce3f474,auto-detected
F003844,P163,W33,link-name,2.4.4;4.1.2,A,serious,19,".cloned.owl-item:nth-child(4) > div > a[rel=""noopener noreferrer""][target=""_blank""]",0c27eb8174386544,auto-detected
F003845,P163,W33,link-name,2.4.4;4.1.2,A,serious,19,".cloned.owl-item:nth-child(5) > div > a[href$=""kemensos.go.id/""][rel=""noopener noreferrer""][target=""_blank""]",64140d43420d462f,auto-detected
F003846,P163,W33,link-name,2.4.4;4.1.2,A,serious,19,".cloned.owl-item:nth-child(6) > div > a[href$=""bkn.go.id/""][rel=""noopener noreferrer""][target=""_blank""]",57ccbc6ebeefe932,auto-detected
F003847,P163,W33,link-name,2.4.4;4.1.2,A,serious,19,".cloned.owl-item:nth-child(7) > div > a[href$=""papua.go.id/""][rel=""noopener noreferrer""][target=""_blank""]",6a1e5e5741dcab42,auto-detected
F003848,P163,W33,link-name,2.4.4;4.1.2,A,serious,19,".owl-item:nth-child(8) > div > a[rel=""noopener noreferrer""][target=""_blank""]",f29b8ff53555be55,auto-detected
F003849,P163,W33,link-name,2.4.4;4.1.2,A,serious,19,".active.owl-item:nth-child(9) > div > a[href$=""kemensos.go.id/""][rel=""noopener noreferrer""][target=""_blank""]",5c1f3facae05ebe7,auto-detected
F003850,P163,W33,link-name,2.4.4;4.1.2,A,serious,19,".active.owl-item:nth-child(10) > div > a[href$=""bkn.go.id/""][rel=""noopener noreferrer""][target=""_blank""]",1774ef45a8c547d2,auto-detected
F003851,P163,W33,link-name,2.4.4;4.1.2,A,serious,19,".active.owl-item:nth-child(11) > div > a[href$=""papua.go.id/""][rel=""noopener noreferrer""][target=""_blank""]",9097547f9ac4bb82,auto-detected
F003852,P163,W33,link-name,2.4.4;4.1.2,A,serious,19,".current > div > a[rel=""noopener noreferrer""][target=""_blank""]",633b68f19222982c,auto-detected
F003853,P163,W33,link-name,2.4.4;4.1.2,A,serious,19,".active.cloned.owl-item:nth-child(13) > div > a[href$=""kemensos.go.id/""][rel=""noopener noreferrer""][target=""_blank""]",692389813be2e696,auto-detected
F003854,P163,W33,link-name,2.4.4;4.1.2,A,serious,19,".active.cloned.owl-item:nth-child(14) > div > a[href$=""bkn.go.id/""][rel=""noopener noreferrer""][target=""_blank""]",6e967b6e84b5ee36,auto-detected
F003855,P163,W33,link-name,2.4.4;4.1.2,A,serious,19,".active.cloned.owl-item:nth-child(15) > div > a[href$=""papua.go.id/""][rel=""noopener noreferrer""][target=""_blank""]",424ba7ac4b4f28a8,auto-detected
F003856,P163,W33,link-name,2.4.4;4.1.2,A,serious,19,".cloned.owl-item:nth-child(16) > div > a[rel=""noopener noreferrer""][target=""_blank""]",325f74a72b6258f7,auto-detected
F003857,P163,W33,link-name,2.4.4;4.1.2,A,serious,19,".cloned.owl-item:nth-child(17) > div > a[href$=""kemensos.go.id/""][rel=""noopener noreferrer""][target=""_blank""]",6cf031c052034ea2,auto-detected
F003858,P163,W33,link-name,2.4.4;4.1.2,A,serious,19,".cloned.owl-item:nth-child(18) > div > a[href$=""bkn.go.id/""][rel=""noopener noreferrer""][target=""_blank""]",a3ff1185a414cd18,auto-detected
F003859,P163,W33,region,,,moderate,1,.scroll-to-top,b762d04977f07c26,auto-detected
F003860,P164,W33,color-contrast,1.4.3,AA,serious,6,#popularposts > .simple-post-list > li:nth-child(1) > .post-info > .post-meta,79ebd542b804373b,auto-detected
F003861,P164,W33,color-contrast,1.4.3,AA,serious,6,#popularposts > .simple-post-list > li:nth-child(2) > .post-info > .post-meta,0e59e9f929b9dae2,auto-detected
F003862,P164,W33,color-contrast,1.4.3,AA,serious,6,#popularposts > .simple-post-list > li:nth-child(3) > .post-info > .post-meta,4a89bd40199d6bb7,auto-detected
F003863,P164,W33,color-contrast,1.4.3,AA,serious,6,#popularposts > .simple-post-list > li:nth-child(4) > .post-info > .post-meta,2a9088f23bc00aa8,auto-detected
F003864,P164,W33,color-contrast,1.4.3,AA,serious,6,#popularposts > .simple-post-list > li:nth-child(5) > .post-info > .post-meta,75b1aafab584fff9,auto-detected
F003865,P164,W33,color-contrast,1.4.3,AA,serious,6,#popularposts > .simple-post-list > li:nth-child(6) > .post-info > .post-meta,d9b1f96c80b8eb6d,auto-detected
F003866,P164,W33,heading-order,,,moderate,2,.card_custom:nth-child(1) > .card_custom-body > h4,1e3cbe329ccd6ab2,auto-detected
F003867,P164,W33,heading-order,,,moderate,2,h6,fd45047176cd7d90,auto-detected
F003868,P164,W33,link-name,2.4.4;4.1.2,A,serious,7,#popularposts > .simple-post-list > li:nth-child(1) > .post-image > .img-thumbnail.img-thumbnail-no-borders.d-block > a,ac524dffd3bac3c1,auto-detected
F003869,P164,W33,link-name,2.4.4;4.1.2,A,serious,7,#popularposts > .simple-post-list > li:nth-child(2) > .post-image > .img-thumbnail.img-thumbnail-no-borders.d-block > a,b4a7486188c2b4c3,auto-detected
F003870,P164,W33,link-name,2.4.4;4.1.2,A,serious,7,#popularposts > .simple-post-list > li:nth-child(3) > .post-image > .img-thumbnail.img-thumbnail-no-borders.d-block > a,edf9fda7df07d201,auto-detected
F003871,P164,W33,link-name,2.4.4;4.1.2,A,serious,7,#popularposts > .simple-post-list > li:nth-child(4) > .post-image > .img-thumbnail.img-thumbnail-no-borders.d-block > a,8950b43a63f091d4,auto-detected
F003872,P164,W33,link-name,2.4.4;4.1.2,A,serious,7,#popularposts > .simple-post-list > li:nth-child(5) > .post-image > .img-thumbnail.img-thumbnail-no-borders.d-block > a,bef477d3a5ec887e,auto-detected
F003873,P164,W33,link-name,2.4.4;4.1.2,A,serious,7,#popularposts > .simple-post-list > li:nth-child(6) > .post-image > .img-thumbnail.img-thumbnail-no-borders.d-block > a,593ae87b0f1111f8,auto-detected
F003874,P164,W33,link-name,2.4.4;4.1.2,A,serious,7,"div:nth-child(1) > a[rel=""noopener noreferrer""][target=""_blank""]",4416dd354b370a8a,auto-detected
F003875,P164,W33,region,,,moderate,1,.scroll-to-top,c19100745a904116,auto-detected
F003876,P165,W33,heading-order,,,moderate,1,h6,35661e55843f0a44,auto-detected
F003877,P165,W33,link-name,2.4.4;4.1.2,A,serious,19,.card_custom2-image > a,21770489bff4576d,auto-detected
F003878,P165,W33,link-name,2.4.4;4.1.2,A,serious,19,".cloned.owl-item:nth-child(1) > div > a[href$=""kemensos.go.id/""][rel=""noopener noreferrer""][target=""_blank""]",a10eeebbf76599c1,auto-detected
F003879,P165,W33,link-name,2.4.4;4.1.2,A,serious,19,".cloned.owl-item:nth-child(2) > div > a[href$=""bkn.go.id/""][rel=""noopener noreferrer""][target=""_blank""]",40fae542e8d7341e,auto-detected
F003880,P165,W33,link-name,2.4.4;4.1.2,A,serious,19,".cloned.owl-item:nth-child(3) > div > a[href$=""papua.go.id/""][rel=""noopener noreferrer""][target=""_blank""]",c02c332229b98953,auto-detected
F003881,P165,W33,link-name,2.4.4;4.1.2,A,serious,19,".cloned.owl-item:nth-child(4) > div > a[rel=""noopener noreferrer""][target=""_blank""]",f1d3405e017a5707,auto-detected
F003882,P165,W33,link-name,2.4.4;4.1.2,A,serious,19,".cloned.owl-item:nth-child(5) > div > a[href$=""kemensos.go.id/""][rel=""noopener noreferrer""][target=""_blank""]",2deec6a74b967e76,auto-detected
F003883,P165,W33,link-name,2.4.4;4.1.2,A,serious,19,".cloned.owl-item:nth-child(6) > div > a[href$=""bkn.go.id/""][rel=""noopener noreferrer""][target=""_blank""]",44e618cb31774675,auto-detected
F003884,P165,W33,link-name,2.4.4;4.1.2,A,serious,19,".cloned.owl-item:nth-child(7) > div > a[href$=""papua.go.id/""][rel=""noopener noreferrer""][target=""_blank""]",0a9912378a4d2c45,auto-detected
F003885,P165,W33,link-name,2.4.4;4.1.2,A,serious,19,".owl-item:nth-child(8) > div > a[rel=""noopener noreferrer""][target=""_blank""]",ccd05657ab6ea2f1,auto-detected
F003886,P165,W33,link-name,2.4.4;4.1.2,A,serious,19,".active.owl-item:nth-child(9) > div > a[href$=""kemensos.go.id/""][rel=""noopener noreferrer""][target=""_blank""]",27f9d4b40feb0d7a,auto-detected
F003887,P165,W33,link-name,2.4.4;4.1.2,A,serious,19,".active.owl-item:nth-child(10) > div > a[href$=""bkn.go.id/""][rel=""noopener noreferrer""][target=""_blank""]",35eafefd7597a7d8,auto-detected
F003888,P165,W33,link-name,2.4.4;4.1.2,A,serious,19,".active.owl-item:nth-child(11) > div > a[href$=""papua.go.id/""][rel=""noopener noreferrer""][target=""_blank""]",a75284c0b9064f30,auto-detected
F003889,P165,W33,link-name,2.4.4;4.1.2,A,serious,19,".current > div > a[rel=""noopener noreferrer""][target=""_blank""]",59da2c969d7a4930,auto-detected
F003890,P165,W33,link-name,2.4.4;4.1.2,A,serious,19,".active.cloned.owl-item:nth-child(13) > div > a[href$=""kemensos.go.id/""][rel=""noopener noreferrer""][target=""_blank""]",6a6a5e275331691d,auto-detected
F003891,P165,W33,link-name,2.4.4;4.1.2,A,serious,19,".active.cloned.owl-item:nth-child(14) > div > a[href$=""bkn.go.id/""][rel=""noopener noreferrer""][target=""_blank""]",7f60a082c93edd9d,auto-detected
F003892,P165,W33,link-name,2.4.4;4.1.2,A,serious,19,".active.cloned.owl-item:nth-child(15) > div > a[href$=""papua.go.id/""][rel=""noopener noreferrer""][target=""_blank""]",4108df8d303880ed,auto-detected
F003893,P165,W33,link-name,2.4.4;4.1.2,A,serious,19,".cloned.owl-item:nth-child(16) > div > a[rel=""noopener noreferrer""][target=""_blank""]",a18f0aec4ef15331,auto-detected
F003894,P165,W33,link-name,2.4.4;4.1.2,A,serious,19,".cloned.owl-item:nth-child(17) > div > a[href$=""kemensos.go.id/""][rel=""noopener noreferrer""][target=""_blank""]",f622b90e42180f59,auto-detected
F003895,P165,W33,link-name,2.4.4;4.1.2,A,serious,19,".cloned.owl-item:nth-child(18) > div > a[href$=""bkn.go.id/""][rel=""noopener noreferrer""][target=""_blank""]",51a04087aaee9166,auto-detected
F003896,P165,W33,region,,,moderate,1,.scroll-to-top,e5a8a1f40539c162,auto-detected
F003897,P166,W34,aria-allowed-role,,,minor,2,".tranding-carousel > .owl-nav > .owl-prev[type=""button""][role=""presentation""]",6b73a502817d6e4c,auto-detected
F003898,P166,W34,aria-allowed-role,,,minor,2,".tranding-carousel > .owl-nav > .owl-next[type=""button""][role=""presentation""]",ecbe510a3e025e76,auto-detected
F003899,P166,W34,aria-hidden-focus,4.1.2,A,serious,1,#share-actions,c5b07a042b964a2f,auto-detected
F003900,P166,W34,button-name,4.1.2,A,critical,7,".owl-dot[role=""button""]:nth-child(1)",b2471b170077f250,auto-detected
F003901,P166,W34,button-name,4.1.2,A,critical,7,".active.owl-dot[role=""button""]",87a4c6ae723b60ef,auto-detected
F003902,P166,W34,button-name,4.1.2,A,critical,7,".owl-dot[role=""button""]:nth-child(3)",374d3b3150ab9c6b,auto-detected
F003903,P166,W34,button-name,4.1.2,A,critical,7,".owl-dot[role=""button""]:nth-child(4)",56f38ec4fb87c576,auto-detected
F003904,P166,W34,button-name,4.1.2,A,critical,7,".owl-dot[role=""button""]:nth-child(5)",38c0b66ec9487a13,auto-detected
F003905,P166,W34,button-name,4.1.2,A,critical,7,".tranding-carousel > .owl-nav > .owl-prev[type=""button""][role=""presentation""]",2bf1b59a7d270a93,auto-detected
F003906,P166,W34,button-name,4.1.2,A,critical,7,".tranding-carousel > .owl-nav > .owl-next[type=""button""][role=""presentation""]",f16ebeaa042254ee,auto-detected
F003907,P166,W34,color-contrast,1.4.3,AA,serious,37,.col-md-6.px-0:nth-child(1) > .d-block.img-thumbnail.position-relative > .overlay1 > .mb-2 > .badge.text-small.p-2,b973e13ccb2f1d21,auto-detected
F003908,P166,W34,color-contrast,1.4.3,AA,serious,37,.col-md-6.px-0:nth-child(2) > .d-block.img-thumbnail.position-relative > .overlay1 > .mb-2 > .badge.text-small.p-2,59fc4928fb2572b4,auto-detected
F003909,P166,W34,color-contrast,1.4.3,AA,serious,37,.col-md-6.px-0:nth-child(3) > .d-block.img-thumbnail.position-relative > .overlay1 > .mb-2 > .badge.text-small.p-2,b66040a489ca0614,auto-detected
F003910,P166,W34,color-contrast,1.4.3,AA,serious,37,.col-md-6.px-0:nth-child(4) > .d-block.img-thumbnail.position-relative > .overlay1 > .mb-2 > .badge.text-small.p-2,4ea971c6b7410d72,auto-detected
F003911,P166,W34,color-contrast,1.4.3,AA,serious,37,.py-2.text-center.font-weight-medium,58621da85d0a5df0,auto-detected
F003912,P166,W34,color-contrast,1.4.3,AA,serious,37,#month-picker,0c6ba90d68cc8ab1,auto-detected
F003913,P166,W34,color-contrast,1.4.3,AA,serious,37,#year,68d7df5f38271272,auto-detected
F003914,P166,W34,color-contrast,1.4.3,AA,serious,37,.calendar-week-days > div:nth-child(1),439749c9d843572b,auto-detected
F003915,P166,W34,color-contrast,1.4.3,AA,serious,37,.calendar-week-days > div:nth-child(2),4cf98bbec54c6df4,auto-detected
F003916,P166,W34,color-contrast,1.4.3,AA,serious,37,.calendar-week-days > div:nth-child(3),c3ff04dfe211429a,auto-detected
F003917,P166,W34,color-contrast,1.4.3,AA,serious,37,.calendar-week-days > div:nth-child(4),24f0b7ba70946dee,auto-detected
F003918,P166,W34,color-contrast,1.4.3,AA,serious,37,.calendar-week-days > div:nth-child(5),238dddff65886b13,auto-detected
F003919,P166,W34,color-contrast,1.4.3,AA,serious,37,.calendar-week-days > div:nth-child(6),622d389ac581b728,auto-detected
F003920,P166,W34,color-contrast,1.4.3,AA,serious,37,.calendar-week-days > div:nth-child(7),98a09b74b8f99f39,auto-detected
F003921,P166,W34,color-contrast,1.4.3,AA,serious,37,.day-text-formate,c4ce64f84748ca17,auto-detected
F003922,P166,W34,color-contrast,1.4.3,AA,serious,37,.col-lg-8 > .col-12 > .section-title.border-radius > .text-secondary.font-weight-medium.text-decoration-none,2dcdbbfe88df1a89,auto-detected
F003923,P166,W34,color-contrast,1.4.3,AA,serious,37,.col-lg-4 > .col-12 > .section-title.border-radius > .text-secondary.font-weight-medium.text-decoration-none,5e6a42d9e3b64e54,auto-detected
F003924,P166,W34,color-contrast,1.4.3,AA,serious,37,li:nth-child(1) > article > .post-info > .post-meta,900a40e392b05b07,auto-detected
F003925,P166,W34,color-contrast,1.4.3,AA,serious,37,li:nth-child(2) > article > .post-info > .post-meta,77ecaa099484c66c,auto-detected
F003926,P166,W34,color-contrast,1.4.3,AA,serious,37,li:nth-child(3) > article > .post-info > .post-meta,cb9aa3955d89f6c6,auto-detected
F003927,P166,W34,color-contrast,1.4.3,AA,serious,37,li:nth-child(4) > article > .post-info > .post-meta,ddae861413bb4aad,auto-detected
F003928,P166,W34,color-contrast,1.4.3,AA,serious,37,li:nth-child(5) > article > .post-info > .post-meta,ca5395ee120b1b5e,auto-detected
F003929,P166,W34,color-contrast,1.4.3,AA,serious,37,li:nth-child(6) > article > .post-info > .post-meta,756e3fe9a054ada8,auto-detected
F003930,P166,W34,color-contrast,1.4.3,AA,serious,37,strong,86931850ce436025,auto-detected
F003931,P166,W34,color-contrast,1.4.3,AA,serious,37,.mb-5 > h5,86bf4bae894fc094,auto-detected
F003932,P166,W34,color-contrast,1.4.3,AA,serious,37,.pb-1.mb-2:nth-child(1),3324e056dc8cbb24,auto-detected
F003933,P166,W34,color-contrast,1.4.3,AA,serious,37,.pb-1.mb-2:nth-child(1) > .line-height-1.font-weight-normal.d-block,33b846182ac256ca,auto-detected
F003934,P166,W34,color-contrast,1.4.3,AA,serious,37,.pb-1.mb-2:nth-child(2) > .line-height-1.font-weight-normal.d-block,1514e1a42f36b183,auto-detected
F003935,P166,W34,color-contrast,1.4.3,AA,serious,37,.pb-1.mb-2:nth-child(3) > .line-height-1.font-weight-normal.d-block,d669404c3ff08936,auto-detected
F003936,P166,W34,color-contrast,1.4.3,AA,serious,37,.pb-1.mb-2:nth-child(3) > .text-color-light:nth-child(2),46898f5e8b6ccaec,auto-detected
F003937,P166,W34,color-contrast,1.4.3,AA,serious,37,.mt-sm-0,e30b6de4ae21a219,auto-detected
F003938,P166,W34,color-contrast,1.4.3,AA,serious,37,li:nth-child(1) > .link-hover-style-1.ms-1.ms-2,e08ef0e1eac92de5,auto-detected
F003939,P166,W34,color-contrast,1.4.3,AA,serious,37,li:nth-child(2) > .link-hover-style-1.ms-1.ms-2,9cc6a814985d6df2,auto-detected
F003940,P166,W34,color-contrast,1.4.3,AA,serious,37,li:nth-child(3) > .link-hover-style-1.ms-1.ms-2,c8f1bba2a29b4e7f,auto-detected
F003941,P166,W34,color-contrast,1.4.3,AA,serious,37,li:nth-child(4) > .link-hover-style-1.ms-1.ms-2,5c8cb5db7da0c8d6,auto-detected
F003942,P166,W34,color-contrast,1.4.3,AA,serious,37,li:nth-child(5) > .link-hover-style-1.ms-1.ms-2,86045b8812c7ca8b,auto-detected
F003943,P166,W34,color-contrast,1.4.3,AA,serious,37,li:nth-child(6) > .link-hover-style-1.ms-1.ms-2,a5429b68ffcdc125,auto-detected
F003944,P166,W34,heading-order,,,moderate,2,.col-lg-8 > .section-title.border-radius > h4,50c7edb909327c53,auto-detected
F003945,P166,W34,heading-order,,,moderate,2,.col-lg-4 > .col-12 > .section-title.border-radius > h4,c22c12322c848e7b,auto-detected
F003946,P166,W34,image-alt,1.1.1,A,critical,15,.cloned.owl-item:nth-child(1) > .position-relative.overflow-hidden > .h-100.img-fluid,beaa001b93e260a7,auto-detected
F003947,P166,W34,image-alt,1.1.1,A,critical,15,.cloned.owl-item:nth-child(2) > .position-relative.overflow-hidden > .h-100.img-fluid,7fe1b00bfe4b43e5,auto-detected
F003948,P166,W34,image-alt,1.1.1,A,critical,15,.cloned.owl-item:nth-child(3) > .position-relative.overflow-hidden > .h-100.img-fluid,3aaa5354982a466d,auto-detected
F003949,P166,W34,image-alt,1.1.1,A,critical,15,.owl-item:nth-child(4) > .position-relative.overflow-hidden > .h-100.img-fluid,fdcdc45cd6ccba9e,auto-detected
F003950,P166,W34,image-alt,1.1.1,A,critical,15,.center > .position-relative.overflow-hidden > .h-100.img-fluid,fa997421f0af1246,auto-detected
F003951,P166,W34,image-alt,1.1.1,A,critical,15,.owl-item:nth-child(6) > .position-relative.overflow-hidden > .h-100.img-fluid,032dd5f048404cee,auto-detected
F003952,P166,W34,image-alt,1.1.1,A,critical,15,.owl-item:nth-child(7) > .position-relative.overflow-hidden > .h-100.img-fluid,4cee2bf32a1d807d,auto-detected
F003953,P166,W34,image-alt,1.1.1,A,critical,15,.owl-item:nth-child(8) > .position-relative.overflow-hidden > .h-100.img-fluid,c28486a7b5783281,auto-detected
F003954,P166,W34,image-alt,1.1.1,A,critical,15,.cloned.owl-item:nth-child(9) > .position-relative.overflow-hidden > .h-100.img-fluid,b3b34d28900ae974,auto-detected
F003955,P166,W34,image-alt,1.1.1,A,critical,15,.cloned.owl-item:nth-child(10) > .position-relative.overflow-hidden > .h-100.img-fluid,a18ebf6acbea9be9,auto-detected
F003956,P166,W34,image-alt,1.1.1,A,critical,15,.cloned.owl-item:nth-child(11) > .position-relative.overflow-hidden > .h-100.img-fluid,5d52d1e43afd115e,auto-detected
F003957,P166,W34,image-alt,1.1.1,A,critical,15,.col-md-6.px-0:nth-child(1) > .d-block.img-thumbnail.position-relative > .w-100.h-100.img-fluid,ffb20f4f35022277,auto-detected
F003958,P166,W34,image-alt,1.1.1,A,critical,15,.col-md-6.px-0:nth-child(2) > .d-block.img-thumbnail.position-relative > .w-100.h-100.img-fluid,a0b38f02c03295b8,auto-detected
F003959,P166,W34,image-alt,1.1.1,A,critical,15,.col-md-6.px-0:nth-child(3) > .d-block.img-thumbnail.position-relative > .w-100.h-100.img-fluid,bdc86436520bb33e,auto-detected
F003960,P166,W34,image-alt,1.1.1,A,critical,15,.col-md-6.px-0:nth-child(4) > .d-block.img-thumbnail.position-relative > .w-100.h-100.img-fluid,25d17a60a4a7c32f,auto-detected
F003961,P166,W34,page-has-heading-one,,,moderate,1,html,8516c2b11193d4ff,auto-detected
F003962,P166,W34,presentation-role-conflict,,,minor,2,".tranding-carousel > .owl-nav > .owl-prev[type=""button""][role=""presentation""]",e248ea9ce22c9cb6,auto-detected
F003963,P166,W34,presentation-role-conflict,,,minor,2,".tranding-carousel > .owl-nav > .owl-next[type=""button""][role=""presentation""]",b6b8b011d75c8e19,auto-detected
F003964,P166,W34,region,,,moderate,2,#floating-share,8411b0ab9a0898ca,auto-detected
F003965,P166,W34,region,,,moderate,2,.scroll-to-top,aaf9430b9bf00a79,auto-detected
F003966,P166,W34,scrollable-region-focusable,2.1.1;2.1.3,A,serious,1,.calendar,fb7c6acccf8d19e6,auto-detected
F003967,P167,W34,aria-hidden-focus,4.1.2,A,serious,1,#share-actions,9fa756f12dc10877,auto-detected
F003968,P167,W34,button-name,4.1.2,A,critical,2,.btn-success,1cba29cb8732bd3b,auto-detected
F003969,P167,W34,button-name,4.1.2,A,critical,2,.btn-primary,95a19c38e3fbe2f3,auto-detected
F003970,P167,W34,color-contrast,1.4.3,AA,serious,14,strong,22e27b2148da9122,auto-detected
F003971,P167,W34,color-contrast,1.4.3,AA,serious,14,.text-4,a161aaead455d269,auto-detected
F003972,P167,W34,color-contrast,1.4.3,AA,serious,14,.pb-1.mb-2:nth-child(1),67ab9426cd62c864,auto-detected
F003973,P167,W34,color-contrast,1.4.3,AA,serious,14,.pb-1.mb-2:nth-child(1) > .d-block.font-weight-normal.line-height-1,5d8f48c657003620,auto-detected
F003974,P167,W34,color-contrast,1.4.3,AA,serious,14,.pb-1.mb-2:nth-child(2) > .d-block.font-weight-normal.line-height-1,d35cc080edbb78e6,auto-detected
F003975,P167,W34,color-contrast,1.4.3,AA,serious,14,.pb-1.mb-2:nth-child(3) > .d-block.font-weight-normal.line-height-1,b798c8b9b785b035,auto-detected
F003976,P167,W34,color-contrast,1.4.3,AA,serious,14,.pb-1.mb-2:nth-child(3) > .text-color-light:nth-child(2),3299f989d89040c4,auto-detected
F003977,P167,W34,color-contrast,1.4.3,AA,serious,14,.mt-4,ec2d04a15b3c9110,auto-detected
F003978,P167,W34,color-contrast,1.4.3,AA,serious,14,li:nth-child(1) > .link-hover-style-1.ms-1.ms-2,d70b3fddb13717d8,auto-detected
F003979,P167,W34,color-contrast,1.4.3,AA,serious,14,li:nth-child(2) > .link-hover-style-1.ms-1.ms-2,99f521af3bb49cfb,auto-detected
F003980,P167,W34,color-contrast,1.4.3,AA,serious,14,li:nth-child(3) > .link-hover-style-1.ms-1.ms-2,4a27e8dd26f8590c,auto-detected
F003981,P167,W34,color-contrast,1.4.3,AA,serious,14,li:nth-child(4) > .link-hover-style-1.ms-1.ms-2,cabf0f8d51d17d6a,auto-detected
F003982,P167,W34,color-contrast,1.4.3,AA,serious,14,li:nth-child(5) > .link-hover-style-1.ms-1.ms-2,ec47e57e24e58345,auto-detected
F003983,P167,W34,color-contrast,1.4.3,AA,serious,14,li:nth-child(6) > .link-hover-style-1.ms-1.ms-2,26608b32dee62234,auto-detected
F003984,P167,W34,heading-order,,,moderate,1,.text-4,0b01db10df31ff87,auto-detected
F003985,P167,W34,link-name,2.4.4;4.1.2,A,serious,3,.card_custom2-image > a,8263fec5be35d107,auto-detected
F003986,P167,W34,link-name,2.4.4;4.1.2,A,serious,3,".berita-tags > a[target=""_blank""]:nth-child(1)",4a667c99c4aec573,auto-detected
F003987,P167,W34,link-name,2.4.4;4.1.2,A,serious,3,".berita-tags > a[target=""_blank""]:nth-child(2)",1bc30df15a1d2138,auto-detected
F003988,P167,W34,region,,,moderate,2,#floating-share,3720a206c9b2e8e1,auto-detected
F003989,P167,W34,region,,,moderate,2,.scroll-to-top,67ee0bab624e6f39,auto-detected
F003990,P168,W34,aria-hidden-focus,4.1.2,A,serious,1,#share-actions,c40a56b7e8eea421,auto-detected
F003991,P168,W34,color-contrast,1.4.3,AA,serious,15,.button-kirim,327f79858f45ae5f,auto-detected
F003992,P168,W34,color-contrast,1.4.3,AA,serious,15,strong,20fff92f1ad33f34,auto-detected
F003993,P168,W34,color-contrast,1.4.3,AA,serious,15,.text-4,3541740b4c2d228f,auto-detected
F003994,P168,W34,color-contrast,1.4.3,AA,serious,15,.pb-1.mb-2:nth-child(1),260a3e4bb8563397,auto-detected
F003995,P168,W34,color-contrast,1.4.3,AA,serious,15,.pb-1.mb-2:nth-child(1) > .d-block.font-weight-normal.line-height-1,b440555aabedf1cb,auto-detected
F003996,P168,W34,color-contrast,1.4.3,AA,serious,15,.pb-1.mb-2:nth-child(2) > .d-block.font-weight-normal.line-height-1,9d614f7f0d21c06d,auto-detected
F003997,P168,W34,color-contrast,1.4.3,AA,serious,15,.pb-1.mb-2:nth-child(3) > .d-block.font-weight-normal.line-height-1,582f4de816a39ba8,auto-detected
F003998,P168,W34,color-contrast,1.4.3,AA,serious,15,.pb-1.mb-2:nth-child(3) > .text-color-light:nth-child(2),665e25959bcb9c47,auto-detected
F003999,P168,W34,color-contrast,1.4.3,AA,serious,15,.mt-4,454b5f2957f88dd1,auto-detected
F004000,P168,W34,color-contrast,1.4.3,AA,serious,15,li:nth-child(1) > .link-hover-style-1.ms-1.ms-2,bcdc8535094364b3,auto-detected
F004001,P168,W34,color-contrast,1.4.3,AA,serious,15,li:nth-child(2) > .link-hover-style-1.ms-1.ms-2,92bada5f80da25f1,auto-detected
F004002,P168,W34,color-contrast,1.4.3,AA,serious,15,li:nth-child(3) > .link-hover-style-1.ms-1.ms-2,cfecf5e22f79015d,auto-detected
F004003,P168,W34,color-contrast,1.4.3,AA,serious,15,li:nth-child(4) > .link-hover-style-1.ms-1.ms-2,ea9bc1d87d1d1591,auto-detected
F004004,P168,W34,color-contrast,1.4.3,AA,serious,15,li:nth-child(5) > .link-hover-style-1.ms-1.ms-2,98c1635604698c92,auto-detected
F004005,P168,W34,color-contrast,1.4.3,AA,serious,15,li:nth-child(6) > .link-hover-style-1.ms-1.ms-2,06831f7a63cdab59,auto-detected
F004006,P168,W34,heading-order,,,moderate,1,.text-4,2625bf4458b61aeb,auto-detected
F004007,P168,W34,landmark-main-is-top-level,,,moderate,1,".flex-grow-1 > .main[role=""main""]",463823caccaf499a,auto-detected
F004008,P168,W34,landmark-no-duplicate-main,,,moderate,1,.flex-grow-1,297aa399f26e57f2,auto-detected
F004009,P168,W34,landmark-unique,,,moderate,1,.flex-grow-1,5c118c372181f348,auto-detected
F004010,P168,W34,link-name,2.4.4;4.1.2,A,serious,2,.card-action-toggle,74bd9fe39f5f8f02,auto-detected
F004011,P168,W34,link-name,2.4.4;4.1.2,A,serious,2,.card-action-dismiss,98fcb982ff6fc52a,auto-detected
F004012,P168,W34,region,,,moderate,2,#floating-share,edf29cfa9f603819,auto-detected
F004013,P168,W34,region,,,moderate,2,.scroll-to-top,1ace163817cc72a7,auto-detected
F004014,P169,W34,aria-hidden-focus,4.1.2,A,serious,1,#share-actions,2e6fc06d67370520,auto-detected
F004015,P169,W34,color-contrast,1.4.3,AA,serious,15,.button-kirim,ee3172f256b834c5,auto-detected
F004016,P169,W34,color-contrast,1.4.3,AA,serious,15,strong,97771d8431acb970,auto-detected
F004017,P169,W34,color-contrast,1.4.3,AA,serious,15,.text-4,07fa4b39d83c3497,auto-detected
F004018,P169,W34,color-contrast,1.4.3,AA,serious,15,.pb-1.mb-2:nth-child(1),60082aea10f82ab5,auto-detected
F004019,P169,W34,color-contrast,1.4.3,AA,serious,15,.pb-1.mb-2:nth-child(1) > .d-block.font-weight-normal.line-height-1,b56182bae162a73e,auto-detected
F004020,P169,W34,color-contrast,1.4.3,AA,serious,15,.pb-1.mb-2:nth-child(2) > .d-block.font-weight-normal.line-height-1,01690429200aa02b,auto-detected
F004021,P169,W34,color-contrast,1.4.3,AA,serious,15,.pb-1.mb-2:nth-child(3) > .d-block.font-weight-normal.line-height-1,92901bb63cf86af2,auto-detected
F004022,P169,W34,color-contrast,1.4.3,AA,serious,15,.pb-1.mb-2:nth-child(3) > .text-color-light:nth-child(2),ebe4f02639b092ef,auto-detected
F004023,P169,W34,color-contrast,1.4.3,AA,serious,15,.mt-4,6c33e79d25905faf,auto-detected
F004024,P169,W34,color-contrast,1.4.3,AA,serious,15,li:nth-child(1) > .link-hover-style-1.ms-1.ms-2,35c50b83a09d80e1,auto-detected
F004025,P169,W34,color-contrast,1.4.3,AA,serious,15,li:nth-child(2) > .link-hover-style-1.ms-1.ms-2,48dc6f7ebab9eabf,auto-detected
F004026,P169,W34,color-contrast,1.4.3,AA,serious,15,li:nth-child(3) > .link-hover-style-1.ms-1.ms-2,70c78e70ff21f376,auto-detected
F004027,P169,W34,color-contrast,1.4.3,AA,serious,15,li:nth-child(4) > .link-hover-style-1.ms-1.ms-2,281ba5185f42aa57,auto-detected
F004028,P169,W34,color-contrast,1.4.3,AA,serious,15,li:nth-child(5) > .link-hover-style-1.ms-1.ms-2,9954308556f7caef,auto-detected
F004029,P169,W34,color-contrast,1.4.3,AA,serious,15,li:nth-child(6) > .link-hover-style-1.ms-1.ms-2,14f9ba105b259b60,auto-detected
F004030,P169,W34,heading-order,,,moderate,1,.text-4,8191feb51e9226cf,auto-detected
F004031,P169,W34,label,4.1.2,A,critical,1,.h-auto,43ffcd2ea5f0c41b,auto-detected
F004032,P169,W34,landmark-main-is-top-level,,,moderate,1,".flex-grow-1 > .main[role=""main""]",6273a8487f2d7b3e,auto-detected
F004033,P169,W34,landmark-no-duplicate-main,,,moderate,1,.flex-grow-1,d8f042379db4ae31,auto-detected
F004034,P169,W34,landmark-unique,,,moderate,1,.flex-grow-1,e5fb8028a68ed531,auto-detected
F004035,P169,W34,link-name,2.4.4;4.1.2,A,serious,2,.card-action-toggle,99a5bc003e39b111,auto-detected
F004036,P169,W34,link-name,2.4.4;4.1.2,A,serious,2,.card-action-dismiss,b8a79f01797097f9,auto-detected
F004037,P169,W34,region,,,moderate,2,#floating-share,53726c6147f46299,auto-detected
F004038,P169,W34,region,,,moderate,2,.scroll-to-top,a47652ec2a315b50,auto-detected
F004039,P169,W34,select-name,4.1.2,A,critical,1,#identitas,6c7db4b513285242,auto-detected
F004040,P170,W34,aria-hidden-focus,4.1.2,A,serious,1,#share-actions,54be044abddff768,auto-detected
F004041,P170,W34,button-name,4.1.2,A,critical,2,.btn-success,d4670837ba596be6,auto-detected
F004042,P170,W34,button-name,4.1.2,A,critical,2,.btn-primary,582955bde1921c2a,auto-detected
F004043,P170,W34,color-contrast,1.4.3,AA,serious,14,strong,24fcfa7b2a426ce6,auto-detected
F004044,P170,W34,color-contrast,1.4.3,AA,serious,14,.text-4,1d35782b809b7310,auto-detected
F004045,P170,W34,color-contrast,1.4.3,AA,serious,14,.pb-1.mb-2:nth-child(1),7e7e47eca93e7803,auto-detected
F004046,P170,W34,color-contrast,1.4.3,AA,serious,14,.pb-1.mb-2:nth-child(1) > .d-block.font-weight-normal.line-height-1,d4c3d12b8047dc44,auto-detected
F004047,P170,W34,color-contrast,1.4.3,AA,serious,14,.pb-1.mb-2:nth-child(2) > .d-block.font-weight-normal.line-height-1,6fe48e86427b239d,auto-detected
F004048,P170,W34,color-contrast,1.4.3,AA,serious,14,.pb-1.mb-2:nth-child(3) > .d-block.font-weight-normal.line-height-1,6b6eeb7832f84a60,auto-detected
F004049,P170,W34,color-contrast,1.4.3,AA,serious,14,.pb-1.mb-2:nth-child(3) > .text-color-light:nth-child(2),5750ecd69d67512a,auto-detected
F004050,P170,W34,color-contrast,1.4.3,AA,serious,14,.mt-4,0c187c2a4cb94548,auto-detected
F004051,P170,W34,color-contrast,1.4.3,AA,serious,14,li:nth-child(1) > .link-hover-style-1.ms-1.ms-2,0ab5bd8472cf0780,auto-detected
F004052,P170,W34,color-contrast,1.4.3,AA,serious,14,li:nth-child(2) > .link-hover-style-1.ms-1.ms-2,ff49f607999bb21c,auto-detected
F004053,P170,W34,color-contrast,1.4.3,AA,serious,14,li:nth-child(3) > .link-hover-style-1.ms-1.ms-2,2b0e6db91ed961e6,auto-detected
F004054,P170,W34,color-contrast,1.4.3,AA,serious,14,li:nth-child(4) > .link-hover-style-1.ms-1.ms-2,73e45bb9244b0466,auto-detected
F004055,P170,W34,color-contrast,1.4.3,AA,serious,14,li:nth-child(5) > .link-hover-style-1.ms-1.ms-2,bac2ed322ed559fc,auto-detected
F004056,P170,W34,color-contrast,1.4.3,AA,serious,14,li:nth-child(6) > .link-hover-style-1.ms-1.ms-2,3736afb9c245a411,auto-detected
F004057,P170,W34,heading-order,,,moderate,1,.text-4,3d63755d3400a241,auto-detected
F004058,P170,W34,link-name,2.4.4;4.1.2,A,serious,3,.card_custom2-image > a,5a32927dc1e4bea3,auto-detected
F004059,P170,W34,link-name,2.4.4;4.1.2,A,serious,3,".berita-tags > a[target=""_blank""]:nth-child(1)",cb182f43a056e316,auto-detected
F004060,P170,W34,link-name,2.4.4;4.1.2,A,serious,3,".berita-tags > a[target=""_blank""]:nth-child(2)",eddfe09eef5b0229,auto-detected
F004061,P170,W34,region,,,moderate,2,#floating-share,1421aeeff8d0d205,auto-detected
F004062,P170,W34,region,,,moderate,2,.scroll-to-top,a0cdb5c6bf95a950,auto-detected
F004063,P126,W26,color-contrast,1.4.3,AA,serious,10,.elementor-element-6e57bca > .elementor-widget-container > .elementor-button-wrapper > .elementor-size-xl.elementor-button.elementor-button-link > .elementor-button-content-wrapper > .elementor-button-text,a85eaf0ac5a43f86,auto-detected
F004064,P126,W26,color-contrast,1.4.3,AA,serious,10,.elementor-element-f9f3a8b > .elementor-widget-container > .elementor-button-wrapper > .elementor-size-sm.elementor-button.elementor-button-link > .elementor-button-content-wrapper > .elementor-button-text,e3bfbe47b96b812d,auto-detected
F004065,P126,W26,color-contrast,1.4.3,AA,serious,10,"a[href=""https://wa.me/628116662222""] > .elementor-button-content-wrapper > .elementor-button-text",a03393ed0e0f866c,auto-detected
F004066,P126,W26,color-contrast,1.4.3,AA,serious,10,"a[href$=""bc.sultengprov.go.id/""] > .elementor-button-content-wrapper > .elementor-button-text",1fb90548a5236725,auto-detected
F004067,P126,W26,color-contrast,1.4.3,AA,serious,10,.elementor-element-4be76f8 > .elementor-widget-container > .elementor-button-wrapper > .elementor-size-sm.elementor-button.elementor-button-link > .elementor-button-content-wrapper > .elementor-button-text,b6f6b6227cee7299,auto-detected
F004068,P126,W26,color-contrast,1.4.3,AA,serious,10,.elementor-element-7596a37 > .elementor-widget-container > .elementor-button-wrapper > .elementor-size-sm.elementor-button.elementor-button-link > .elementor-button-content-wrapper > .elementor-button-text,50a50cfcce3aba47,auto-detected
F004069,P126,W26,color-contrast,1.4.3,AA,serious,10,.elementor-element-a1c858f > .elementor-widget-container > .elementor-button-wrapper > .elementor-size-sm.elementor-button.elementor-button-link > .elementor-button-content-wrapper > .elementor-button-text,6e4e3efa63fe4b61,auto-detected
F004070,P126,W26,color-contrast,1.4.3,AA,serious,10,.elementor-element-e32bf8f > .elementor-widget-container > .elementor-button-wrapper > .elementor-size-sm.elementor-button.elementor-button-link > .elementor-button-content-wrapper > .elementor-button-text,be145ccb8757c047,auto-detected
F004071,P126,W26,color-contrast,1.4.3,AA,serious,10,.elementor-element-77b79ce > .elementor-widget-container > .elementor-button-wrapper > .elementor-size-sm.elementor-button.elementor-button-link > .elementor-button-content-wrapper > .elementor-button-text,e89b167d1070df6f,auto-detected
F004072,P126,W26,color-contrast,1.4.3,AA,serious,10,"a[href$=""wbs.sultengprov.go.id/""] > .elementor-button-content-wrapper > .elementor-button-text",34bbcbca0c318178,auto-detected
F004073,P126,W26,landmark-one-main,,,moderate,1,html,69d5c4b55f4df101,auto-detected
F004074,P126,W26,page-has-heading-one,,,moderate,1,html,09abdc0fc82d7a1a,auto-detected
F004075,P126,W26,region,,,moderate,31,.elementor-element-3d99111,b3cddee4a6a9dbed,auto-detected
F004076,P126,W26,region,,,moderate,31,.elementor-element-73f815d,eeaae8bd9dee0c7a,auto-detected
F004077,P126,W26,region,,,moderate,31,.elementor-repeater-item-8563ff1 > .elementor-screen-only,46dde5885e4fb4f7,auto-detected
F004078,P126,W26,region,,,moderate,31,.elementor-repeater-item-5953b32 > .elementor-screen-only,5ffd9779284825ed,auto-detected
F004079,P126,W26,region,,,moderate,31,.elementor-repeater-item-696a075 > .elementor-screen-only,37c559e6a11dffa4,auto-detected
F004080,P126,W26,region,,,moderate,31,.elementor-element-983276f,573c70ad10225810,auto-detected
F004081,P126,W26,region,,,moderate,31,.elementor-element-ee60d32 > .elementor-widget-container > .exad-modal > .exad-modal-wrapper > .exad-modal-button.exad-modal-btn-fixed-width-,322aa5e70c7ffd68,auto-detected
F004082,P126,W26,region,,,moderate,31,.elementor-element-cfa5de6,266545086adf82f8,auto-detected
F004083,P126,W26,region,,,moderate,31,.elementor-element-b09e4c9 > .elementor-widget-container > .exad-modal > .exad-modal-wrapper > .exad-modal-button.exad-modal-btn-fixed-width-,5c45c9a6fd43888b,auto-detected
F004084,P126,W26,region,,,moderate,31,.elementor-element-3a62d93,e432fe3b2955a5ef,auto-detected
F004085,P126,W26,region,,,moderate,31,.elementor-element-1531762,3cb01fb2fa22f393,auto-detected
F004086,P126,W26,region,,,moderate,31,.elementor-element-c2efcf5,4e913e0c50b19534,auto-detected
F004087,P126,W26,region,,,moderate,31,.elementor-element-f9f3a8b > .elementor-widget-container > .elementor-button-wrapper > .elementor-size-sm.elementor-button.elementor-button-link > .elementor-button-content-wrapper > .elementor-button-text,07539f9376dd5525,auto-detected
F004088,P126,W26,region,,,moderate,31,".elementor-size-sm.elementor-button[target=""_blank""] > .elementor-button-content-wrapper > .elementor-button-text",8fca932155147ab3,auto-detected
F004089,P126,W26,region,,,moderate,31,.elementor-element-07f7a06,3542c9b1e52d4a58,auto-detected
F004090,P126,W26,region,,,moderate,31,"a[href=""https://wa.me/628116662222""] > .elementor-button-content-wrapper > .elementor-button-text",4887e2287b28a538,auto-detected
F004091,P126,W26,region,,,moderate,31,.elementor-element-5293f3a,5fa6dc84deff5dd0,auto-detected
F004092,P126,W26,region,,,moderate,31,"a[href$=""bc.sultengprov.go.id/""] > .elementor-button-content-wrapper > .elementor-button-text",0df9404069bfbd20,auto-detected
F004093,P126,W26,region,,,moderate,31,.elementor-element-1ee9094,9f681cb833862258,auto-detected
F004094,P126,W26,region,,,moderate,31,.elementor-element-4be76f8 > .elementor-widget-container > .elementor-button-wrapper > .elementor-size-sm.elementor-button.elementor-button-link > .elementor-button-content-wrapper > .elementor-button-text,532b7a4682b3512c,auto-detected
F004095,P126,W26,region,,,moderate,31,.elementor-element-446a3db,4f3ee9080e01dd35,auto-detected
F004096,P126,W26,region,,,moderate,31,.elementor-element-7596a37 > .elementor-widget-container > .elementor-button-wrapper > .elementor-size-sm.elementor-button.elementor-button-link > .elementor-button-content-wrapper > .elementor-button-text,d27b39deadbe0394,auto-detected
F004097,P126,W26,region,,,moderate,31,.elementor-element-a7a56c6,8cdc43d173f90a6f,auto-detected
F004098,P126,W26,region,,,moderate,31,.elementor-element-9f3788e,9d324c168d335528,auto-detected
F004099,P126,W26,region,,,moderate,31,.elementor-element-a1c858f > .elementor-widget-container > .elementor-button-wrapper > .elementor-size-sm.elementor-button.elementor-button-link > .elementor-button-content-wrapper > .elementor-button-text,4f7bef8aa1408bdf,auto-detected
F004100,P126,W26,region,,,moderate,31,.elementor-element-3758cd1,061bbe1254061af7,auto-detected
F004101,P126,W26,region,,,moderate,31,.elementor-element-e32bf8f > .elementor-widget-container > .elementor-button-wrapper > .elementor-size-sm.elementor-button.elementor-button-link > .elementor-button-content-wrapper > .elementor-button-text,e13af28480ab8a71,auto-detected
F004102,P126,W26,region,,,moderate,31,.elementor-element-01cf268,745b710014780435,auto-detected
F004103,P126,W26,region,,,moderate,31,.elementor-element-77b79ce > .elementor-widget-container > .elementor-button-wrapper > .elementor-size-sm.elementor-button.elementor-button-link > .elementor-button-content-wrapper > .elementor-button-text,b4a3463d434d7b8f,auto-detected
F004104,P126,W26,region,,,moderate,31,.elementor-element-9684dd2,5bbc8c162f06a85a,auto-detected
F004105,P126,W26,region,,,moderate,31,"a[href$=""wbs.sultengprov.go.id/""] > .elementor-button-content-wrapper > .elementor-button-text",6b8ec5829997abd4,auto-detected
F004106,P147,W30,html-has-lang,3.1.1,A,serious,1,html,f792ca9510f7c55a,auto-detected
F004107,P147,W30,landmark-one-main,,,moderate,1,html,a7aa279a2de45f4d,auto-detected
F004108,P147,W30,region,,,moderate,2,center:nth-child(1),dc07002dd57ccac8,auto-detected
F004109,P147,W30,region,,,moderate,2,center:nth-child(3),50b24625da57d15a,auto-detected
